source_key,_source_file,_line_no,table
BDA3F23B-B83C-5375-B9B8-3ADB9CD34DC3,candidate_recommendations_synthetic.csv,2,recommendations
FCA1034F-23D1-5C80-B17D-CA82DC3325EB,candidate_recommendations_synthetic.csv,3,recommendations
47CB337B-F9A3-58D9-B496-C84842EE87E3,candidate_recommendations_synthetic.csv,4,recommendations
F9BC2FEC-60D6-5DFF-B4CF-789F8E765BFD,candidate_recommendations_synthetic.csv,5,recommendations
E4CFF24E-3AF0-5FBA-9562-C4393CD711EA,candidate_recommendations_synthetic.csv,6,recommendations
2B7C0193-8AD2-5132-90D6-EC0125159542,candidate_recommendations_synthetic.csv,7,recommendations
B6AEF3F7-49DF-5938-A721-1C9ED30FE32D,candidate_recommendations_synthetic.csv,8,recommendations
AA4D3613-B947-5291-9D6D-08AC58B282CE,candidate_recommendations_synthetic.csv,9,recommendations
49F400C7-67D9-53F7-8C2F-7709D22BA540,candidate_recommendations_synthetic.csv,10,recommendations
55B846CE-0304-5467-83C6-6E6D33550CDF,candidate_recommendations_synthetic.csv,11,recommendations
8689D2D4-7776-5FC8-813D-D63017F0337E,candidate_recommendations_synthetic.csv,12,recommendations
080F0B64-D97A-588D-B40C-A051B359AE52,candidate_recommendations_synthetic.csv,13,recommendations
0ABDF50B-E599-5A0E-AAD7-B3801C204FEF,candidate_recommendations_synthetic.csv,14,recommendations
99EE49D0-F7F6-53CE-8FC9-ACF251077CD3,candidate_recommendations_synthetic.csv,15,recommendations
B9868147-0FE8-5766-9C66-DD78C3C1EBB4,candidate_recommendations_synthetic.csv,16,recommendations
EE1AC5CF-17E4-5D7C-BA29-EA983FBBF170,candidate_recommendations_synthetic.csv,17,recommendations
5A705A98-7EAC-500C-AD19-08E66229D28F,candidate_recommendations_synthetic.csv,18,recommendations
62C92069-66BF-5B0B-ADBA-8D0357CE459C,candidate_recommendations_synthetic.csv,19,recommendations
A8B6980C-FFB9-5F9B-92BA-AF12781ABDDE,candidate_recommendations_synthetic.csv,20,recommendations
4A5DFB3F-03B5-5B3F-9852-099CA5A15225,candidate_recommendations_synthetic.csv,21,recommendations
1A9526DC-BD8E-563C-9E4A-9481E88601A5,candidate_recommendations_synthetic.csv,22,recommendations
6E503269-36A0-59E5-B29F-D2C65C57CAD6,candidate_recommendations_synthetic.csv,23,recommendations
D41ABD3A-44E1-5B49-8488-2C6805F30B64,candidate_recommendations_synthetic.csv,24,recommendations
E568186B-E969-5A74-8996-D72CACB495FD,candidate_recommendations_synthetic.csv,25,recommendations
48766B60-7B8E-5227-9A4F-9E77EE26141C,candidate_recommendations_synthetic.csv,26,recommendations
01BB90D3-8967-5A5C-BB61-08A07D8CD947,candidate_recommendations_synthetic.csv,27,recommendations
F6CDB34F-475C-5C74-9BD0-6D017DAE3754,candidate_recommendations_synthetic.csv,28,recommendations
BCB3BCE4-83EF-5273-AD5F-98501BE8DF60,candidate_recommendations_synthetic.csv,29,recommendations
151CE54D-EAED-5C4E-AB65-6E225058176E,candidate_recommendations_synthetic.csv,30,recommendations
3DFD73B3-FBE4-5BE2-878B-AEB993A47967,candidate_recommendations_synthetic.csv,31,recommendations
D452B305-237F-578C-8664-5FBE4C1C73B1,candidate_recommendations_synthetic.csv,32,recommendations
02C72F35-6DF2-535C-B881-73EEA4BDEF64,candidate_recommendations_synthetic.csv,33,recommendations
CDAC1DFC-07F5-5AAA-ACF7-174A83106211,candidate_recommendations_synthetic.csv,34,recommendations
6BC3F466-8A3A-514B-95C5-ED43F221577D,candidate_recommendations_synthetic.csv,35,recommendations
CA7C91FE-A31E-543B-BE95-6F3A9B18244F,candidate_recommendations_synthetic.csv,36,recommendations
667DEBCE-B100-5059-AB1C-8388525FC762,candidate_recommendations_synthetic.csv,37,recommendations
F883E21C-4C88-5C86-BDED-808DCF101BE6,candidate_recommendations_synthetic.csv,38,recommendations
1D8B5ABD-A06B-5E37-8158-A9DB10FE3BE6,candidate_recommendations_synthetic.csv,39,recommendations
A60C347B-ED09-5433-86AE-8FA97C612F60,candidate_recommendations_synthetic.csv,40,recommendations
8557A22F-14B2-5381-8DF2-0E4F62B7D0FD,candidate_recommendations_synthetic.csv,41,recommendations
420901AD-1690-56B1-A54B-E45F7104461D,candidate_recommendations_synthetic.csv,42,recommendations
0AF976E8-609F-54B4-93A9-F5FFB2C89CC2,candidate_recommendations_synthetic.csv,43,recommendations
80674DED-4AF0-56B4-A82F-676B047FD1F9,candidate_recommendations_synthetic.csv,44,recommendations
7663F6FC-3144-5397-8DC5-49CF05A78783,candidate_recommendations_synthetic.csv,45,recommendations
55B1F533-E637-592C-BE49-07B3119C93B6,candidate_recommendations_synthetic.csv,46,recommendations
A8A251E0-1271-51D8-829F-8F673FA25406,candidate_recommendations_synthetic.csv,47,recommendations
4FEFE8DE-C128-57D8-B2A9-D05EA011ABBB,candidate_recommendations_synthetic.csv,48,recommendations
E79AFB8F-D81A-5126-9812-31F64FF56B0A,candidate_recommendations_synthetic.csv,49,recommendations
06BC0CE1-AE47-507E-B88E-0EB0637E5F30,candidate_recommendations_synthetic.csv,50,recommendations
B69CE732-6878-52F2-B41E-F0F303A6AA18,candidate_recommendations_synthetic.csv,51,recommendations
8E68A5E4-3124-5DE1-83AC-BC1848ADCF30,candidate_recommendations_synthetic.csv,52,recommendations
83143D05-79E7-5E13-A6B3-388172D0E91B,candidate_recommendations_synthetic.csv,53,recommendations
759A5D7C-67A7-5818-9E6B-4AE49EFD060E,candidate_recommendations_synthetic.csv,54,recommendations
4C8C42C1-3F2D-5A4E-9498-4339912973B6,candidate_recommendations_synthetic.csv,55,recommendations
AA1B3880-0BFC-59AA-9F23-5D92CD2AB166,candidate_recommendations_synthetic.csv,56,recommendations
335D7797-1267-5040-9BF3-15F2B103E058,candidate_recommendations_synthetic.csv,57,recommendations
DD61D49A-852D-59C9-A7F8-0A85B6E85478,candidate_recommendations_synthetic.csv,58,recommendations
CB3BA2FD-86CC-5ED9-964B-70C0E700498A,candidate_recommendations_synthetic.csv,59,recommendations
5D11E6ED-86BC-5114-830E-943F22D3FAC8,candidate_recommendations_synthetic.csv,60,recommendations
DD68F5D5-574A-5056-8841-6CB4192055E7,candidate_recommendations_synthetic.csv,61,recommendations
16FFFD30-47D9-5AA6-A381-643CA1A3FEF3,candidate_recommendations_synthetic.csv,62,recommendations
15913DBE-7013-549B-946D-3D6DA7AE3777,candidate_recommendations_synthetic.csv,63,recommendations
5EC7789B-6A39-584A-B525-208F59B83E86,candidate_recommendations_synthetic.csv,64,recommendations
ECEDBC9C-312B-51DC-942B-9D9E32887D58,candidate_recommendations_synthetic.csv,65,recommendations
AF23A561-1794-5CA1-B10C-3628EECCF466,candidate_recommendations_synthetic.csv,66,recommendations
07784854-7BC7-5ECA-BDD4-CACF4FB75117,candidate_recommendations_synthetic.csv,67,recommendations
13F23BCD-52EF-574F-ACC6-7AB94AFF9049,candidate_recommendations_synthetic.csv,68,recommendations
97E544B0-E0F2-5A44-8A8C-DF6E49262D21,candidate_recommendations_synthetic.csv,69,recommendations
30AE404E-D939-5FBD-8E73-82C169F926FA,candidate_recommendations_synthetic.csv,70,recommendations
1BC27665-96A3-5886-8EDB-570805D8AC2B,candidate_recommendations_synthetic.csv,71,recommendations
03DE83EF-F14A-5D54-A2FD-1A335C2D63BE,candidate_recommendations_synthetic.csv,72,recommendations
F2879B3F-447F-597F-B8D9-0CBF58C47571,candidate_recommendations_synthetic.csv,73,recommendations
82E89912-889D-5A64-81E0-285A66F4F551,candidate_recommendations_synthetic.csv,74,recommendations
B518C2FF-B887-551B-A7F9-1C0EE751CFCF,candidate_recommendations_synthetic.csv,75,recommendations
3B5928D4-F434-5749-A27B-AB4C1BAB75E5,candidate_recommendations_synthetic.csv,76,recommendations
937A167C-CBC9-54DF-9EB1-DFD136CAD1D1,candidate_recommendations_synthetic.csv,77,recommendations
762C94BB-F99F-58F7-AA2E-115A876D1499,candidate_recommendations_synthetic.csv,78,recommendations
E222D60A-6B36-51B3-8397-D5CF6C5572CF,candidate_recommendations_synthetic.csv,79,recommendations
647685C4-BD16-5B05-BF48-224E90967B1C,candidate_recommendations_synthetic.csv,80,recommendations
AC374E79-DCC5-5449-BA1A-E2E8A323C8B3,candidate_recommendations_synthetic.csv,81,recommendations
B13508E2-8CB0-595E-803A-083438893C79,candidate_recommendations_synthetic.csv,82,recommendations
53D0944B-7E8C-523D-AD45-43CF3C0E1ECC,candidate_recommendations_synthetic.csv,83,recommendations
1776443C-40AD-5505-8CE0-36F14142D18C,candidate_recommendations_synthetic.csv,84,recommendations
8940668C-190D-5BCB-95FD-A9FCAD3A0A50,candidate_recommendations_synthetic.csv,85,recommendations
1DF480F4-4F01-5A4A-A0FE-B2851472B411,candidate_recommendations_synthetic.csv,86,recommendations
7E96F35C-0C2F-54B8-98B1-52354D151D67,candidate_recommendations_synthetic.csv,87,recommendations
2866BB0A-D294-5C24-99D2-7179D7D8364C,candidate_recommendations_synthetic.csv,88,recommendations
70C5D805-8AAC-56F1-99F0-208C9D1DBBB6,candidate_recommendations_synthetic.csv,89,recommendations
33C68A96-F0D2-56B2-8383-F0E7C98CEDFB,candidate_recommendations_synthetic.csv,90,recommendations
30A919A5-B07D-5B43-8FFC-C5BB2E05CDD2,candidate_recommendations_synthetic.csv,91,recommendations
0FC9E8DF-2F7A-5B37-96BC-8768551066DE,candidate_recommendations_synthetic.csv,92,recommendations
940880BA-AB7B-5C5E-BE24-71B87B5D25BE,candidate_recommendations_synthetic.csv,93,recommendations
2C6AA0B0-74B8-5881-AF7F-A0E4DC68084E,candidate_recommendations_synthetic.csv,94,recommendations
379AF3A2-F022-5112-8FBC-475F91FA6D97,candidate_recommendations_synthetic.csv,95,recommendations
4265656C-7A38-5B04-870F-0382345E46B7,candidate_recommendations_synthetic.csv,96,recommendations
7B87D561-B90D-5BFD-97D7-06E49347CFC4,candidate_recommendations_synthetic.csv,97,recommendations
80342D18-DE48-5965-9D36-F804CFB33A6A,candidate_recommendations_synthetic.csv,98,recommendations
E4649EAD-58A5-57C7-8B46-6215401FFEE3,candidate_recommendations_synthetic.csv,99,recommendations
EB3CC5B4-5306-5D95-8FC0-A6D315636DAC,candidate_recommendations_synthetic.csv,100,recommendations
304B66ED-814D-55CC-98B7-61DD44128E03,candidate_recommendations_synthetic.csv,101,recommendations
DA447553-1807-5120-B084-80712E4595A5,candidate_recommendations_synthetic.csv,102,recommendations
3AD75EC5-AEFA-5A56-9854-25EA1D3F7092,candidate_recommendations_synthetic.csv,103,recommendations
893B46A8-3095-5888-954B-596DEA00AEF0,candidate_recommendations_synthetic.csv,104,recommendations
CF983439-B3D6-5D22-A07F-DA09F8FB30E3,candidate_recommendations_synthetic.csv,105,recommendations
40E15A0B-137C-5F72-A21C-478860954756,candidate_recommendations_synthetic.csv,106,recommendations
D31D0B3A-9906-504E-8B88-BA3A51BD3F4E,candidate_recommendations_synthetic.csv,107,recommendations
6CAF66B9-5911-548A-9CD3-402E210E39DF,candidate_recommendations_synthetic.csv,108,recommendations
7BFD7ED8-D740-54E9-9E9D-89E766C468ED,candidate_recommendations_synthetic.csv,109,recommendations
4496507C-64F4-593E-B7C9-34EC243D266E,candidate_recommendations_synthetic.csv,110,recommendations
0A8854E8-E6EA-5138-8958-FCD031174CF5,candidate_recommendations_synthetic.csv,111,recommendations
E7D39DA7-7E5D-57F9-9DDB-1CF3E505EFB5,candidate_recommendations_synthetic.csv,112,recommendations
99337C26-0663-56BF-961D-4B45304F60CB,candidate_recommendations_synthetic.csv,113,recommendations
0A671382-D5A5-5B91-99A7-A870223273AB,candidate_recommendations_synthetic.csv,114,recommendations
EA1A8089-DDED-5385-9EA5-239A2F522931,candidate_recommendations_synthetic.csv,115,recommendations
D548B0A8-3654-59DE-87E2-E8729F9D0F8C,candidate_recommendations_synthetic.csv,116,recommendations
9836AEB1-465F-5BDA-85AD-80E64BABEB25,candidate_recommendations_synthetic.csv,117,recommendations
D24220FC-041B-5AE7-8248-88C18C7CFFA0,candidate_recommendations_synthetic.csv,118,recommendations
F288242F-5737-58C8-88E2-064D25869916,candidate_recommendations_synthetic.csv,119,recommendations
CABD4F18-9788-5897-9751-A7B474D482E3,candidate_recommendations_synthetic.csv,120,recommendations
6EA50459-A971-5271-BBBC-46B5E2E45F2F,candidate_recommendations_synthetic.csv,121,recommendations
4E026AB5-7BF0-56A0-9A72-D0B70F1FA056,candidate_recommendations_synthetic.csv,122,recommendations
B4D65658-99B8-5007-8181-CB57FABF1A6A,candidate_recommendations_synthetic.csv,123,recommendations
EF6A4ED1-3F26-5D92-87D7-851E6A84CE9E,candidate_recommendations_synthetic.csv,124,recommendations
B0670171-6745-5AD1-B294-0798F9335903,candidate_recommendations_synthetic.csv,125,recommendations
B1D28754-3CDD-55F8-B8B1-CC2BD54CBC86,candidate_recommendations_synthetic.csv,126,recommendations
73D01A3C-D183-58B5-B11D-D2CD40EA1852,candidate_recommendations_synthetic.csv,127,recommendations
A8461C6C-7A4F-54DE-9B92-9F215036C45E,candidate_recommendations_synthetic.csv,128,recommendations
8040C400-F38F-5834-98D2-13FDFCC541BF,candidate_recommendations_synthetic.csv,129,recommendations
429606DB-8ABE-5CFA-9D27-93EF31C370D5,candidate_recommendations_synthetic.csv,130,recommendations
C9E8677D-E4B2-5B43-9A17-030646404FA5,candidate_recommendations_synthetic.csv,131,recommendations
A94988AC-50A4-515D-98DA-190B0706A5F6,candidate_recommendations_synthetic.csv,132,recommendations
EA9989C2-8AE1-5B6E-ABAA-9267432935A7,candidate_recommendations_synthetic.csv,133,recommendations
4FF93F22-1CD9-5FC7-BB9E-3A854E35348C,candidate_recommendations_synthetic.csv,134,recommendations
2C90876A-3033-52FD-A2B0-D7957122C89B,candidate_recommendations_synthetic.csv,135,recommendations
4521A948-8DB4-57C9-AD7A-DE07CBC7D66A,candidate_recommendations_synthetic.csv,136,recommendations
209BD3AD-17D6-5EF4-AB69-737AAC8CEEDB,candidate_recommendations_synthetic.csv,137,recommendations
F3B70947-7AB8-55DB-AB66-D6A0A31ADB28,candidate_recommendations_synthetic.csv,138,recommendations
21CB14E4-98B8-5908-8539-D73D75F044FB,candidate_recommendations_synthetic.csv,139,recommendations
E1CFB207-FA7D-5CE8-936D-2B35530B6FCB,candidate_recommendations_synthetic.csv,140,recommendations
CBC9BD95-73A5-59BF-BCFD-F30992314688,candidate_recommendations_synthetic.csv,141,recommendations
A851DD56-866F-5923-B0A6-19BDB0B11A8B,candidate_recommendations_synthetic.csv,142,recommendations
DB0593B1-E991-5A37-B5FA-BC3E7A2016F1,candidate_recommendations_synthetic.csv,143,recommendations
32AF3857-19CC-5F20-B54E-D3EF4EB2E05B,candidate_recommendations_synthetic.csv,144,recommendations
E5CE3662-1D34-5A4A-AAD6-8F5B9A767126,candidate_recommendations_synthetic.csv,145,recommendations
B7858025-7776-5C12-B209-88B3225A9E24,candidate_recommendations_synthetic.csv,146,recommendations
1CEB7127-A7F9-58EA-AD95-89A5CC12EA06,candidate_recommendations_synthetic.csv,147,recommendations
B3658393-C684-5F89-B232-1E8645DAC209,candidate_recommendations_synthetic.csv,148,recommendations
52DC85E8-1E39-59B3-A1FB-FEC6604E17E3,candidate_recommendations_synthetic.csv,149,recommendations
14C7FB76-9D5D-5D1D-92B1-253E5935ED46,candidate_recommendations_synthetic.csv,150,recommendations
FC3A6C5C-3F47-5270-8751-1D2A044CD84B,candidate_recommendations_synthetic.csv,151,recommendations
BDA3F23B-B83C-5375-B9B8-3ADB9CD34DC3,germplasm_pedigree_synthetic 3.csv,2,germplasm
FCA1034F-23D1-5C80-B17D-CA82DC3325EB,germplasm_pedigree_synthetic 3.csv,3,germplasm
47CB337B-F9A3-58D9-B496-C84842EE87E3,germplasm_pedigree_synthetic 3.csv,4,germplasm
F9BC2FEC-60D6-5DFF-B4CF-789F8E765BFD,germplasm_pedigree_synthetic 3.csv,5,germplasm
E4CFF24E-3AF0-5FBA-9562-C4393CD711EA,germplasm_pedigree_synthetic 3.csv,6,germplasm
2B7C0193-8AD2-5132-90D6-EC0125159542,germplasm_pedigree_synthetic 3.csv,7,germplasm
B6AEF3F7-49DF-5938-A721-1C9ED30FE32D,germplasm_pedigree_synthetic 3.csv,8,germplasm
AA4D3613-B947-5291-9D6D-08AC58B282CE,germplasm_pedigree_synthetic 3.csv,9,germplasm
49F400C7-67D9-53F7-8C2F-7709D22BA540,germplasm_pedigree_synthetic 3.csv,10,germplasm
55B846CE-0304-5467-83C6-6E6D33550CDF,germplasm_pedigree_synthetic 3.csv,11,germplasm
8689D2D4-7776-5FC8-813D-D63017F0337E,germplasm_pedigree_synthetic 3.csv,12,germplasm
080F0B64-D97A-588D-B40C-A051B359AE52,germplasm_pedigree_synthetic 3.csv,13,germplasm
0ABDF50B-E599-5A0E-AAD7-B3801C204FEF,germplasm_pedigree_synthetic 3.csv,14,germplasm
99EE49D0-F7F6-53CE-8FC9-ACF251077CD3,germplasm_pedigree_synthetic 3.csv,15,germplasm
B9868147-0FE8-5766-9C66-DD78C3C1EBB4,germplasm_pedigree_synthetic 3.csv,16,germplasm
EE1AC5CF-17E4-5D7C-BA29-EA983FBBF170,germplasm_pedigree_synthetic 3.csv,17,germplasm
5A705A98-7EAC-500C-AD19-08E66229D28F,germplasm_pedigree_synthetic 3.csv,18,germplasm
62C92069-66BF-5B0B-ADBA-8D0357CE459C,germplasm_pedigree_synthetic 3.csv,19,germplasm
A8B6980C-FFB9-5F9B-92BA-AF12781ABDDE,germplasm_pedigree_synthetic 3.csv,20,germplasm
4A5DFB3F-03B5-5B3F-9852-099CA5A15225,germplasm_pedigree_synthetic 3.csv,21,germplasm
1A9526DC-BD8E-563C-9E4A-9481E88601A5,germplasm_pedigree_synthetic 3.csv,22,germplasm
6E503269-36A0-59E5-B29F-D2C65C57CAD6,germplasm_pedigree_synthetic 3.csv,23,germplasm
D41ABD3A-44E1-5B49-8488-2C6805F30B64,germplasm_pedigree_synthetic 3.csv,24,germplasm
E568186B-E969-5A74-8996-D72CACB495FD,germplasm_pedigree_synthetic 3.csv,25,germplasm
48766B60-7B8E-5227-9A4F-9E77EE26141C,germplasm_pedigree_synthetic 3.csv,26,germplasm
01BB90D3-8967-5A5C-BB61-08A07D8CD947,germplasm_pedigree_synthetic 3.csv,27,germplasm
F6CDB34F-475C-5C74-9BD0-6D017DAE3754,germplasm_pedigree_synthetic 3.csv,28,germplasm
BCB3BCE4-83EF-5273-AD5F-98501BE8DF60,germplasm_pedigree_synthetic 3.csv,29,germplasm
151CE54D-EAED-5C4E-AB65-6E225058176E,germplasm_pedigree_synthetic 3.csv,30,germplasm
3DFD73B3-FBE4-5BE2-878B-AEB993A47967,germplasm_pedigree_synthetic 3.csv,31,germplasm
D452B305-237F-578C-8664-5FBE4C1C73B1,germplasm_pedigree_synthetic 3.csv,32,germplasm
02C72F35-6DF2-535C-B881-73EEA4BDEF64,germplasm_pedigree_synthetic 3.csv,33,germplasm
CDAC1DFC-07F5-5AAA-ACF7-174A83106211,germplasm_pedigree_synthetic 3.csv,34,germplasm
6BC3F466-8A3A-514B-95C5-ED43F221577D,germplasm_pedigree_synthetic 3.csv,35,germplasm
CA7C91FE-A31E-543B-BE95-6F3A9B18244F,germplasm_pedigree_synthetic 3.csv,36,germplasm
667DEBCE-B100-5059-AB1C-8388525FC762,germplasm_pedigree_synthetic 3.csv,37,germplasm
F883E21C-4C88-5C86-BDED-808DCF101BE6,germplasm_pedigree_synthetic 3.csv,38,germplasm
1D8B5ABD-A06B-5E37-8158-A9DB10FE3BE6,germplasm_pedigree_synthetic 3.csv,39,germplasm
A60C347B-ED09-5433-86AE-8FA97C612F60,germplasm_pedigree_synthetic 3.csv,40,germplasm
8557A22F-14B2-5381-8DF2-0E4F62B7D0FD,germplasm_pedigree_synthetic 3.csv,41,germplasm
420901AD-1690-56B1-A54B-E45F7104461D,germplasm_pedigree_synthetic 3.csv,42,germplasm
0AF976E8-609F-54B4-93A9-F5FFB2C89CC2,germplasm_pedigree_synthetic 3.csv,43,germplasm
80674DED-4AF0-56B4-A82F-676B047FD1F9,germplasm_pedigree_synthetic 3.csv,44,germplasm
7663F6FC-3144-5397-8DC5-49CF05A78783,germplasm_pedigree_synthetic 3.csv,45,germplasm
55B1F533-E637-592C-BE49-07B3119C93B6,germplasm_pedigree_synthetic 3.csv,46,germplasm
A8A251E0-1271-51D8-829F-8F673FA25406,germplasm_pedigree_synthetic 3.csv,47,germplasm
4FEFE8DE-C128-57D8-B2A9-D05EA011ABBB,germplasm_pedigree_synthetic 3.csv,48,germplasm
E79AFB8F-D81A-5126-9812-31F64FF56B0A,germplasm_pedigree_synthetic 3.csv,49,germplasm
06BC0CE1-AE47-507E-B88E-0EB0637E5F30,germplasm_pedigree_synthetic 3.csv,50,germplasm
B69CE732-6878-52F2-B41E-F0F303A6AA18,germplasm_pedigree_synthetic 3.csv,51,germplasm
8E68A5E4-3124-5DE1-83AC-BC1848ADCF30,germplasm_pedigree_synthetic 3.csv,52,germplasm
83143D05-79E7-5E13-A6B3-388172D0E91B,germplasm_pedigree_synthetic 3.csv,53,germplasm
759A5D7C-67A7-5818-9E6B-4AE49EFD060E,germplasm_pedigree_synthetic 3.csv,54,germplasm
4C8C42C1-3F2D-5A4E-9498-4339912973B6,germplasm_pedigree_synthetic 3.csv,55,germplasm
AA1B3880-0BFC-59AA-9F23-5D92CD2AB166,germplasm_pedigree_synthetic 3.csv,56,germplasm
335D7797-1267-5040-9BF3-15F2B103E058,germplasm_pedigree_synthetic 3.csv,57,germplasm
DD61D49A-852D-59C9-A7F8-0A85B6E85478,germplasm_pedigree_synthetic 3.csv,58,germplasm
CB3BA2FD-86CC-5ED9-964B-70C0E700498A,germplasm_pedigree_synthetic 3.csv,59,germplasm
5D11E6ED-86BC-5114-830E-943F22D3FAC8,germplasm_pedigree_synthetic 3.csv,60,germplasm
DD68F5D5-574A-5056-8841-6CB4192055E7,germplasm_pedigree_synthetic 3.csv,61,germplasm
16FFFD30-47D9-5AA6-A381-643CA1A3FEF3,germplasm_pedigree_synthetic 3.csv,62,germplasm
15913DBE-7013-549B-946D-3D6DA7AE3777,germplasm_pedigree_synthetic 3.csv,63,germplasm
5EC7789B-6A39-584A-B525-208F59B83E86,germplasm_pedigree_synthetic 3.csv,64,germplasm
ECEDBC9C-312B-51DC-942B-9D9E32887D58,germplasm_pedigree_synthetic 3.csv,65,germplasm
AF23A561-1794-5CA1-B10C-3628EECCF466,germplasm_pedigree_synthetic 3.csv,66,germplasm
07784854-7BC7-5ECA-BDD4-CACF4FB75117,germplasm_pedigree_synthetic 3.csv,67,germplasm
13F23BCD-52EF-574F-ACC6-7AB94AFF9049,germplasm_pedigree_synthetic 3.csv,68,germplasm
97E544B0-E0F2-5A44-8A8C-DF6E49262D21,germplasm_pedigree_synthetic 3.csv,69,germplasm
30AE404E-D939-5FBD-8E73-82C169F926FA,germplasm_pedigree_synthetic 3.csv,70,germplasm
1BC27665-96A3-5886-8EDB-570805D8AC2B,germplasm_pedigree_synthetic 3.csv,71,germplasm
03DE83EF-F14A-5D54-A2FD-1A335C2D63BE,germplasm_pedigree_synthetic 3.csv,72,germplasm
F2879B3F-447F-597F-B8D9-0CBF58C47571,germplasm_pedigree_synthetic 3.csv,73,germplasm
82E89912-889D-5A64-81E0-285A66F4F551,germplasm_pedigree_synthetic 3.csv,74,germplasm
B518C2FF-B887-551B-A7F9-1C0EE751CFCF,germplasm_pedigree_synthetic 3.csv,75,germplasm
3B5928D4-F434-5749-A27B-AB4C1BAB75E5,germplasm_pedigree_synthetic 3.csv,76,germplasm
937A167C-CBC9-54DF-9EB1-DFD136CAD1D1,germplasm_pedigree_synthetic 3.csv,77,germplasm
762C94BB-F99F-58F7-AA2E-115A876D1499,germplasm_pedigree_synthetic 3.csv,78,germplasm
E222D60A-6B36-51B3-8397-D5CF6C5572CF,germplasm_pedigree_synthetic 3.csv,79,germplasm
647685C4-BD16-5B05-BF48-224E90967B1C,germplasm_pedigree_synthetic 3.csv,80,germplasm
AC374E79-DCC5-5449-BA1A-E2E8A323C8B3,germplasm_pedigree_synthetic 3.csv,81,germplasm
B13508E2-8CB0-595E-803A-083438893C79,germplasm_pedigree_synthetic 3.csv,82,germplasm
53D0944B-7E8C-523D-AD45-43CF3C0E1ECC,germplasm_pedigree_synthetic 3.csv,83,germplasm
1776443C-40AD-5505-8CE0-36F14142D18C,germplasm_pedigree_synthetic 3.csv,84,germplasm
8940668C-190D-5BCB-95FD-A9FCAD3A0A50,germplasm_pedigree_synthetic 3.csv,85,germplasm
1DF480F4-4F01-5A4A-A0FE-B2851472B411,germplasm_pedigree_synthetic 3.csv,86,germplasm
7E96F35C-0C2F-54B8-98B1-52354D151D67,germplasm_pedigree_synthetic 3.csv,87,germplasm
2866BB0A-D294-5C24-99D2-7179D7D8364C,germplasm_pedigree_synthetic 3.csv,88,germplasm
70C5D805-8AAC-56F1-99F0-208C9D1DBBB6,germplasm_pedigree_synthetic 3.csv,89,germplasm
33C68A96-F0D2-56B2-8383-F0E7C98CEDFB,germplasm_pedigree_synthetic 3.csv,90,germplasm
30A919A5-B07D-5B43-8FFC-C5BB2E05CDD2,germplasm_pedigree_synthetic 3.csv,91,germplasm
0FC9E8DF-2F7A-5B37-96BC-8768551066DE,germplasm_pedigree_synthetic 3.csv,92,germplasm
940880BA-AB7B-5C5E-BE24-71B87B5D25BE,germplasm_pedigree_synthetic 3.csv,93,germplasm
2C6AA0B0-74B8-5881-AF7F-A0E4DC68084E,germplasm_pedigree_synthetic 3.csv,94,germplasm
379AF3A2-F022-5112-8FBC-475F91FA6D97,germplasm_pedigree_synthetic 3.csv,95,germplasm
4265656C-7A38-5B04-870F-0382345E46B7,germplasm_pedigree_synthetic 3.csv,96,germplasm
7B87D561-B90D-5BFD-97D7-06E49347CFC4,germplasm_pedigree_synthetic 3.csv,97,germplasm
80342D18-DE48-5965-9D36-F804CFB33A6A,germplasm_pedigree_synthetic 3.csv,98,germplasm
E4649EAD-58A5-57C7-8B46-6215401FFEE3,germplasm_pedigree_synthetic 3.csv,99,germplasm
EB3CC5B4-5306-5D95-8FC0-A6D315636DAC,germplasm_pedigree_synthetic 3.csv,100,germplasm
304B66ED-814D-55CC-98B7-61DD44128E03,germplasm_pedigree_synthetic 3.csv,101,germplasm
DA447553-1807-5120-B084-80712E4595A5,germplasm_pedigree_synthetic 3.csv,102,germplasm
3AD75EC5-AEFA-5A56-9854-25EA1D3F7092,germplasm_pedigree_synthetic 3.csv,103,germplasm
893B46A8-3095-5888-954B-596DEA00AEF0,germplasm_pedigree_synthetic 3.csv,104,germplasm
CF983439-B3D6-5D22-A07F-DA09F8FB30E3,germplasm_pedigree_synthetic 3.csv,105,germplasm
40E15A0B-137C-5F72-A21C-478860954756,germplasm_pedigree_synthetic 3.csv,106,germplasm
D31D0B3A-9906-504E-8B88-BA3A51BD3F4E,germplasm_pedigree_synthetic 3.csv,107,germplasm
6CAF66B9-5911-548A-9CD3-402E210E39DF,germplasm_pedigree_synthetic 3.csv,108,germplasm
7BFD7ED8-D740-54E9-9E9D-89E766C468ED,germplasm_pedigree_synthetic 3.csv,109,germplasm
4496507C-64F4-593E-B7C9-34EC243D266E,germplasm_pedigree_synthetic 3.csv,110,germplasm
0A8854E8-E6EA-5138-8958-FCD031174CF5,germplasm_pedigree_synthetic 3.csv,111,germplasm
E7D39DA7-7E5D-57F9-9DDB-1CF3E505EFB5,germplasm_pedigree_synthetic 3.csv,112,germplasm
99337C26-0663-56BF-961D-4B45304F60CB,germplasm_pedigree_synthetic 3.csv,113,germplasm
0A671382-D5A5-5B91-99A7-A870223273AB,germplasm_pedigree_synthetic 3.csv,114,germplasm
EA1A8089-DDED-5385-9EA5-239A2F522931,germplasm_pedigree_synthetic 3.csv,115,germplasm
D548B0A8-3654-59DE-87E2-E8729F9D0F8C,germplasm_pedigree_synthetic 3.csv,116,germplasm
9836AEB1-465F-5BDA-85AD-80E64BABEB25,germplasm_pedigree_synthetic 3.csv,117,germplasm
D24220FC-041B-5AE7-8248-88C18C7CFFA0,germplasm_pedigree_synthetic 3.csv,118,germplasm
F288242F-5737-58C8-88E2-064D25869916,germplasm_pedigree_synthetic 3.csv,119,germplasm
CABD4F18-9788-5897-9751-A7B474D482E3,germplasm_pedigree_synthetic 3.csv,120,germplasm
6EA50459-A971-5271-BBBC-46B5E2E45F2F,germplasm_pedigree_synthetic 3.csv,121,germplasm
4E026AB5-7BF0-56A0-9A72-D0B70F1FA056,germplasm_pedigree_synthetic 3.csv,122,germplasm
B4D65658-99B8-5007-8181-CB57FABF1A6A,germplasm_pedigree_synthetic 3.csv,123,germplasm
EF6A4ED1-3F26-5D92-87D7-851E6A84CE9E,germplasm_pedigree_synthetic 3.csv,124,germplasm
B0670171-6745-5AD1-B294-0798F9335903,germplasm_pedigree_synthetic 3.csv,125,germplasm
B1D28754-3CDD-55F8-B8B1-CC2BD54CBC86,germplasm_pedigree_synthetic 3.csv,126,germplasm
73D01A3C-D183-58B5-B11D-D2CD40EA1852,germplasm_pedigree_synthetic 3.csv,127,germplasm
A8461C6C-7A4F-54DE-9B92-9F215036C45E,germplasm_pedigree_synthetic 3.csv,128,germplasm
8040C400-F38F-5834-98D2-13FDFCC541BF,germplasm_pedigree_synthetic 3.csv,129,germplasm
429606DB-8ABE-5CFA-9D27-93EF31C370D5,germplasm_pedigree_synthetic 3.csv,130,germplasm
C9E8677D-E4B2-5B43-9A17-030646404FA5,germplasm_pedigree_synthetic 3.csv,131,germplasm
A94988AC-50A4-515D-98DA-190B0706A5F6,germplasm_pedigree_synthetic 3.csv,132,germplasm
EA9989C2-8AE1-5B6E-ABAA-9267432935A7,germplasm_pedigree_synthetic 3.csv,133,germplasm
4FF93F22-1CD9-5FC7-BB9E-3A854E35348C,germplasm_pedigree_synthetic 3.csv,134,germplasm
2C90876A-3033-52FD-A2B0-D7957122C89B,germplasm_pedigree_synthetic 3.csv,135,germplasm
4521A948-8DB4-57C9-AD7A-DE07CBC7D66A,germplasm_pedigree_synthetic 3.csv,136,germplasm
209BD3AD-17D6-5EF4-AB69-737AAC8CEEDB,germplasm_pedigree_synthetic 3.csv,137,germplasm
F3B70947-7AB8-55DB-AB66-D6A0A31ADB28,germplasm_pedigree_synthetic 3.csv,138,germplasm
21CB14E4-98B8-5908-8539-D73D75F044FB,germplasm_pedigree_synthetic 3.csv,139,germplasm
E1CFB207-FA7D-5CE8-936D-2B35530B6FCB,germplasm_pedigree_synthetic 3.csv,140,germplasm
CBC9BD95-73A5-59BF-BCFD-F30992314688,germplasm_pedigree_synthetic 3.csv,141,germplasm
A851DD56-866F-5923-B0A6-19BDB0B11A8B,germplasm_pedigree_synthetic 3.csv,142,germplasm
DB0593B1-E991-5A37-B5FA-BC3E7A2016F1,germplasm_pedigree_synthetic 3.csv,143,germplasm
32AF3857-19CC-5F20-B54E-D3EF4EB2E05B,germplasm_pedigree_synthetic 3.csv,144,germplasm
E5CE3662-1D34-5A4A-AAD6-8F5B9A767126,germplasm_pedigree_synthetic 3.csv,145,germplasm
B7858025-7776-5C12-B209-88B3225A9E24,germplasm_pedigree_synthetic 3.csv,146,germplasm
1CEB7127-A7F9-58EA-AD95-89A5CC12EA06,germplasm_pedigree_synthetic 3.csv,147,germplasm
B3658393-C684-5F89-B232-1E8645DAC209,germplasm_pedigree_synthetic 3.csv,148,germplasm
52DC85E8-1E39-59B3-A1FB-FEC6604E17E3,germplasm_pedigree_synthetic 3.csv,149,germplasm
14C7FB76-9D5D-5D1D-92B1-253E5935ED46,germplasm_pedigree_synthetic 3.csv,150,germplasm
FC3A6C5C-3F47-5270-8751-1D2A044CD84B,germplasm_pedigree_synthetic 3.csv,151,germplasm
895C37E3-3402-5903-BB78-18E139F002E0,germplasm_pedigree_synthetic 3.csv,152,germplasm
03B42C84-51CA-5773-8E4C-295473835D66,germplasm_pedigree_synthetic 3.csv,153,germplasm
BDA3F23B-B83C-5375-B9B8-3ADB9CD34DC3,genomics_synthetic 2.csv,2,genomics
FCA1034F-23D1-5C80-B17D-CA82DC3325EB,genomics_synthetic 2.csv,3,genomics
47CB337B-F9A3-58D9-B496-C84842EE87E3,genomics_synthetic 2.csv,4,genomics
F9BC2FEC-60D6-5DFF-B4CF-789F8E765BFD,genomics_synthetic 2.csv,5,genomics
E4CFF24E-3AF0-5FBA-9562-C4393CD711EA,genomics_synthetic 2.csv,6,genomics
2B7C0193-8AD2-5132-90D6-EC0125159542,genomics_synthetic 2.csv,7,genomics
B6AEF3F7-49DF-5938-A721-1C9ED30FE32D,genomics_synthetic 2.csv,8,genomics
AA4D3613-B947-5291-9D6D-08AC58B282CE,genomics_synthetic 2.csv,9,genomics
49F400C7-67D9-53F7-8C2F-7709D22BA540,genomics_synthetic 2.csv,10,genomics
55B846CE-0304-5467-83C6-6E6D33550CDF,genomics_synthetic 2.csv,11,genomics
8689D2D4-7776-5FC8-813D-D63017F0337E,genomics_synthetic 2.csv,12,genomics
080F0B64-D97A-588D-B40C-A051B359AE52,genomics_synthetic 2.csv,13,genomics
0ABDF50B-E599-5A0E-AAD7-B3801C204FEF,genomics_synthetic 2.csv,14,genomics
99EE49D0-F7F6-53CE-8FC9-ACF251077CD3,genomics_synthetic 2.csv,15,genomics
B9868147-0FE8-5766-9C66-DD78C3C1EBB4,genomics_synthetic 2.csv,16,genomics
EE1AC5CF-17E4-5D7C-BA29-EA983FBBF170,genomics_synthetic 2.csv,17,genomics
5A705A98-7EAC-500C-AD19-08E66229D28F,genomics_synthetic 2.csv,18,genomics
62C92069-66BF-5B0B-ADBA-8D0357CE459C,genomics_synthetic 2.csv,19,genomics
A8B6980C-FFB9-5F9B-92BA-AF12781ABDDE,genomics_synthetic 2.csv,20,genomics
4A5DFB3F-03B5-5B3F-9852-099CA5A15225,genomics_synthetic 2.csv,21,genomics
1A9526DC-BD8E-563C-9E4A-9481E88601A5,genomics_synthetic 2.csv,22,genomics
6E503269-36A0-59E5-B29F-D2C65C57CAD6,genomics_synthetic 2.csv,23,genomics
D41ABD3A-44E1-5B49-8488-2C6805F30B64,genomics_synthetic 2.csv,24,genomics
E568186B-E969-5A74-8996-D72CACB495FD,genomics_synthetic 2.csv,25,genomics
48766B60-7B8E-5227-9A4F-9E77EE26141C,genomics_synthetic 2.csv,26,genomics
01BB90D3-8967-5A5C-BB61-08A07D8CD947,genomics_synthetic 2.csv,27,genomics
F6CDB34F-475C-5C74-9BD0-6D017DAE3754,genomics_synthetic 2.csv,28,genomics
BCB3BCE4-83EF-5273-AD5F-98501BE8DF60,genomics_synthetic 2.csv,29,genomics
151CE54D-EAED-5C4E-AB65-6E225058176E,genomics_synthetic 2.csv,30,genomics
3DFD73B3-FBE4-5BE2-878B-AEB993A47967,genomics_synthetic 2.csv,31,genomics
D452B305-237F-578C-8664-5FBE4C1C73B1,genomics_synthetic 2.csv,32,genomics
02C72F35-6DF2-535C-B881-73EEA4BDEF64,genomics_synthetic 2.csv,33,genomics
CDAC1DFC-07F5-5AAA-ACF7-174A83106211,genomics_synthetic 2.csv,34,genomics
6BC3F466-8A3A-514B-95C5-ED43F221577D,genomics_synthetic 2.csv,35,genomics
CA7C91FE-A31E-543B-BE95-6F3A9B18244F,genomics_synthetic 2.csv,36,genomics
667DEBCE-B100-5059-AB1C-8388525FC762,genomics_synthetic 2.csv,37,genomics
F883E21C-4C88-5C86-BDED-808DCF101BE6,genomics_synthetic 2.csv,38,genomics
1D8B5ABD-A06B-5E37-8158-A9DB10FE3BE6,genomics_synthetic 2.csv,39,genomics
A60C347B-ED09-5433-86AE-8FA97C612F60,genomics_synthetic 2.csv,40,genomics
8557A22F-14B2-5381-8DF2-0E4F62B7D0FD,genomics_synthetic 2.csv,41,genomics
420901AD-1690-56B1-A54B-E45F7104461D,genomics_synthetic 2.csv,42,genomics
0AF976E8-609F-54B4-93A9-F5FFB2C89CC2,genomics_synthetic 2.csv,43,genomics
80674DED-4AF0-56B4-A82F-676B047FD1F9,genomics_synthetic 2.csv,44,genomics
7663F6FC-3144-5397-8DC5-49CF05A78783,genomics_synthetic 2.csv,45,genomics
55B1F533-E637-592C-BE49-07B3119C93B6,genomics_synthetic 2.csv,46,genomics
A8A251E0-1271-51D8-829F-8F673FA25406,genomics_synthetic 2.csv,47,genomics
4FEFE8DE-C128-57D8-B2A9-D05EA011ABBB,genomics_synthetic 2.csv,48,genomics
E79AFB8F-D81A-5126-9812-31F64FF56B0A,genomics_synthetic 2.csv,49,genomics
06BC0CE1-AE47-507E-B88E-0EB0637E5F30,genomics_synthetic 2.csv,50,genomics
B69CE732-6878-52F2-B41E-F0F303A6AA18,genomics_synthetic 2.csv,51,genomics
8E68A5E4-3124-5DE1-83AC-BC1848ADCF30,genomics_synthetic 2.csv,52,genomics
83143D05-79E7-5E13-A6B3-388172D0E91B,genomics_synthetic 2.csv,53,genomics
759A5D7C-67A7-5818-9E6B-4AE49EFD060E,genomics_synthetic 2.csv,54,genomics
4C8C42C1-3F2D-5A4E-9498-4339912973B6,genomics_synthetic 2.csv,55,genomics
AA1B3880-0BFC-59AA-9F23-5D92CD2AB166,genomics_synthetic 2.csv,56,genomics
335D7797-1267-5040-9BF3-15F2B103E058,genomics_synthetic 2.csv,57,genomics
DD61D49A-852D-59C9-A7F8-0A85B6E85478,genomics_synthetic 2.csv,58,genomics
CB3BA2FD-86CC-5ED9-964B-70C0E700498A,genomics_synthetic 2.csv,59,genomics
5D11E6ED-86BC-5114-830E-943F22D3FAC8,genomics_synthetic 2.csv,60,genomics
DD68F5D5-574A-5056-8841-6CB4192055E7,genomics_synthetic 2.csv,61,genomics
16FFFD30-47D9-5AA6-A381-643CA1A3FEF3,genomics_synthetic 2.csv,62,genomics
15913DBE-7013-549B-946D-3D6DA7AE3777,genomics_synthetic 2.csv,63,genomics
5EC7789B-6A39-584A-B525-208F59B83E86,genomics_synthetic 2.csv,64,genomics
ECEDBC9C-312B-51DC-942B-9D9E32887D58,genomics_synthetic 2.csv,65,genomics
AF23A561-1794-5CA1-B10C-3628EECCF466,genomics_synthetic 2.csv,66,genomics
07784854-7BC7-5ECA-BDD4-CACF4FB75117,genomics_synthetic 2.csv,67,genomics
13F23BCD-52EF-574F-ACC6-7AB94AFF9049,genomics_synthetic 2.csv,68,genomics
97E544B0-E0F2-5A44-8A8C-DF6E49262D21,genomics_synthetic 2.csv,69,genomics
30AE404E-D939-5FBD-8E73-82C169F926FA,genomics_synthetic 2.csv,70,genomics
1BC27665-96A3-5886-8EDB-570805D8AC2B,genomics_synthetic 2.csv,71,genomics
03DE83EF-F14A-5D54-A2FD-1A335C2D63BE,genomics_synthetic 2.csv,72,genomics
F2879B3F-447F-597F-B8D9-0CBF58C47571,genomics_synthetic 2.csv,73,genomics
82E89912-889D-5A64-81E0-285A66F4F551,genomics_synthetic 2.csv,74,genomics
B518C2FF-B887-551B-A7F9-1C0EE751CFCF,genomics_synthetic 2.csv,75,genomics
3B5928D4-F434-5749-A27B-AB4C1BAB75E5,genomics_synthetic 2.csv,76,genomics
937A167C-CBC9-54DF-9EB1-DFD136CAD1D1,genomics_synthetic 2.csv,77,genomics
762C94BB-F99F-58F7-AA2E-115A876D1499,genomics_synthetic 2.csv,78,genomics
E222D60A-6B36-51B3-8397-D5CF6C5572CF,genomics_synthetic 2.csv,79,genomics
647685C4-BD16-5B05-BF48-224E90967B1C,genomics_synthetic 2.csv,80,genomics
AC374E79-DCC5-5449-BA1A-E2E8A323C8B3,genomics_synthetic 2.csv,81,genomics
B13508E2-8CB0-595E-803A-083438893C79,genomics_synthetic 2.csv,82,genomics
53D0944B-7E8C-523D-AD45-43CF3C0E1ECC,genomics_synthetic 2.csv,83,genomics
1776443C-40AD-5505-8CE0-36F14142D18C,genomics_synthetic 2.csv,84,genomics
8940668C-190D-5BCB-95FD-A9FCAD3A0A50,genomics_synthetic 2.csv,85,genomics
1DF480F4-4F01-5A4A-A0FE-B2851472B411,genomics_synthetic 2.csv,86,genomics
7E96F35C-0C2F-54B8-98B1-52354D151D67,genomics_synthetic 2.csv,87,genomics
2866BB0A-D294-5C24-99D2-7179D7D8364C,genomics_synthetic 2.csv,88,genomics
70C5D805-8AAC-56F1-99F0-208C9D1DBBB6,genomics_synthetic 2.csv,89,genomics
33C68A96-F0D2-56B2-8383-F0E7C98CEDFB,genomics_synthetic 2.csv,90,genomics
30A919A5-B07D-5B43-8FFC-C5BB2E05CDD2,genomics_synthetic 2.csv,91,genomics
0FC9E8DF-2F7A-5B37-96BC-8768551066DE,genomics_synthetic 2.csv,92,genomics
940880BA-AB7B-5C5E-BE24-71B87B5D25BE,genomics_synthetic 2.csv,93,genomics
2C6AA0B0-74B8-5881-AF7F-A0E4DC68084E,genomics_synthetic 2.csv,94,genomics
379AF3A2-F022-5112-8FBC-475F91FA6D97,genomics_synthetic 2.csv,95,genomics
4265656C-7A38-5B04-870F-0382345E46B7,genomics_synthetic 2.csv,96,genomics
7B87D561-B90D-5BFD-97D7-06E49347CFC4,genomics_synthetic 2.csv,97,genomics
80342D18-DE48-5965-9D36-F804CFB33A6A,genomics_synthetic 2.csv,98,genomics
E4649EAD-58A5-57C7-8B46-6215401FFEE3,genomics_synthetic 2.csv,99,genomics
EB3CC5B4-5306-5D95-8FC0-A6D315636DAC,genomics_synthetic 2.csv,100,genomics
304B66ED-814D-55CC-98B7-61DD44128E03,genomics_synthetic 2.csv,101,genomics
DA447553-1807-5120-B084-80712E4595A5,genomics_synthetic 2.csv,102,genomics
3AD75EC5-AEFA-5A56-9854-25EA1D3F7092,genomics_synthetic 2.csv,103,genomics
893B46A8-3095-5888-954B-596DEA00AEF0,genomics_synthetic 2.csv,104,genomics
CF983439-B3D6-5D22-A07F-DA09F8FB30E3,genomics_synthetic 2.csv,105,genomics
40E15A0B-137C-5F72-A21C-478860954756,genomics_synthetic 2.csv,106,genomics
D31D0B3A-9906-504E-8B88-BA3A51BD3F4E,genomics_synthetic 2.csv,107,genomics
6CAF66B9-5911-548A-9CD3-402E210E39DF,genomics_synthetic 2.csv,108,genomics
7BFD7ED8-D740-54E9-9E9D-89E766C468ED,genomics_synthetic 2.csv,109,genomics
4496507C-64F4-593E-B7C9-34EC243D266E,genomics_synthetic 2.csv,110,genomics
0A8854E8-E6EA-5138-8958-FCD031174CF5,genomics_synthetic 2.csv,111,genomics
E7D39DA7-7E5D-57F9-9DDB-1CF3E505EFB5,genomics_synthetic 2.csv,112,genomics
99337C26-0663-56BF-961D-4B45304F60CB,genomics_synthetic 2.csv,113,genomics
0A671382-D5A5-5B91-99A7-A870223273AB,genomics_synthetic 2.csv,114,genomics
EA1A8089-DDED-5385-9EA5-239A2F522931,genomics_synthetic 2.csv,115,genomics
D548B0A8-3654-59DE-87E2-E8729F9D0F8C,genomics_synthetic 2.csv,116,genomics
9836AEB1-465F-5BDA-85AD-80E64BABEB25,genomics_synthetic 2.csv,117,genomics
D24220FC-041B-5AE7-8248-88C18C7CFFA0,genomics_synthetic 2.csv,118,genomics
F288242F-5737-58C8-88E2-064D25869916,genomics_synthetic 2.csv,119,genomics
CABD4F18-9788-5897-9751-A7B474D482E3,genomics_synthetic 2.csv,120,genomics
6EA50459-A971-5271-BBBC-46B5E2E45F2F,genomics_synthetic 2.csv,121,genomics
4E026AB5-7BF0-56A0-9A72-D0B70F1FA056,genomics_synthetic 2.csv,122,genomics
B4D65658-99B8-5007-8181-CB57FABF1A6A,genomics_synthetic 2.csv,123,genomics
EF6A4ED1-3F26-5D92-87D7-851E6A84CE9E,genomics_synthetic 2.csv,124,genomics
B0670171-6745-5AD1-B294-0798F9335903,genomics_synthetic 2.csv,125,genomics
B1D28754-3CDD-55F8-B8B1-CC2BD54CBC86,genomics_synthetic 2.csv,126,genomics
73D01A3C-D183-58B5-B11D-D2CD40EA1852,genomics_synthetic 2.csv,127,genomics
A8461C6C-7A4F-54DE-9B92-9F215036C45E,genomics_synthetic 2.csv,128,genomics
8040C400-F38F-5834-98D2-13FDFCC541BF,genomics_synthetic 2.csv,129,genomics
429606DB-8ABE-5CFA-9D27-93EF31C370D5,genomics_synthetic 2.csv,130,genomics
C9E8677D-E4B2-5B43-9A17-030646404FA5,genomics_synthetic 2.csv,131,genomics
A94988AC-50A4-515D-98DA-190B0706A5F6,genomics_synthetic 2.csv,132,genomics
EA9989C2-8AE1-5B6E-ABAA-9267432935A7,genomics_synthetic 2.csv,133,genomics
4FF93F22-1CD9-5FC7-BB9E-3A854E35348C,genomics_synthetic 2.csv,134,genomics
2C90876A-3033-52FD-A2B0-D7957122C89B,genomics_synthetic 2.csv,135,genomics
4521A948-8DB4-57C9-AD7A-DE07CBC7D66A,genomics_synthetic 2.csv,136,genomics
209BD3AD-17D6-5EF4-AB69-737AAC8CEEDB,genomics_synthetic 2.csv,137,genomics
F3B70947-7AB8-55DB-AB66-D6A0A31ADB28,genomics_synthetic 2.csv,138,genomics
21CB14E4-98B8-5908-8539-D73D75F044FB,genomics_synthetic 2.csv,139,genomics
E1CFB207-FA7D-5CE8-936D-2B35530B6FCB,genomics_synthetic 2.csv,140,genomics
CBC9BD95-73A5-59BF-BCFD-F30992314688,genomics_synthetic 2.csv,141,genomics
A851DD56-866F-5923-B0A6-19BDB0B11A8B,genomics_synthetic 2.csv,142,genomics
DB0593B1-E991-5A37-B5FA-BC3E7A2016F1,genomics_synthetic 2.csv,143,genomics
32AF3857-19CC-5F20-B54E-D3EF4EB2E05B,genomics_synthetic 2.csv,144,genomics
E5CE3662-1D34-5A4A-AAD6-8F5B9A767126,genomics_synthetic 2.csv,145,genomics
B7858025-7776-5C12-B209-88B3225A9E24,genomics_synthetic 2.csv,146,genomics
1CEB7127-A7F9-58EA-AD95-89A5CC12EA06,genomics_synthetic 2.csv,147,genomics
B3658393-C684-5F89-B232-1E8645DAC209,genomics_synthetic 2.csv,148,genomics
52DC85E8-1E39-59B3-A1FB-FEC6604E17E3,genomics_synthetic 2.csv,149,genomics
14C7FB76-9D5D-5D1D-92B1-253E5935ED46,genomics_synthetic 2.csv,150,genomics
FC3A6C5C-3F47-5270-8751-1D2A044CD84B,genomics_synthetic 2.csv,151,genomics
895C37E3-3402-5903-BB78-18E139F002E0,genomics_synthetic 2.csv,152,genomics
03B42C84-51CA-5773-8E4C-295473835D66,genomics_synthetic 2.csv,153,genomics
864FCE65-1396-50C8-AC07-457F1D435C6C,lab_observations_synthetic 3.csv,2,lab
D99C32B1-D9D0-5081-8E5C-B56D4421F5D6,lab_observations_synthetic 3.csv,3,lab
46CC30B9-4C1B-538C-B80E-2D6343BC6F46,lab_observations_synthetic 3.csv,4,lab
F9A2F3A8-5FF4-5632-9577-63C2DC423A7D,lab_observations_synthetic 3.csv,5,lab
EB0CDE03-7D3A-5AFC-A905-07CEABC28F1C,lab_observations_synthetic 3.csv,6,lab
1A466723-B09B-56FA-94B4-B8145486D705,lab_observations_synthetic 3.csv,7,lab
25FC184D-B4B1-582E-B7C1-77443EFA9266,lab_observations_synthetic 3.csv,8,lab
5855CD1E-A64A-57F1-B684-EE7D67E75899,lab_observations_synthetic 3.csv,9,lab
AD6E608C-EEF5-5E18-827C-592395C0F6F7,lab_observations_synthetic 3.csv,10,lab
1C1117AF-BC80-5907-A051-7BD75DC03A3A,lab_observations_synthetic 3.csv,11,lab
0652AAA7-AE5A-57CE-8FD5-075342B515EA,lab_observations_synthetic 3.csv,12,lab
50C7D055-3BD9-5BD0-8097-B32DA52D8AE6,lab_observations_synthetic 3.csv,13,lab
7C807FF2-AD8C-58B1-820F-4AB2B4BF3007,lab_observations_synthetic 3.csv,14,lab
4678A6CF-2278-51A5-9A3A-A1192A906067,lab_observations_synthetic 3.csv,15,lab
EBA78049-D7C6-532F-8816-262C13C5E112,lab_observations_synthetic 3.csv,16,lab
17EBA3D2-2E5D-5401-B7E8-D8D31EDEDB52,lab_observations_synthetic 3.csv,17,lab
EC99C5C4-A469-5903-A3D6-B7B800653CC3,lab_observations_synthetic 3.csv,18,lab
D1F93431-3778-5069-BFD4-36CB37FE9418,lab_observations_synthetic 3.csv,19,lab
971A6132-ADF3-5A60-902C-EE1E87B0954A,lab_observations_synthetic 3.csv,20,lab
9F1FFA78-A9B0-57C7-A764-FE514ED937A4,lab_observations_synthetic 3.csv,21,lab
D667F771-5817-5131-811A-F0CB57F81EA5,lab_observations_synthetic 3.csv,22,lab
1167EC70-41FC-5576-A0E2-DA24321CA391,lab_observations_synthetic 3.csv,23,lab
75F10A56-3CA3-5A2A-87C0-9E17473536C7,lab_observations_synthetic 3.csv,24,lab
197ED213-4D61-5029-BC32-04ED462FDCE7,lab_observations_synthetic 3.csv,25,lab
87A22BD4-CE0C-59C0-9BCA-5B238A85316D,lab_observations_synthetic 3.csv,26,lab
C8E1A49E-6EE3-5165-9B98-6A8ED7603408,lab_observations_synthetic 3.csv,27,lab
BA48DE4D-7605-51F6-B9DF-057BB64FFD24,lab_observations_synthetic 3.csv,28,lab
5962B69D-A24A-5C4D-811B-5531456F7E4A,lab_observations_synthetic 3.csv,29,lab
95AC335A-CBF8-58C0-8DF2-7BC02A9EEB3E,lab_observations_synthetic 3.csv,30,lab
10C315D8-5BD3-5579-82B5-98482230291F,lab_observations_synthetic 3.csv,31,lab
5742CA1C-0D91-5823-AF27-74312B0CDB4C,lab_observations_synthetic 3.csv,32,lab
CDC14DD6-8EDF-5155-AF1B-9F13B867EB6C,lab_observations_synthetic 3.csv,33,lab
D784FF15-8871-54AF-BC37-8070487921C5,lab_observations_synthetic 3.csv,34,lab
3E5585A6-DE94-5B2B-BDBB-526130609706,lab_observations_synthetic 3.csv,35,lab
91ECB1A6-AADC-5E5D-8689-0FE5439274A2,lab_observations_synthetic 3.csv,36,lab
8784AF46-25B5-5BE9-9257-046BD822AB86,lab_observations_synthetic 3.csv,37,lab
75AEF589-6D6D-5C6F-AAED-C8D2D8473AD4,lab_observations_synthetic 3.csv,38,lab
430E2973-461F-52E0-903E-43AAE70CEA14,lab_observations_synthetic 3.csv,39,lab
3658C1A0-56E2-516B-9E80-70FADF9D44C7,lab_observations_synthetic 3.csv,40,lab
E1075B87-C154-5A86-841E-3FD389E478F2,lab_observations_synthetic 3.csv,41,lab
2F305485-38E0-5F4D-8F82-95E56F3FC443,lab_observations_synthetic 3.csv,42,lab
471176D8-42D3-5F54-9F8C-29986932A1CD,lab_observations_synthetic 3.csv,43,lab
D31E06B0-8218-50CE-9916-55D6C22F1380,lab_observations_synthetic 3.csv,44,lab
BF14CD9F-84FF-5788-BAE3-3B99CEB2F543,lab_observations_synthetic 3.csv,45,lab
060B93C0-EC1A-5932-B8F5-C6EB9A798FF6,lab_observations_synthetic 3.csv,46,lab
15843CD5-9E1F-5979-BCF8-E778F07D6A19,lab_observations_synthetic 3.csv,47,lab
97C9E65C-D322-5C28-9060-8327A49DEE39,lab_observations_synthetic 3.csv,48,lab
87F783D1-43EB-5718-865C-7C3E6F3E129B,lab_observations_synthetic 3.csv,49,lab
66D00956-7E33-5481-8230-1EF95EC465A1,lab_observations_synthetic 3.csv,50,lab
EDAB4606-8756-5140-937B-625A991CA29C,lab_observations_synthetic 3.csv,51,lab
D131A6DE-77B4-5F30-B070-44E7EAEEAC45,lab_observations_synthetic 3.csv,52,lab
756144AE-80CF-54C1-AAD2-3F64910B0E6E,lab_observations_synthetic 3.csv,53,lab
D8C5B2E7-5E91-5397-BF7A-07FFAD4B9ED1,lab_observations_synthetic 3.csv,54,lab
07FB4C9D-C3E5-5A29-A873-0A3763F67927,lab_observations_synthetic 3.csv,55,lab
53BE9A7F-24C8-5B02-B89C-A2BAA8E91654,lab_observations_synthetic 3.csv,56,lab
642E01F9-B2BD-5AFC-80A0-44D75B3A1B5F,lab_observations_synthetic 3.csv,57,lab
F89AB0AF-D54C-5312-8E73-34E13427B430,lab_observations_synthetic 3.csv,58,lab
C3B5131E-6E1D-5C25-A4A4-6D3D186CD600,lab_observations_synthetic 3.csv,59,lab
91AF33E7-A8F1-5328-BC42-528751C50093,lab_observations_synthetic 3.csv,60,lab
914A8657-B9A1-5BF2-BEBD-5FCBF332A0C3,lab_observations_synthetic 3.csv,61,lab
A0238EBC-B892-5FF0-8916-649A8283B5DE,lab_observations_synthetic 3.csv,62,lab
0A52FDC6-9949-5631-8BB4-D7438FA5340E,lab_observations_synthetic 3.csv,63,lab
8FF24ABD-01D7-58B1-B55F-FD2DA0C8F7C3,lab_observations_synthetic 3.csv,64,lab
A3285B16-CD06-5DB8-8959-6060D1050E49,lab_observations_synthetic 3.csv,65,lab
C5ACCBA1-F7FA-5DBF-B8EA-F808C19679E7,lab_observations_synthetic 3.csv,66,lab
501342A2-9EC5-5DDE-AA81-727A2061FBCA,lab_observations_synthetic 3.csv,67,lab
59CA7C18-3282-5871-8907-727A3660894E,lab_observations_synthetic 3.csv,68,lab
9F468ACD-59A1-584A-BC65-031D7487271B,lab_observations_synthetic 3.csv,69,lab
6FA0C25D-9F64-528D-AA3D-52CD681D9172,lab_observations_synthetic 3.csv,70,lab
D9A0DD83-D7C6-594A-82AE-85FAD84F8379,lab_observations_synthetic 3.csv,71,lab
CA9FF908-CA59-5BE4-B2EE-582132985501,lab_observations_synthetic 3.csv,72,lab
FEEA88BA-9BCF-59C6-A425-4C6CB7BAAC0D,lab_observations_synthetic 3.csv,73,lab
73EABE58-2E57-5D88-A645-0AA1F88817C0,lab_observations_synthetic 3.csv,74,lab
BBA0908F-0D2E-5DAF-B89F-E8F60702A4C3,lab_observations_synthetic 3.csv,75,lab
7E0E4DBF-EA9F-525A-BB9D-45F5DDE908F5,lab_observations_synthetic 3.csv,76,lab
0F88540D-EB98-53D6-9099-AF4FB00244ED,lab_observations_synthetic 3.csv,77,lab
BDB71091-6283-561C-931B-9EF15A15C4C6,lab_observations_synthetic 3.csv,78,lab
915FD915-4298-5F6C-BDB8-68A8A5D7626D,lab_observations_synthetic 3.csv,79,lab
CFD7EEC8-290F-552B-B664-ABC8A750D5E4,lab_observations_synthetic 3.csv,80,lab
D8E8A2A1-512C-5E3D-B522-461D439CDEB2,lab_observations_synthetic 3.csv,81,lab
F4C9A850-A36C-579E-A715-B8B81982A37F,lab_observations_synthetic 3.csv,82,lab
D316E86B-5101-505B-A423-29ADF3F07F07,lab_observations_synthetic 3.csv,83,lab
4EFCD14D-1AFA-5BEF-AFDA-59DF72FC570E,lab_observations_synthetic 3.csv,84,lab
05A175EF-E6E2-5EE6-A43B-82BA749F0543,lab_observations_synthetic 3.csv,85,lab
C03EE144-2110-58B6-81B9-0046004DFC2A,lab_observations_synthetic 3.csv,86,lab
5C61EC30-B146-5EAB-BFFF-6B971579C03B,lab_observations_synthetic 3.csv,87,lab
F32A03A0-572C-5DF9-98A9-FAE825DB15F4,lab_observations_synthetic 3.csv,88,lab
5DF105DC-1AEF-51CE-80C8-057544B59694,lab_observations_synthetic 3.csv,89,lab
13F72C84-EEDB-5C92-9004-38B5116742D6,lab_observations_synthetic 3.csv,90,lab
E36D433D-D8B2-5D6E-A9E8-34A911B6B3D3,lab_observations_synthetic 3.csv,91,lab
5B9EFC7D-BA6F-565B-9895-9FCC7D3CA89C,lab_observations_synthetic 3.csv,92,lab
7BE9613B-003A-5D3C-A10D-DB17FD80A3F9,lab_observations_synthetic 3.csv,93,lab
49E85113-16C6-5D7A-8197-E36D77F535C5,lab_observations_synthetic 3.csv,94,lab
76C40673-A313-5B6C-8AFD-039428895C30,lab_observations_synthetic 3.csv,95,lab
9DFEFADF-E523-52F1-8793-9D3CD4F37312,lab_observations_synthetic 3.csv,96,lab
FEE5DD38-6D6B-5B8B-9A99-30F41C3AB0CF,lab_observations_synthetic 3.csv,97,lab
C69A0700-CC49-5B44-BFD3-49AB4E19260E,lab_observations_synthetic 3.csv,98,lab
7A465287-EF39-5749-818F-283D75044DB5,lab_observations_synthetic 3.csv,99,lab
B3712BFD-988C-5E5A-A80A-CC640C929E7A,lab_observations_synthetic 3.csv,100,lab
8EB98F48-6585-5CF6-995A-0DCB5DF384A8,lab_observations_synthetic 3.csv,101,lab
256AD09C-CC69-56E4-8D27-E21FDD46B3E3,lab_observations_synthetic 3.csv,102,lab
A6762C10-6103-5783-B98B-9103581E8970,lab_observations_synthetic 3.csv,103,lab
029830A6-6AD4-5A41-A417-045BD17CF093,lab_observations_synthetic 3.csv,104,lab
E2907BE2-4704-577A-804D-D9026D8C79AA,lab_observations_synthetic 3.csv,105,lab
F260E001-BD55-5B1E-AA19-B80CD4806812,lab_observations_synthetic 3.csv,106,lab
0B77259F-6B7E-5ED2-9ED5-8473587F1168,lab_observations_synthetic 3.csv,107,lab
D40A4427-BD06-5C87-8DF4-F19F3E1B8748,lab_observations_synthetic 3.csv,108,lab
4B17C82B-1446-5015-BB0D-9D72422C29D5,lab_observations_synthetic 3.csv,109,lab
88703599-FE48-5705-A4DB-22764D6080E9,lab_observations_synthetic 3.csv,110,lab
16B9B10E-B7CB-52F5-A901-987770A885C4,lab_observations_synthetic 3.csv,111,lab
25D23104-344F-5E16-8613-F0EFF9713551,lab_observations_synthetic 3.csv,112,lab
AB882245-EFD7-537B-B060-0AFD0C76F4FF,lab_observations_synthetic 3.csv,113,lab
616CC9FC-17DB-522B-A285-35CAAFDDEDFF,lab_observations_synthetic 3.csv,114,lab
54F96403-E4C2-5A74-BB85-58F70736F5B4,lab_observations_synthetic 3.csv,115,lab
A9631F77-6DF3-58BB-9782-755EB59D5216,lab_observations_synthetic 3.csv,116,lab
95BBC246-249D-5578-ADFD-51C182622E45,lab_observations_synthetic 3.csv,117,lab
6693E106-C058-5CE0-BA0A-51ED19A42F2A,lab_observations_synthetic 3.csv,118,lab
0898D5D4-859E-5B12-A3DB-CBEBD22E5E30,lab_observations_synthetic 3.csv,119,lab
5B38D71E-F16E-5C3F-92D2-B948E23C6228,lab_observations_synthetic 3.csv,120,lab
20B645E6-83A1-508A-8DA3-915A0FFC438B,lab_observations_synthetic 3.csv,121,lab
2474757B-3A34-5682-816D-3C3B070CD77E,lab_observations_synthetic 3.csv,122,lab
EBB034DE-7974-5E93-B06D-B1B0A562F1E6,lab_observations_synthetic 3.csv,123,lab
706B848B-5F83-5300-A515-6E280B395CB5,lab_observations_synthetic 3.csv,124,lab
E5A4E9E4-488A-54A2-984F-A01FA37D3C4F,lab_observations_synthetic 3.csv,125,lab
037B453A-D0FC-5971-B473-195857E3150F,lab_observations_synthetic 3.csv,126,lab
6D9E965A-B7DD-5EC1-AE1C-429F3B0CA2FE,lab_observations_synthetic 3.csv,127,lab
98568079-D27A-5A47-AFC7-FB0A9D0A9D8D,lab_observations_synthetic 3.csv,128,lab
73068635-E5CC-5A46-AEE2-1EAD2807036F,lab_observations_synthetic 3.csv,129,lab
E340984E-ACA5-526F-ADB7-CE7437FFB1A2,lab_observations_synthetic 3.csv,130,lab
2722E216-FC5D-5471-A276-B30005807246,lab_observations_synthetic 3.csv,131,lab
3A6DB93D-C8F7-5973-8062-6C82A67EC174,lab_observations_synthetic 3.csv,132,lab
2C9FFD85-AA4F-574F-BC13-22050362D325,lab_observations_synthetic 3.csv,133,lab
5525B964-6A74-58C9-89E7-F4171CD334F5,lab_observations_synthetic 3.csv,134,lab
3F09FD15-873C-519D-A602-1F4A523EC418,lab_observations_synthetic 3.csv,135,lab
C47DE570-5B84-53DA-8C72-176F4E495AB9,lab_observations_synthetic 3.csv,136,lab
6C8F9329-E5CF-5B69-B15D-F085E8D06091,lab_observations_synthetic 3.csv,137,lab
FE5E91DC-8973-5096-8323-0D5EF5061B95,lab_observations_synthetic 3.csv,138,lab
99B0FB20-42D2-5DE7-83E7-E388FB24A411,lab_observations_synthetic 3.csv,139,lab
E075532D-AB8C-5458-872D-A9B1B0991F41,lab_observations_synthetic 3.csv,140,lab
2A48AC70-1F15-5737-9D39-853C97C80C9F,lab_observations_synthetic 3.csv,141,lab
5E326B17-605D-5101-9F73-ECD229458B05,lab_observations_synthetic 3.csv,142,lab
98C7E1F8-96A1-5106-BE6A-CA469C6C227F,lab_observations_synthetic 3.csv,143,lab
4ADA9C6D-C3FF-52AB-98EF-5FD5F74F0AD3,lab_observations_synthetic 3.csv,144,lab
B19322EE-B88D-5838-82BE-F2BC2819195D,lab_observations_synthetic 3.csv,145,lab
B4CC365F-492B-5A6F-9FAA-D761C411B21E,lab_observations_synthetic 3.csv,146,lab
3C25C9B9-6CFD-5617-99F4-CCA12C97DC9F,lab_observations_synthetic 3.csv,147,lab
4147E14D-31AD-54DC-B3B7-9CFA188408C8,lab_observations_synthetic 3.csv,148,lab
87A19F50-DC80-5EC9-9F4A-49FB51BC7F25,lab_observations_synthetic 3.csv,149,lab
8A50E59D-DDA1-5D6F-A590-FF30456C9AD9,lab_observations_synthetic 3.csv,150,lab
7FA73ABC-9B4F-548B-80F5-6703532AAA3D,lab_observations_synthetic 3.csv,151,lab
8D6DCDE2-7727-5432-B232-E79F3655B07B,lab_observations_synthetic 3.csv,152,lab
C8124A04-C468-5832-BF15-49C1E2279F30,lab_observations_synthetic 3.csv,153,lab
3DC5AC8B-1534-587E-9667-A0E82872596E,lab_observations_synthetic 3.csv,154,lab
4A6E3F1B-29BC-5D38-A656-F80D009DCA69,lab_observations_synthetic 3.csv,155,lab
CD026BE5-D718-5B3A-AD16-6E076C7BD6D6,lab_observations_synthetic 3.csv,156,lab
1206F248-8F37-5D5A-BCB9-B145B26D0CF8,lab_observations_synthetic 3.csv,157,lab
ABD5464B-B280-59FA-A07C-1E8C03F78645,lab_observations_synthetic 3.csv,158,lab
00DE0A4D-9C5C-5B79-A53C-AC65286DF887,lab_observations_synthetic 3.csv,159,lab
F5504053-5084-54A6-B7D0-A2E7D681CFA9,lab_observations_synthetic 3.csv,160,lab
EDE9A3EB-73A3-5763-93EB-9B5DBE6112D5,lab_observations_synthetic 3.csv,161,lab
EA5DC98E-26F5-584F-ABDF-2B7B6631CF67,lab_observations_synthetic 3.csv,162,lab
C172B926-A895-5C7D-B305-40514732A97F,lab_observations_synthetic 3.csv,163,lab
B970D121-06D9-5233-AC75-59A26FD48644,lab_observations_synthetic 3.csv,164,lab
C7C1E8A9-A688-5047-B36E-5B4CA17328CF,lab_observations_synthetic 3.csv,165,lab
9C280BC9-1018-553E-9FAC-826738A59C0C,lab_observations_synthetic 3.csv,166,lab
BD857E39-7713-5E7D-89D4-3BDDA06CFA3F,lab_observations_synthetic 3.csv,167,lab
A8B807DD-65E3-53FA-9DB3-2191CFE12065,lab_observations_synthetic 3.csv,168,lab
D56CF056-90FC-5C26-9ADB-FD93275A5487,lab_observations_synthetic 3.csv,169,lab
09FF2D5B-E407-5E05-B158-EE10853929C8,lab_observations_synthetic 3.csv,170,lab
0A067A07-821E-508A-83F4-C851C94D1841,lab_observations_synthetic 3.csv,171,lab
B2A0A9E3-0268-56B0-8DF0-E54AF856BB8B,lab_observations_synthetic 3.csv,172,lab
67DCDB69-581F-53F8-82F0-508EAAB3BB05,lab_observations_synthetic 3.csv,173,lab
EE5A1EE9-9766-5D3B-ABE0-EC815650D25F,lab_observations_synthetic 3.csv,174,lab
88CDCD8F-51BD-549C-B531-BA6DE3E8A1A4,lab_observations_synthetic 3.csv,175,lab
A7715D00-D56E-5C71-AF9F-F107146390D7,lab_observations_synthetic 3.csv,176,lab
884CA0D5-A38E-5339-97E8-012EA56046FE,lab_observations_synthetic 3.csv,177,lab
66C25C71-8133-57AA-B85F-B81B00C09194,lab_observations_synthetic 3.csv,178,lab
A5CE07F0-E083-50EE-9549-E056BA055694,lab_observations_synthetic 3.csv,179,lab
288B7BC7-67AA-50E7-BE84-346D2B2CB7BC,lab_observations_synthetic 3.csv,180,lab
A1419A4C-85C9-59AC-99EA-A928EF7FEA6D,lab_observations_synthetic 3.csv,181,lab
A49012CF-11D2-5534-B267-A011DCE8D11A,lab_observations_synthetic 3.csv,182,lab
30925F3F-4C68-5707-944F-72E0E5633955,lab_observations_synthetic 3.csv,183,lab
5673EA39-914F-5F9F-BFD3-C949BD7DB1AC,lab_observations_synthetic 3.csv,184,lab
CB19A2BC-ECA4-546E-AB99-A32A23DC7B10,lab_observations_synthetic 3.csv,185,lab
52611C34-02B2-5976-B09F-660B9F4FB2F0,lab_observations_synthetic 3.csv,186,lab
CB625AEE-3B8F-572E-B359-DB081C5F6B47,lab_observations_synthetic 3.csv,187,lab
95C90663-ABA6-5CA3-8E8C-FE7B74194608,lab_observations_synthetic 3.csv,188,lab
D03DDC84-9DDE-5C99-817C-BE776C9C7079,lab_observations_synthetic 3.csv,189,lab
13FC5845-4AB0-5749-A92A-A5C0AC10BBC5,lab_observations_synthetic 3.csv,190,lab
048F7CD7-4DF2-5D12-AD2E-52AE098B38D0,lab_observations_synthetic 3.csv,191,lab
0A91260E-CE0D-5AD2-8FD1-DC7710AE0B67,lab_observations_synthetic 3.csv,192,lab
2897771F-1592-58AC-BAE5-BACC842268ED,lab_observations_synthetic 3.csv,193,lab
D98952BE-A3A5-5EA0-AFAF-48B1AA7A07DD,lab_observations_synthetic 3.csv,194,lab
FE9E13D1-B1A1-5658-9ADE-BC309B8CE92A,lab_observations_synthetic 3.csv,195,lab
568E899D-AB08-5F16-AD26-B17A37F42651,lab_observations_synthetic 3.csv,196,lab
0CD83ADF-65C4-5A62-B3FA-4D8D4E05CDB5,lab_observations_synthetic 3.csv,197,lab
86045279-A4A8-5753-91CB-13D89D6BFB37,lab_observations_synthetic 3.csv,198,lab
A1647C0F-FC7C-5287-963F-C19BCAECA3C2,lab_observations_synthetic 3.csv,199,lab
DFFF0CA7-F6DE-5696-81F5-5F11C8A4BFA9,lab_observations_synthetic 3.csv,200,lab
AAD54B39-9EC3-598B-B774-8F0F7F0B3BEE,lab_observations_synthetic 3.csv,201,lab
2BC52746-ECE3-59D5-9E8C-488B6EBE35FA,lab_observations_synthetic 3.csv,202,lab
693E1E02-8427-5C3B-897D-1318C5A08FD9,lab_observations_synthetic 3.csv,203,lab
B8857292-C25D-54CC-8E8D-9A350CA7DE42,lab_observations_synthetic 3.csv,204,lab
E711FC2E-D43A-58D6-93BF-F30BBE02DDD7,lab_observations_synthetic 3.csv,205,lab
47641A66-7D11-50C1-94A6-5BF95FA18FC9,lab_observations_synthetic 3.csv,206,lab
EDFAB8B8-86BB-5D83-BE74-B46D5C63F40B,lab_observations_synthetic 3.csv,207,lab
6E93F65F-787F-59C3-88C3-2DA0146ED248,lab_observations_synthetic 3.csv,208,lab
B33386F7-A66B-5C26-8EE9-3670F631E4C4,lab_observations_synthetic 3.csv,209,lab
3FA5DE2A-18F2-5909-8A23-6B4594BE37DD,lab_observations_synthetic 3.csv,210,lab
97EE6ECE-8AAA-5398-8050-ED75261CA30B,lab_observations_synthetic 3.csv,211,lab
3F94F959-27F9-5044-8989-D92E592C7801,lab_observations_synthetic 3.csv,212,lab
975929FF-4FC2-5CF1-AC37-466A3B802DF8,lab_observations_synthetic 3.csv,213,lab
4689D922-6723-5991-B9F0-E43BCE8C41E8,lab_observations_synthetic 3.csv,214,lab
6192046E-1DE9-5E56-9B9C-24714954F7EC,lab_observations_synthetic 3.csv,215,lab
A0BDD03E-C559-5086-9804-57C9E7D6849E,lab_observations_synthetic 3.csv,216,lab
AF037C42-E849-56F0-B124-2D210E40578B,lab_observations_synthetic 3.csv,217,lab
BCF09485-16D3-5B08-9E52-1ACAC0AE656B,lab_observations_synthetic 3.csv,218,lab
E64D4AE1-8E69-52A5-AD39-99BFCA1B0B01,lab_observations_synthetic 3.csv,219,lab
7C7F9B8D-B8C9-584D-ABD1-50B2EA62DA09,lab_observations_synthetic 3.csv,220,lab
AFCB8AD1-6718-528B-B8D6-C01229CBBFED,lab_observations_synthetic 3.csv,221,lab
DE2EDE8F-D5D2-5E61-B821-88BB4B3C83CD,lab_observations_synthetic 3.csv,222,lab
4766D6D8-8602-576F-BE72-DEE8188383B0,lab_observations_synthetic 3.csv,223,lab
02E6D99F-5168-5142-83A0-582CB3D909E1,lab_observations_synthetic 3.csv,224,lab
5352D074-02B0-535F-95DE-8007DBE6659C,lab_observations_synthetic 3.csv,225,lab
6EC397E8-2633-5A93-9F8E-2452F25814F8,lab_observations_synthetic 3.csv,226,lab
7FE1C568-85EA-5C2F-86CB-909539B82001,lab_observations_synthetic 3.csv,227,lab
3B035FD8-F9BB-5BE6-AD3D-941F78D2EBE3,lab_observations_synthetic 3.csv,228,lab
B030BE03-8D46-5A56-9A21-91DC66D9EC9A,lab_observations_synthetic 3.csv,229,lab
604F3E4C-0797-5C7E-B31D-43547E8DDDAB,lab_observations_synthetic 3.csv,230,lab
C4202F99-50C4-53E1-85EE-CB166E9067CE,lab_observations_synthetic 3.csv,231,lab
4565A2B0-B5FC-502C-8F37-E9B9DE28ED64,lab_observations_synthetic 3.csv,232,lab
E1DE3F09-A5E2-53B9-BD89-D6B27367C7FB,lab_observations_synthetic 3.csv,233,lab
1D1F6CD3-1C6F-56FB-B0C7-5AC4D526F538,lab_observations_synthetic 3.csv,234,lab
B5DDEC18-C9CE-5CED-86F4-DB5226279DB9,lab_observations_synthetic 3.csv,235,lab
B85F5E6F-D2D5-52E5-9DFF-804A5A42A635,lab_observations_synthetic 3.csv,236,lab
ECE2AF53-F37D-50C8-B4A7-2C2124208131,lab_observations_synthetic 3.csv,237,lab
1B2DECFA-A9CD-5A4E-BEEB-590131600BBB,lab_observations_synthetic 3.csv,238,lab
EDFA6113-3013-5B5C-A2C9-DB395224820E,lab_observations_synthetic 3.csv,239,lab
55B8A6CE-8529-5103-88B6-63F856D33902,lab_observations_synthetic 3.csv,240,lab
F035251F-2E23-5247-8E58-1823EF153A29,lab_observations_synthetic 3.csv,241,lab
ADAC5A30-9820-5268-BE79-62D426B08D1C,lab_observations_synthetic 3.csv,242,lab
064394A7-B910-5B67-AABA-3069C3728060,lab_observations_synthetic 3.csv,243,lab
824F6B6F-DE73-5E4F-890C-54451B0D88CD,lab_observations_synthetic 3.csv,244,lab
09F3068C-6397-518A-ABD5-7897E7598408,lab_observations_synthetic 3.csv,245,lab
132688F8-9366-5998-BE06-6C4A3FE20553,lab_observations_synthetic 3.csv,246,lab
31779CEF-4361-54DC-BC42-BF916C2EBAFE,lab_observations_synthetic 3.csv,247,lab
EC733AB8-97E2-50BB-AD7F-63A8FB2F15FF,lab_observations_synthetic 3.csv,248,lab
C808B455-4C1D-5046-8B79-B084B51050C8,lab_observations_synthetic 3.csv,249,lab
D4977679-256E-5863-A541-45BB6751CFCE,lab_observations_synthetic 3.csv,250,lab
A17EEC84-1C33-5627-9B62-294F689D9AA1,lab_observations_synthetic 3.csv,251,lab
51F6E387-EDEA-5FBB-B196-BD1AE562A7FD,lab_observations_synthetic 3.csv,252,lab
E6A31344-AC25-59C3-8A83-670885485348,lab_observations_synthetic 3.csv,253,lab
7D4AE84C-639B-5164-A80F-550EACE97FB9,lab_observations_synthetic 3.csv,254,lab
E656C8AD-D978-5D9C-8B2C-0C3AA3EDADB0,lab_observations_synthetic 3.csv,255,lab
1779692B-ACB9-5F2A-B2ED-9183CB619FD9,lab_observations_synthetic 3.csv,256,lab
2FE9BC6B-D9E3-5210-BD55-E8788DF9A8DD,lab_observations_synthetic 3.csv,257,lab
3D18C4EB-7AE5-5F02-86E1-CB597E5309F9,lab_observations_synthetic 3.csv,258,lab
2C9FA992-D830-5908-B853-63A53273D4DB,lab_observations_synthetic 3.csv,259,lab
995C39A1-3508-5430-BC8B-B68C56974A48,lab_observations_synthetic 3.csv,260,lab
CA3E4861-B6BA-55AC-9752-F3A76ED1FF89,lab_observations_synthetic 3.csv,261,lab
FFF76AEB-5E21-5F8F-A9E5-0A16A8E1E13E,lab_observations_synthetic 3.csv,262,lab
E846CC36-AB01-5C17-B3D6-B07BD5106215,lab_observations_synthetic 3.csv,263,lab
A097BFD3-5A27-59CA-9854-540F63134B45,lab_observations_synthetic 3.csv,264,lab
F8FD565B-02C5-54BF-8A18-BBA482350247,lab_observations_synthetic 3.csv,265,lab
1D9F6912-403A-5E98-B2FF-07D603E50210,lab_observations_synthetic 3.csv,266,lab
C7FF9193-50BA-5258-A2B6-C0CCEF647881,lab_observations_synthetic 3.csv,267,lab
9BC4B034-8DCB-5B18-A57A-01DABE057E3E,lab_observations_synthetic 3.csv,268,lab
05CFB448-149E-5926-909B-16AC10FB5950,lab_observations_synthetic 3.csv,269,lab
2161BE9C-54BC-5D29-81EB-BEA9B5238669,lab_observations_synthetic 3.csv,270,lab
07AAFFA0-597C-5229-B807-F68B9D123749,lab_observations_synthetic 3.csv,271,lab
C678877D-3C4C-5E98-A4FE-114BEBC5B434,lab_observations_synthetic 3.csv,272,lab
F793E20D-B0E3-59EE-8C32-66BC59CF286A,lab_observations_synthetic 3.csv,273,lab
42447C39-6CE7-592B-9AF0-5B93FB7DBABF,lab_observations_synthetic 3.csv,274,lab
EC7EE9AE-3577-53E1-9C5F-4785660E2D7F,lab_observations_synthetic 3.csv,275,lab
74C81CF0-437A-5DA4-A7B2-D6369DCB8579,lab_observations_synthetic 3.csv,276,lab
6246D2F9-5E75-596C-B02D-1920E66C2B46,lab_observations_synthetic 3.csv,277,lab
2DD271D3-7CD6-5BE4-8C00-8202EDB3B471,lab_observations_synthetic 3.csv,278,lab
BD9FA561-8621-5DCD-8824-A06FD59411CE,lab_observations_synthetic 3.csv,279,lab
8BC0D6BD-D42C-50C4-8016-59CA4AA259E9,lab_observations_synthetic 3.csv,280,lab
E5ECF56A-54D0-521E-829E-B5BF4AC48A84,lab_observations_synthetic 3.csv,281,lab
5C666EF9-2488-5D1F-A8C3-8AE761A26A13,lab_observations_synthetic 3.csv,282,lab
4E81FE01-6F71-5957-A18B-A96FC930D333,lab_observations_synthetic 3.csv,283,lab
EFCB761F-ACE8-5A20-8E44-A885CF5437CF,lab_observations_synthetic 3.csv,284,lab
DF81D197-524F-5CB1-9602-F1FB68103EE1,lab_observations_synthetic 3.csv,285,lab
C40EB192-551F-5E72-861A-7D0AB37C29E9,lab_observations_synthetic 3.csv,286,lab
0E4E110F-8141-5F99-A00F-2CB63FB7F6CA,lab_observations_synthetic 3.csv,287,lab
565D27DF-6716-5316-A7F1-D49E6D5C17AA,lab_observations_synthetic 3.csv,288,lab
EB73B4CD-9570-540C-B4A0-D569C55E41C4,lab_observations_synthetic 3.csv,289,lab
1E9A4018-3FA4-5BBA-BFB4-5D685A27D5B5,lab_observations_synthetic 3.csv,290,lab
B9707ED2-E578-5BE5-BD13-16926F63B787,lab_observations_synthetic 3.csv,291,lab
EC45FA93-E05C-52B6-8055-E33A8DCC91DD,lab_observations_synthetic 3.csv,292,lab
9042A72F-5944-5EF8-B4B4-8DFA1D24C404,lab_observations_synthetic 3.csv,293,lab
C8241546-A976-5A73-BA6B-32221847A531,lab_observations_synthetic 3.csv,294,lab
38642A9F-5901-5E41-8442-0C0B7F0AC8DD,lab_observations_synthetic 3.csv,295,lab
75374357-7D2C-578A-95B6-C9ED0F77E769,lab_observations_synthetic 3.csv,296,lab
8EADA437-DC2E-5C35-9BA1-30F3CFE4AC2A,lab_observations_synthetic 3.csv,297,lab
36F9727A-88F5-5B75-B28B-CC010F7F9C16,lab_observations_synthetic 3.csv,298,lab
D459CE3D-2936-5C76-9A34-51B5F786131C,lab_observations_synthetic 3.csv,299,lab
BF7F51FA-F25A-51C4-9011-FA745C580F5B,lab_observations_synthetic 3.csv,300,lab
1C5E62AF-1F0A-545A-AA7A-1B7D3A856703,lab_observations_synthetic 3.csv,301,lab
4AC48008-6095-5D4D-AF52-38C97E88EC6C,lab_observations_synthetic 3.csv,302,lab
E8DF7E56-C16B-5583-946F-C04C5C9D61AC,lab_observations_synthetic 3.csv,303,lab
828203D4-2B14-5EEC-B359-CB9AE29DBB84,lab_observations_synthetic 3.csv,304,lab
A546A07E-DB69-5834-918D-18C60E344BF8,lab_observations_synthetic 3.csv,305,lab
8D2646A3-1258-5851-B4B9-3FFFA6DD177D,lab_observations_synthetic 3.csv,306,lab
CB682FBA-4FD7-5D02-8BBA-939B130C2B78,lab_observations_synthetic 3.csv,307,lab
38F771FA-DA66-5FF6-8860-AC66F9882118,lab_observations_synthetic 3.csv,308,lab
0CFDBAD7-6616-51C6-BDCB-0C8A2D50AF67,lab_observations_synthetic 3.csv,309,lab
E3802CA0-CAA4-50A6-BDCE-7FB78608DD3D,lab_observations_synthetic 3.csv,310,lab
8AD7AAD9-3142-58F0-B74F-06C2A97413EA,lab_observations_synthetic 3.csv,311,lab
B282084B-D917-5743-AF15-9D25FFB4A604,lab_observations_synthetic 3.csv,312,lab
BFE7D7A2-5F41-5A4F-B1E7-AA19EF583542,lab_observations_synthetic 3.csv,313,lab
D8BE2282-10C2-5933-B536-CFA45210EA3D,lab_observations_synthetic 3.csv,314,lab
BFC1A61A-F068-56B3-9FBE-244AF9B23303,lab_observations_synthetic 3.csv,315,lab
F9DAA674-A54C-575B-8A8A-0E29EA4956F7,lab_observations_synthetic 3.csv,316,lab
38202BF6-B407-513C-98B2-BA3E31659445,lab_observations_synthetic 3.csv,317,lab
38E7538E-7A6F-525A-94D6-25661EB9CD71,lab_observations_synthetic 3.csv,318,lab
5D7D5B25-D9BA-51F3-9605-B2D6E8741FC8,lab_observations_synthetic 3.csv,319,lab
A301CC7B-3A80-55BF-A60C-99D9FC02D816,lab_observations_synthetic 3.csv,320,lab
34CF4573-66C7-513C-A425-B0F91AEC65AB,lab_observations_synthetic 3.csv,321,lab
B9882B2A-503F-5AB9-9859-0E045C3606E8,lab_observations_synthetic 3.csv,322,lab
DAA6884C-8688-5FF3-9808-18581DD576D8,lab_observations_synthetic 3.csv,323,lab
0F1A9EFB-F749-5931-9189-E8F9E47F3278,lab_observations_synthetic 3.csv,324,lab
D02E551E-9E77-5769-AE08-9A8EBBC92813,lab_observations_synthetic 3.csv,325,lab
731AFE02-4E08-5AC1-BAD8-FCE18EE090B2,lab_observations_synthetic 3.csv,326,lab
4937E4DD-6C2C-55B3-8234-B8DC57915796,lab_observations_synthetic 3.csv,327,lab
3247B3B5-C532-585F-BF64-43C474C84DC1,lab_observations_synthetic 3.csv,328,lab
0B1E67A2-2EAE-55B4-85BD-8A98E5FABE96,lab_observations_synthetic 3.csv,329,lab
C185B212-8C7C-5CCD-AD70-DFA31E7ADB88,lab_observations_synthetic 3.csv,330,lab
0367828C-14F2-5A47-B3F7-43C8D658BBB8,lab_observations_synthetic 3.csv,331,lab
D5DD576D-62DD-5E02-8C44-5CFE5BA103A0,lab_observations_synthetic 3.csv,332,lab
242FDECC-815D-5E47-9BAD-3B57D2E8AEE4,lab_observations_synthetic 3.csv,333,lab
31891A7B-8EE0-5A61-9243-C0053EA34717,lab_observations_synthetic 3.csv,334,lab
42A3973E-DAD7-5E70-B063-BB26A03A418E,lab_observations_synthetic 3.csv,335,lab
511E54A1-6F4C-512D-BFB9-5B21ECCAB8A9,lab_observations_synthetic 3.csv,336,lab
DD91C8BF-74FB-55B3-B9DA-DDE21CF965FD,lab_observations_synthetic 3.csv,337,lab
5C89B99C-AA3E-5883-B128-28E2E8B20CFE,lab_observations_synthetic 3.csv,338,lab
D09BC3EE-98D0-5927-8157-9FFD0D2C0857,lab_observations_synthetic 3.csv,339,lab
F5F0A035-A73E-5576-A6B5-707B2B2BC83F,lab_observations_synthetic 3.csv,340,lab
2F9C8DE7-5BD7-50D2-A344-DDAD1A9F46FD,lab_observations_synthetic 3.csv,341,lab
711C03E5-CFAA-543B-89B0-476B986050C0,lab_observations_synthetic 3.csv,342,lab
B23FCA06-010E-5684-A90E-CD8FFFB1EC04,lab_observations_synthetic 3.csv,343,lab
FBE5D2CE-6B4A-5D8F-B1B0-D238852E7FA5,lab_observations_synthetic 3.csv,344,lab
DB184935-8CFC-5749-B68D-ED9515FD9606,lab_observations_synthetic 3.csv,345,lab
5F1B9663-560F-55CE-978F-6599692ECFB4,lab_observations_synthetic 3.csv,346,lab
8EFD550B-7DAB-5C1E-BF4C-B65ABAD7CCF3,lab_observations_synthetic 3.csv,347,lab
C45D5402-FF09-5A52-B0EA-C2F20CF014D5,lab_observations_synthetic 3.csv,348,lab
7FD206F6-69D8-5BE4-A391-1BF8C6FFBB1D,lab_observations_synthetic 3.csv,349,lab
85FB290D-F51C-579B-98D2-E143E38A26C2,lab_observations_synthetic 3.csv,350,lab
235DB727-3529-5CDF-8E1B-2D1AF2EF3E50,lab_observations_synthetic 3.csv,351,lab
79787ACF-59C7-508D-9289-1214FFA12547,lab_observations_synthetic 3.csv,352,lab
B85E8452-12A8-558D-9951-E25DC1DE83FC,lab_observations_synthetic 3.csv,353,lab
704A06DF-3779-52B6-98E1-CCBD739E65BA,lab_observations_synthetic 3.csv,354,lab
ADA8F7A0-A0D0-5D9F-A8FA-E866E2495904,lab_observations_synthetic 3.csv,355,lab
766EC1C2-6026-55CD-863F-D10B366E9CAF,lab_observations_synthetic 3.csv,356,lab
DFB96CBB-02A1-5EC9-BE7D-883F26F5E8D0,lab_observations_synthetic 3.csv,357,lab
1C7EA0C6-F7CC-53AD-9861-4199E4F9CFE3,lab_observations_synthetic 3.csv,358,lab
99374299-366D-56D9-848C-1CC786969FC8,lab_observations_synthetic 3.csv,359,lab
9F356766-A78A-5D98-8A4F-B09250D2C182,lab_observations_synthetic 3.csv,360,lab
2AF08B79-F27C-585B-A488-A14DD4609DA0,lab_observations_synthetic 3.csv,361,lab
E0BA2DF9-9C58-55E4-B890-A5E4CE3429D8,lab_observations_synthetic 3.csv,362,lab
D4A26430-2B12-5CA4-A2D2-392C0A0E7922,lab_observations_synthetic 3.csv,363,lab
86577762-54A7-526E-B49F-C93CEBF3BB6F,lab_observations_synthetic 3.csv,364,lab
3E13761B-521B-5065-B576-3298C3490020,lab_observations_synthetic 3.csv,365,lab
650F5FDE-8DFA-55D8-835C-2F0B56919BD4,lab_observations_synthetic 3.csv,366,lab
02AB1FDF-4935-5AE6-B6C7-6AE5677BAE90,lab_observations_synthetic 3.csv,367,lab
3739471D-892C-53EF-880B-3C7C6F195B60,lab_observations_synthetic 3.csv,368,lab
631F98D8-54C7-5847-A9AA-60A5CC562A72,lab_observations_synthetic 3.csv,369,lab
F8714627-C488-5019-97AD-9E913486A602,lab_observations_synthetic 3.csv,370,lab
C5C09675-038C-5026-955D-5970EC83828A,lab_observations_synthetic 3.csv,371,lab
7EC0FF71-12EF-5084-89F1-19F277AC584C,lab_observations_synthetic 3.csv,372,lab
3C31A728-3480-5A50-9FEF-4A8A6153639A,lab_observations_synthetic 3.csv,373,lab
3D5367FE-4514-5A4E-B7F5-856CC21E8352,lab_observations_synthetic 3.csv,374,lab
33AEC2E5-585B-53F2-B756-D1ABCE052135,lab_observations_synthetic 3.csv,375,lab
41F3B87B-13AD-5500-B642-7158C9B52334,lab_observations_synthetic 3.csv,376,lab
0B38A423-9622-598F-BBE7-DD54B7C7E8C6,lab_observations_synthetic 3.csv,377,lab
551D1F1E-9EF9-5781-B6C7-E29CC617E05B,lab_observations_synthetic 3.csv,378,lab
8E6C8C60-7353-5725-8206-63B719A9105B,lab_observations_synthetic 3.csv,379,lab
E4191ABE-DA27-5228-A8F3-606501EB0D93,lab_observations_synthetic 3.csv,380,lab
A8561C76-85D5-5E9E-924F-22786A591439,lab_observations_synthetic 3.csv,381,lab
7F61F1A0-D306-58C4-B3ED-37967EB7D476,lab_observations_synthetic 3.csv,382,lab
D71D2D20-9F04-5F54-B409-97B2D0A6ACC8,lab_observations_synthetic 3.csv,383,lab
128779D1-2B16-5A02-ABFA-AEF05FA76891,lab_observations_synthetic 3.csv,384,lab
160DD2CD-00BF-5870-8A1A-0D2B7DA9B18B,lab_observations_synthetic 3.csv,385,lab
38BA3DB2-987D-51A3-925D-11796AB04600,lab_observations_synthetic 3.csv,386,lab
5F860639-0506-5FB9-9844-B6B8F3935ED3,lab_observations_synthetic 3.csv,387,lab
129ADAA8-1D1B-59B9-90FB-5E0C57054448,lab_observations_synthetic 3.csv,388,lab
73B6404D-FDF1-58C1-8F7D-631320731896,lab_observations_synthetic 3.csv,389,lab
C0281D50-9780-52B7-A93D-62181BFAE10C,lab_observations_synthetic 3.csv,390,lab
65C6FDD3-7F28-5710-87CF-A14CEBD36FED,lab_observations_synthetic 3.csv,391,lab
F2F8BC75-1A44-5F70-930E-645D5AE91408,lab_observations_synthetic 3.csv,392,lab
91C1B728-D789-52A8-975E-13A14D02867E,lab_observations_synthetic 3.csv,393,lab
A940E864-3CBF-5790-97DC-5AFE31C9143F,lab_observations_synthetic 3.csv,394,lab
4477E727-58DB-53BB-8705-253912876660,lab_observations_synthetic 3.csv,395,lab
83ED8528-BA51-55DD-972C-C321B3C67221,lab_observations_synthetic 3.csv,396,lab
FD236B35-5128-5323-87DB-8D84B567E1CD,lab_observations_synthetic 3.csv,397,lab
85AE8AC4-E505-598E-9343-EF7BC2B80F59,lab_observations_synthetic 3.csv,398,lab
A6A50AD7-E771-5E6C-B77E-5165A870E710,lab_observations_synthetic 3.csv,399,lab
D94416CA-E7CE-5B77-8512-4C1C55D6552A,lab_observations_synthetic 3.csv,400,lab
6D17BFD9-D212-5E2E-AF8F-8A26279B94B4,lab_observations_synthetic 3.csv,401,lab
F98DF9A9-B6D3-53BC-94D9-CA8C2FA4A56F,lab_observations_synthetic 3.csv,402,lab
8D9F2D6E-25C1-55E0-B87B-41D52A908A7E,lab_observations_synthetic 3.csv,403,lab
CE31B33B-7221-597E-9DC8-42F0D7936AB4,lab_observations_synthetic 3.csv,404,lab
78C4C987-F476-5147-97CB-763BB3AACD37,lab_observations_synthetic 3.csv,405,lab
36AAB64F-BD3C-5734-8CF6-81B394BD97FA,lab_observations_synthetic 3.csv,406,lab
CA9A042D-2F3F-5F72-8503-2D1381D65355,lab_observations_synthetic 3.csv,407,lab
B3B45A86-D8B6-537C-B217-D1E7F098C91D,lab_observations_synthetic 3.csv,408,lab
60E3F8E7-8D62-5A66-9B46-01A525A4A679,lab_observations_synthetic 3.csv,409,lab
6464A144-AB24-5A86-9807-567A161810A8,lab_observations_synthetic 3.csv,410,lab
07788B91-C774-5129-B23E-AEAD1C6C477B,lab_observations_synthetic 3.csv,411,lab
A4E17F0E-E89F-5775-ADC0-52DEC2A9EE94,lab_observations_synthetic 3.csv,412,lab
817D39FA-F1E5-5BA3-BC82-338EE6A6A4B7,lab_observations_synthetic 3.csv,413,lab
7598C6D1-2111-547D-AA07-D6B370A08781,lab_observations_synthetic 3.csv,414,lab
63D20EB1-F352-5C79-A837-0EA1F279C843,lab_observations_synthetic 3.csv,415,lab
54695E4F-1C99-59B8-AD53-DD6474E4A17C,lab_observations_synthetic 3.csv,416,lab
8AE37AF0-3CDD-510A-B905-7F07C4D7C3B4,lab_observations_synthetic 3.csv,417,lab
8F7BB60A-76A2-54D6-8294-D04A87E9FB97,lab_observations_synthetic 3.csv,418,lab
0AC0C7A9-6C3B-5DC2-962D-05C378685A9B,lab_observations_synthetic 3.csv,419,lab
76A4CFBA-B4EE-5518-B7BE-298A00D6DC42,lab_observations_synthetic 3.csv,420,lab
69496876-D981-5047-B3D2-4C224378E781,lab_observations_synthetic 3.csv,421,lab
03669EB0-3A1F-5C9B-8B0D-141996931EB5,lab_observations_synthetic 3.csv,422,lab
B803FF6B-1062-5B2D-B292-B7DB157B3129,lab_observations_synthetic 3.csv,423,lab
256F431C-14C8-519E-BEF7-D525CABDE064,lab_observations_synthetic 3.csv,424,lab
5A79CA83-FE98-5BB2-B07C-9C01A725FE85,lab_observations_synthetic 3.csv,425,lab
98EC6D59-1779-565E-8E03-D6DFA16E61C4,lab_observations_synthetic 3.csv,426,lab
9B449DA9-4C4A-5921-967C-8CF3F13C16BC,lab_observations_synthetic 3.csv,427,lab
CA1BB8CE-CD59-5644-8D2E-A602F9604543,lab_observations_synthetic 3.csv,428,lab
551BBCA0-BB9D-52E6-AB9C-E2B360A356C2,lab_observations_synthetic 3.csv,429,lab
32095A5F-B2CD-5B6F-AAE1-4084451E29F5,lab_observations_synthetic 3.csv,430,lab
E986FA8A-50EE-5594-9B38-01620AFDB3ED,lab_observations_synthetic 3.csv,431,lab
5904F0E5-7CE3-5775-9B42-C967C0FD2CFA,lab_observations_synthetic 3.csv,432,lab
75B48B51-2A9F-55EA-A52A-BBF2FE4C160F,lab_observations_synthetic 3.csv,433,lab
2FE3B605-941D-5E7C-A586-F445AD9D30F8,lab_observations_synthetic 3.csv,434,lab
180272FA-A4C0-5836-9685-E59F58854329,lab_observations_synthetic 3.csv,435,lab
740C92AF-D832-5E26-B832-D6C22F8DECDC,lab_observations_synthetic 3.csv,436,lab
B29ECB3C-EC28-5DB9-BC06-6E93C68EE2C5,lab_observations_synthetic 3.csv,437,lab
DFEA0442-54CD-5641-A24A-8DF79269DFBC,lab_observations_synthetic 3.csv,438,lab
CE32CD42-F826-5F5F-8BAE-1459636FF272,lab_observations_synthetic 3.csv,439,lab
FFEEA2D1-18E5-5508-A82A-2836AE37CFE2,lab_observations_synthetic 3.csv,440,lab
C5627471-C618-5996-8E69-9545FC3A53F7,lab_observations_synthetic 3.csv,441,lab
B170F640-E106-5803-A98F-E837B3283D17,lab_observations_synthetic 3.csv,442,lab
EC49D273-C741-5D76-BEC7-053F15D493CC,lab_observations_synthetic 3.csv,443,lab
EBC79FB3-234E-5C93-953E-58172916042D,lab_observations_synthetic 3.csv,444,lab
D071664E-325E-5D6B-B5FE-A3FC3F115F1B,lab_observations_synthetic 3.csv,445,lab
D7403B1A-23E4-5C94-B199-084B19C2F28E,lab_observations_synthetic 3.csv,446,lab
995B4A04-7B66-5C9D-9D7B-5A67221F67C4,lab_observations_synthetic 3.csv,447,lab
F22979BF-D188-5BBD-9AE0-A37641E4B4FB,lab_observations_synthetic 3.csv,448,lab
22FC4D1D-3BF9-5B25-93D8-A75A78DCF9BB,lab_observations_synthetic 3.csv,449,lab
35268395-C87B-5833-BC5F-E02642229C0E,lab_observations_synthetic 3.csv,450,lab
F65773B1-E851-5F44-97AE-DA3C57F9511C,lab_observations_synthetic 3.csv,451,lab
7CC33501-5906-59E6-B788-3043B53E5990,lab_observations_synthetic 3.csv,452,lab
425196EA-BB3A-5AEB-A13B-D7D00DF4277D,lab_observations_synthetic 3.csv,453,lab
5D3C67CB-1819-595B-8D0E-3A173E47161C,lab_observations_synthetic 3.csv,454,lab
ED15A331-E6B2-539D-8829-52A972A35692,lab_observations_synthetic 3.csv,455,lab
9CC2A5AF-9511-55E6-BBDF-60802A3AD489,lab_observations_synthetic 3.csv,456,lab
6A49BEE2-F30A-59FB-A7AE-81D2A944FF6B,lab_observations_synthetic 3.csv,457,lab
F5AB65D5-6798-5788-8099-43B1BE5704D0,observation_synthetic 3.csv,2,observation
7254E2D9-BC61-51B3-98A3-41B89D7E0AC8,observation_synthetic 3.csv,3,observation
61B48640-7433-5B5E-9B5D-29F93A6700A2,observation_synthetic 3.csv,4,observation
4AE41C80-280D-56DB-A26F-2542F3A2556E,observation_synthetic 3.csv,5,observation
3E4730EE-1E9E-52AA-BC6E-B18F8DE4FDD5,observation_synthetic 3.csv,6,observation
F9C698DC-316E-5599-B0E3-C8B46406E6C6,observation_synthetic 3.csv,7,observation
8C89FFE5-D313-56CE-AE5D-81BF4CF75EBF,observation_synthetic 3.csv,8,observation
ABBE9115-01F5-5B09-92B5-C0D4973E44E8,observation_synthetic 3.csv,9,observation
4E84821D-F4FC-516B-A3BC-51656F8AED01,observation_synthetic 3.csv,10,observation
206F959D-E905-58A9-A91D-0FBA4CB7E305,observation_synthetic 3.csv,11,observation
9E112D74-F3B8-5E81-9387-BABD02868A04,observation_synthetic 3.csv,12,observation
C5427497-9F4A-5729-9569-B72EEFBF2D90,observation_synthetic 3.csv,13,observation
8A78DEF4-57FB-535B-9EF1-047FD4237DF8,observation_synthetic 3.csv,14,observation
D51B5EB6-3E8F-58B9-B964-60690A9B1B5B,observation_synthetic 3.csv,15,observation
E5BEECC0-4B6C-5199-9923-262F5AB81958,observation_synthetic 3.csv,16,observation
922E81B3-4A6C-5A58-B6FC-7D52F97E6A15,observation_synthetic 3.csv,17,observation
B671C52B-5586-55EE-9905-5F10CD25E0BF,observation_synthetic 3.csv,18,observation
98525F92-8C90-5538-AC17-69714776BB65,observation_synthetic 3.csv,19,observation
1339B76D-7318-5430-9264-4C735DEE9AAC,observation_synthetic 3.csv,20,observation
5EB2D123-0E8F-5666-93F9-75FA01CF4AA7,observation_synthetic 3.csv,21,observation
F74C5E37-6422-5E5B-9DCF-7CCE21343006,observation_synthetic 3.csv,22,observation
3E34F217-3F6A-567F-92D1-2712474C548B,observation_synthetic 3.csv,23,observation
A33DE8B0-1655-5E75-9EE3-4D312AA1E6BF,observation_synthetic 3.csv,24,observation
28EE16C0-0D52-5941-B719-CDFBA4F280BE,observation_synthetic 3.csv,25,observation
E7B3E314-E377-53F9-9532-87F464FE7DAF,observation_synthetic 3.csv,26,observation
68B6327F-1CDF-594A-BD4E-3260189C8339,observation_synthetic 3.csv,27,observation
2B8D0446-5C6B-5A12-87E5-303016315104,observation_synthetic 3.csv,28,observation
BE5159A9-65BA-5470-9927-DCE4C1D7E3D9,observation_synthetic 3.csv,29,observation
85A3768D-D085-56BF-9C31-B875167D98A6,observation_synthetic 3.csv,30,observation
E212861F-A3C7-52D7-9686-77CD4AB7A7F8,observation_synthetic 3.csv,31,observation
1D319F2D-AE93-59AA-AFB6-8525949C662C,observation_synthetic 3.csv,32,observation
8A441847-69CE-5188-8378-52563082959A,observation_synthetic 3.csv,33,observation
E1AA598E-88B4-5CEA-879A-9694BD1397E3,observation_synthetic 3.csv,34,observation
3B462118-E591-565F-B75B-CBC18AC70464,observation_synthetic 3.csv,35,observation
A8A2721D-5FF9-5FAD-9C4B-254983FE4C39,observation_synthetic 3.csv,36,observation
4181B53F-E3ED-5F17-A67A-2C71164A6058,observation_synthetic 3.csv,37,observation
B0F70574-2365-53AD-A841-E24F6953EA29,observation_synthetic 3.csv,38,observation
1764967E-B1F2-5C76-8287-6505C055B8FC,observation_synthetic 3.csv,39,observation
30B3AA89-C962-5EBB-BAEB-6E6623F03C60,observation_synthetic 3.csv,40,observation
B3D0D8A7-CD6B-5C9A-BABB-602BCBA4C7C0,observation_synthetic 3.csv,41,observation
CD4DAB61-80C0-5509-B208-8CB13E886983,observation_synthetic 3.csv,42,observation
E7A2CAE9-5687-5C00-8695-9E1985463862,observation_synthetic 3.csv,43,observation
FAA969D8-F62A-50D0-9D82-6E80361CC939,observation_synthetic 3.csv,44,observation
22AC7658-FCB4-54DB-B181-A0158951127C,observation_synthetic 3.csv,45,observation
9B8DD657-A824-5EEE-A82C-3A094B2D5EEE,observation_synthetic 3.csv,46,observation
C9BF0B95-E1CF-5895-99C0-99258764FF09,observation_synthetic 3.csv,47,observation
D56B6385-1537-5841-AF8F-72925BDD3879,observation_synthetic 3.csv,48,observation
3FD31D9F-57B6-5A1A-BD70-A15B4B7E4F4D,observation_synthetic 3.csv,49,observation
40EC2453-6B32-5A9A-BD45-F5889F931875,observation_synthetic 3.csv,50,observation
B0AECF17-A6F1-5DE6-9917-E6678A3E4DFA,observation_synthetic 3.csv,51,observation
0DAA3CBF-4A10-5579-8031-62CF1D574F30,observation_synthetic 3.csv,52,observation
54569CEB-5D78-59AD-938C-845133C3F4A4,observation_synthetic 3.csv,53,observation
51416077-9AA9-5E9F-8F6F-707CA23E72C6,observation_synthetic 3.csv,54,observation
12799C94-8951-5301-9DA0-4E1AF8527520,observation_synthetic 3.csv,55,observation
14C686BE-309F-5CE6-8217-472124F1A372,observation_synthetic 3.csv,56,observation
6C4F40A6-E174-55E6-AC64-861F51F7EBA2,observation_synthetic 3.csv,57,observation
123C07EC-00CD-5158-8545-228687E50418,observation_synthetic 3.csv,58,observation
91621AD1-5A0C-520B-9AE1-060B84A9AA59,observation_synthetic 3.csv,59,observation
2DFD35FD-1606-5EAB-87E7-41C107E0551B,observation_synthetic 3.csv,60,observation
FB8CB618-FE05-5D24-808F-E192E38177C3,observation_synthetic 3.csv,61,observation
467AD1D3-035B-5A0C-9206-1CBD60FAC9B3,observation_synthetic 3.csv,62,observation
EE8A7795-ECE2-5E15-923C-2F20F84758BE,observation_synthetic 3.csv,63,observation
257362F0-8D1B-59BC-A2D2-B1B72D6E45AC,observation_synthetic 3.csv,64,observation
CF4F1564-EC70-5B52-9A18-E8CFF7B56BA7,observation_synthetic 3.csv,65,observation
EBBE809C-6FB4-557F-BF71-9A7203E2D0C2,observation_synthetic 3.csv,66,observation
048D128E-C73C-51F1-A358-9F3089775602,observation_synthetic 3.csv,67,observation
70D09F23-EDBC-522B-974B-63B0E8121441,observation_synthetic 3.csv,68,observation
E46BC330-96B2-5A25-A3B2-39A94BC6B6C3,observation_synthetic 3.csv,69,observation
58E1CF05-BCD6-52D3-A8DB-F081DE61D7B3,observation_synthetic 3.csv,70,observation
A0018485-3024-5DAA-9B37-9A7971160F29,observation_synthetic 3.csv,71,observation
12A27079-1FB9-5D76-B80A-487B69CEEE98,observation_synthetic 3.csv,72,observation
35F73ECA-9C9A-5669-A439-6B67ED2CAE13,observation_synthetic 3.csv,73,observation
EDEA501E-1C74-53D1-B2E4-29E3880AA687,observation_synthetic 3.csv,74,observation
CCC07ABE-EB52-5FF5-BAEE-BF9046CC18CD,observation_synthetic 3.csv,75,observation
B662F758-5500-54AC-A2BF-178A9C875C59,observation_synthetic 3.csv,76,observation
F4E70163-9600-5C58-B97C-61132AC90786,observation_synthetic 3.csv,77,observation
39A23EC5-D4E8-5D0A-B132-7B912AF839B9,observation_synthetic 3.csv,78,observation
324B0ADB-5192-5059-84C8-8F829A6E3B8C,observation_synthetic 3.csv,79,observation
6B654ADA-FB8B-5833-8A3D-84273BB24107,observation_synthetic 3.csv,80,observation
7D453CAC-3098-566F-B408-85D3BD4D0E53,observation_synthetic 3.csv,81,observation
3EEF7C94-E8B2-5D53-8398-5E623E228E68,observation_synthetic 3.csv,82,observation
5AAA4965-A8C4-50D5-9696-D25A9B1362D5,observation_synthetic 3.csv,83,observation
E3EFF016-7F9D-532F-B7FC-4AA063F0450F,observation_synthetic 3.csv,84,observation
C778007D-9A4C-5C5E-9F8B-406C90759CCF,observation_synthetic 3.csv,85,observation
992B7526-3D4E-500F-812C-E437995328EF,observation_synthetic 3.csv,86,observation
F153C024-101E-5EF2-8A6B-35502CC21688,observation_synthetic 3.csv,87,observation
4D2841D0-E97A-5683-950D-DC0919B1D706,observation_synthetic 3.csv,88,observation
863C99D6-F023-5392-BA57-AD44360D508E,observation_synthetic 3.csv,89,observation
19D18A2E-36CC-5C52-9346-C9EE1D5E33D0,observation_synthetic 3.csv,90,observation
21029749-D15F-5928-BEDD-35C0678156C3,observation_synthetic 3.csv,91,observation
2F1DFE86-0509-5FF8-B1EA-2EC5D4056575,observation_synthetic 3.csv,92,observation
35183D4A-51F8-5E33-A760-FC588A9F11B4,observation_synthetic 3.csv,93,observation
E7C6B998-164D-597E-B96B-52F83D2A0D67,observation_synthetic 3.csv,94,observation
FFA536C9-604B-5679-855F-FA61BB967A13,observation_synthetic 3.csv,95,observation
A9B33177-DB85-5AEE-9CF4-5F2082248FAD,observation_synthetic 3.csv,96,observation
D2EFF2DE-295B-59FB-A495-272789AE35D2,observation_synthetic 3.csv,97,observation
7668297D-826A-5EE8-8A06-0DFDBB6968C2,observation_synthetic 3.csv,98,observation
58CA4545-55B4-5BC7-843D-434585396D47,observation_synthetic 3.csv,99,observation
0EF9F7D2-F39C-5E21-93F8-C6273E2018FE,observation_synthetic 3.csv,100,observation
85528093-4AF7-5816-A5E0-0C96E5AE21B3,observation_synthetic 3.csv,101,observation
77D0436B-D9C8-53E6-9984-5D6E22C84605,observation_synthetic 3.csv,102,observation
F8FED78D-C085-52F7-9280-FE0820FA11AC,observation_synthetic 3.csv,103,observation
32A8A4E4-EFBF-59A8-915F-62CD5BAFC6C0,observation_synthetic 3.csv,104,observation
FF55BD21-4753-53C4-BA82-9070FA71A0CB,observation_synthetic 3.csv,105,observation
C2EBDC48-1DAC-534D-808D-DEC89F72F239,observation_synthetic 3.csv,106,observation
200F5EF4-E6E4-5502-ABF5-C5E975401970,observation_synthetic 3.csv,107,observation
BF9EF217-6507-595C-B6D5-8758880B20C7,observation_synthetic 3.csv,108,observation
A7CB2493-CF04-5EBC-A12C-705AA7134CCC,observation_synthetic 3.csv,109,observation
B812C4D9-8B79-51DC-BEB7-56BBF7CD7E2C,observation_synthetic 3.csv,110,observation
323D3E5A-A6EB-52CA-88CC-351CC0A6EFDC,observation_synthetic 3.csv,111,observation
C35268F4-AD8D-5D40-8CA7-322E240850EF,observation_synthetic 3.csv,112,observation
8B880AFE-FB1C-5E4B-BC0B-CB4AEDC454F2,observation_synthetic 3.csv,113,observation
119C1948-E908-550A-9074-8DF511486E21,observation_synthetic 3.csv,114,observation
222C1BBE-B57F-5619-92A9-3B389835E23F,observation_synthetic 3.csv,115,observation
3D1F338C-07EB-56BB-BEFF-925364B0D154,observation_synthetic 3.csv,116,observation
59A47C14-E011-5B7F-B42C-4B891479219B,observation_synthetic 3.csv,117,observation
4A1D6C09-FE8F-52CC-BB82-8E31D9AB7457,observation_synthetic 3.csv,118,observation
D045C3A5-64D0-52F8-A963-95C0E8F5A05C,observation_synthetic 3.csv,119,observation
8108A44D-2302-5F27-B2FE-AA6F0FDD4638,observation_synthetic 3.csv,120,observation
1E1D36AC-E75E-5F52-8457-65A1677C7587,observation_synthetic 3.csv,121,observation
0DB8B0F8-9870-5D48-92D1-4476048D0508,observation_synthetic 3.csv,122,observation
E1436B96-DF68-5E41-B973-CB18FEDF3273,observation_synthetic 3.csv,123,observation
DD100DF2-D4CA-53A8-83BE-B58D01886227,observation_synthetic 3.csv,124,observation
8443F641-E86B-5638-888B-B09C5C6D7DDC,observation_synthetic 3.csv,125,observation
2F1E6ECF-277F-5019-A72D-34DDE9C5AB28,observation_synthetic 3.csv,126,observation
89E32A37-2B0D-54EA-B08B-5C9B79C1EBF7,observation_synthetic 3.csv,127,observation
DAFE1460-7AF1-5A88-9381-4F86B5A28D6D,observation_synthetic 3.csv,128,observation
71B115D5-B0E8-501C-AC1A-F5AEFE14DD83,observation_synthetic 3.csv,129,observation
77F624ED-E658-57CA-BB58-707BA1C47FF9,observation_synthetic 3.csv,130,observation
90B6EC86-7C65-5CC7-A0C8-98C1444A3BE2,observation_synthetic 3.csv,131,observation
DEDCDDC7-C5FD-5851-9E07-E404072F5809,observation_synthetic 3.csv,132,observation
3F63BB04-E1D8-524D-A141-2F290173AB8E,observation_synthetic 3.csv,133,observation
6E96CD4B-0FDD-58D8-849B-B9F35F56DA55,observation_synthetic 3.csv,134,observation
E9063E7B-CEA6-55DE-A9C4-B8226D6C913B,observation_synthetic 3.csv,135,observation
0197E731-74DE-5577-AB97-DEA3C9691E7C,observation_synthetic 3.csv,136,observation
FCF8FAD8-FF06-5E6C-8CAD-CD9DAA2A4B89,observation_synthetic 3.csv,137,observation
BD8264CC-0C1F-5203-83C3-5C177B4EF359,observation_synthetic 3.csv,138,observation
1E003D51-9B50-5EB9-B7A1-388341074C51,observation_synthetic 3.csv,139,observation
A79E8EB4-0052-5685-88BA-BBFF98E59E65,observation_synthetic 3.csv,140,observation
4FDCA126-BE3D-562C-9B7B-DD28FC4BCD48,observation_synthetic 3.csv,141,observation
AA4DE3D6-8823-52F4-BE78-1FFF8A19876A,observation_synthetic 3.csv,142,observation
DC288C31-9C10-5EB6-ADD3-B6567CE28543,observation_synthetic 3.csv,143,observation
D7DD9B2C-93D1-5FEA-BFEE-7AAAA8CDF831,observation_synthetic 3.csv,144,observation
C6A456EE-8B91-5149-98E9-44105060D46E,observation_synthetic 3.csv,145,observation
E29CEBC5-359A-5785-9912-2B3A365B93FE,observation_synthetic 3.csv,146,observation
AC943A3F-4579-5747-A70F-E23C0DB0D72E,observation_synthetic 3.csv,147,observation
D94508C2-9AC8-5D47-AE3A-32F2F49151EC,observation_synthetic 3.csv,148,observation
86EB8B86-9339-5795-81CD-96C5388544D6,observation_synthetic 3.csv,149,observation
1EFE52BD-09F6-506E-8143-B4187707F58A,observation_synthetic 3.csv,150,observation
E7B21FCE-7614-5833-910C-ECDE06899446,observation_synthetic 3.csv,151,observation
376832B7-F3EE-540B-A133-6F999406CD45,observation_synthetic 3.csv,152,observation
08660080-7A1D-5456-98E1-B62943217371,observation_synthetic 3.csv,153,observation
CE2AD243-94FA-5EF9-B434-531993F9254F,observation_synthetic 3.csv,154,observation
1A7205C6-7175-57D6-B2B0-A398B7FC3866,observation_synthetic 3.csv,155,observation
6BA66519-1D3F-5F17-89E0-8CC536D05A9F,observation_synthetic 3.csv,156,observation
BF3D5C68-18C4-546D-BF42-457B5CBAB227,observation_synthetic 3.csv,157,observation
A9CF77BA-D2BA-5648-8954-82671939AA5A,observation_synthetic 3.csv,158,observation
B1AC9B18-BB5E-5BDB-9FA7-B9F5AEDE2BF8,observation_synthetic 3.csv,159,observation
B14BDB2A-CCD1-5DAB-A7FB-CD9323C57EFA,observation_synthetic 3.csv,160,observation
80387E6A-D06F-504D-A31D-9D5C7B016639,observation_synthetic 3.csv,161,observation
A60632D8-932D-5479-A8CC-0E3328BA7C5A,observation_synthetic 3.csv,162,observation
B3042D6D-E29E-5D6D-9B02-26C70EA7B2E4,observation_synthetic 3.csv,163,observation
D3082286-A650-536B-80CF-A7C919D061BD,observation_synthetic 3.csv,164,observation
D00F91C3-AD46-54AC-A79A-D12BD263A702,observation_synthetic 3.csv,165,observation
EB2A7F1A-19A3-5E7B-9B7D-4E145339B1CE,observation_synthetic 3.csv,166,observation
414A6C65-E60E-5A3B-9A42-33C16D84302E,observation_synthetic 3.csv,167,observation
58CDB007-87AD-57AF-9AF0-AC75D4395ADB,observation_synthetic 3.csv,168,observation
071F2CAF-8C2E-559C-8583-B2F5852FA265,observation_synthetic 3.csv,169,observation
8B95DE14-C65E-590A-8E7A-2D7042AD763D,observation_synthetic 3.csv,170,observation
4F4A2F22-5752-5449-845D-0B7B6C35733E,observation_synthetic 3.csv,171,observation
1F739EE2-8E6D-5F51-81EB-59FEF0A625F1,observation_synthetic 3.csv,172,observation
7BBFF005-7D2D-5FA8-A06D-7887983884C0,observation_synthetic 3.csv,173,observation
035A528E-8682-55B4-8786-60EF01C14D53,observation_synthetic 3.csv,174,observation
E01D71DE-E2F2-5F2B-9F17-064B7C6B6708,observation_synthetic 3.csv,175,observation
071E8B76-6CC3-5600-A957-5D21DA791007,observation_synthetic 3.csv,176,observation
51E7C5AA-EDDE-5808-8D31-071A89E08449,observation_synthetic 3.csv,177,observation
068BBBAF-080D-534C-B6FE-3338A88E4426,observation_synthetic 3.csv,178,observation
C9D86471-1A5F-5023-A3A0-FE54922A6269,observation_synthetic 3.csv,179,observation
957BCF20-848B-5D69-A9FC-FF36CF81CC61,observation_synthetic 3.csv,180,observation
62C47410-70D5-5FBA-8D75-12DD6DB9A8C3,observation_synthetic 3.csv,181,observation
D573062F-2FE2-5D69-98F3-54718296CA3C,observation_synthetic 3.csv,182,observation
1E4FB415-6989-5A0E-944A-D5146CB4AEFC,observation_synthetic 3.csv,183,observation
9D76F60C-A0AA-55C2-98FC-5845FCA70FF1,observation_synthetic 3.csv,184,observation
1AD3CE94-C528-5B91-B3E1-A595B2826E05,observation_synthetic 3.csv,185,observation
BF291CB8-2B96-5994-8469-A1916373395D,observation_synthetic 3.csv,186,observation
2BBEEF44-9812-546E-B043-6753E057B761,observation_synthetic 3.csv,187,observation
F4D4520B-7DF6-5EFB-B1A6-EAA0BD027BF1,observation_synthetic 3.csv,188,observation
E601B196-EF04-531D-B490-802992694332,observation_synthetic 3.csv,189,observation
15B36F65-A955-5937-AF3F-AAEE2BDC13C2,observation_synthetic 3.csv,190,observation
42241C89-6EFB-50E7-9470-68A842BD40A9,observation_synthetic 3.csv,191,observation
61A9450F-E460-5A5C-884C-796814A78A60,observation_synthetic 3.csv,192,observation
164A1C6E-AAA6-50D7-9A01-EC301FF1BADB,observation_synthetic 3.csv,193,observation
C59243F2-EE2F-5221-9313-EA0B2202A10B,observation_synthetic 3.csv,194,observation
6E48E2D6-BE38-5AC3-B4EE-2BC4C6ABE367,observation_synthetic 3.csv,195,observation
529CAF9E-FA91-5C15-80B6-0C3ECE4F5886,observation_synthetic 3.csv,196,observation
4F1256AC-C2FD-56C5-A3DB-4C72E3E77B41,observation_synthetic 3.csv,197,observation
351E08D6-AA21-5E12-B883-4BD8CBF8B032,observation_synthetic 3.csv,198,observation
54B74BF3-47D0-5D09-9794-CBDB7480489D,observation_synthetic 3.csv,199,observation
23EE7293-7549-5F03-AF35-3E1A4DDD573A,observation_synthetic 3.csv,200,observation
F2F4729B-7415-50CF-B111-785A4795819F,observation_synthetic 3.csv,201,observation
5E414980-B82D-5654-A49B-C52331C4FCD4,observation_synthetic 3.csv,202,observation
5D8042CF-4D34-55CF-82AE-A372CBBB8F85,observation_synthetic 3.csv,203,observation
6892DF27-302B-556B-B3E7-584756CEAA80,observation_synthetic 3.csv,204,observation
0D4BBC21-1977-59BD-A6BA-2F8AD7A93321,observation_synthetic 3.csv,205,observation
40F1C03B-2D5D-55FA-B144-978B498E59D6,observation_synthetic 3.csv,206,observation
A8223CA6-EF88-59C7-B4B1-A0892BA26142,observation_synthetic 3.csv,207,observation
9EF80099-EDAE-5675-B47D-31ED023F89D2,observation_synthetic 3.csv,208,observation
C50F3F5A-2773-516A-9C51-5745E40FEB92,observation_synthetic 3.csv,209,observation
1DA8A78F-56DA-53C3-B7CE-896706858C1A,observation_synthetic 3.csv,210,observation
40B95E60-AD0B-5220-9F55-8614EED7E345,observation_synthetic 3.csv,211,observation
6DF59E60-4EEC-52B1-8D62-353329A588A6,observation_synthetic 3.csv,212,observation
7ACE3803-3EDD-56AF-9054-875EAB0DCAFB,observation_synthetic 3.csv,213,observation
DEA845BF-5247-553E-A35D-0DDFE3CD3CEA,observation_synthetic 3.csv,214,observation
864F3D18-5C32-5382-BC70-DE0B41928255,observation_synthetic 3.csv,215,observation
6E2A9919-1306-505B-93DE-71036303535E,observation_synthetic 3.csv,216,observation
5FA98B1E-1F8C-5763-9E2D-443D4F37384C,observation_synthetic 3.csv,217,observation
181FC2DA-B071-52AA-9448-0BCF70915533,observation_synthetic 3.csv,218,observation
2FDD8702-348E-598A-A646-5D9706BE19EA,observation_synthetic 3.csv,219,observation
34A82373-A291-5FDA-8947-2283ACEF8089,observation_synthetic 3.csv,220,observation
95A05109-920D-575A-AAF9-2E2B2A844157,observation_synthetic 3.csv,221,observation
555937EE-805F-51BF-8CE9-710D7A9CE027,observation_synthetic 3.csv,222,observation
1E592330-306B-5260-B001-CF3C39743184,observation_synthetic 3.csv,223,observation
27405F39-9DA3-59F0-972E-37334EFA692F,observation_synthetic 3.csv,224,observation
A23FBCE7-B923-59C0-9E28-82CA71C8FB03,observation_synthetic 3.csv,225,observation
CB7C7D7D-83B7-5C79-98AA-CC07AEAEAFE0,observation_synthetic 3.csv,226,observation
C0B77133-3992-5752-8FE4-835AD7243565,observation_synthetic 3.csv,227,observation
15D3648D-8084-5696-B296-1DE6AECC86DC,observation_synthetic 3.csv,228,observation
0F532D37-56E0-51C1-A76C-C43177ADA39F,observation_synthetic 3.csv,229,observation
00661F47-147D-531E-A156-FA918F0BD608,observation_synthetic 3.csv,230,observation
C9E4C4AE-5798-5D71-86CA-92E91A909A80,observation_synthetic 3.csv,231,observation
4BA2AF2C-8926-5A4B-AD0A-D734DA843983,observation_synthetic 3.csv,232,observation
EA23515C-9FFE-58C8-B268-8E90E75E0D62,observation_synthetic 3.csv,233,observation
AC0F1D09-F7F4-5691-8D30-1C26A6647ED8,observation_synthetic 3.csv,234,observation
97F54870-BD9C-5CF7-9F63-02BC8F798B6A,observation_synthetic 3.csv,235,observation
AD5BDB99-DA9D-5515-89DE-EBB36C88C020,observation_synthetic 3.csv,236,observation
D1E44368-FEA4-5BC9-9806-C2806E293D34,observation_synthetic 3.csv,237,observation
D39013E1-CA2B-5768-9F02-CE37B2218D5C,observation_synthetic 3.csv,238,observation
B7F82A87-3E03-524F-83E3-4732FB076141,observation_synthetic 3.csv,239,observation
F3D6AE5D-2045-53FD-BCB7-660BDB78FDAE,observation_synthetic 3.csv,240,observation
D227FC1A-BCAA-5CA2-80E9-42FA7ECBD7CD,observation_synthetic 3.csv,241,observation
3F320AE6-B21B-54D9-9CA0-41A0322EB2DD,observation_synthetic 3.csv,242,observation
882040D3-51E5-5F02-A12A-95DA5AFA4AAC,observation_synthetic 3.csv,243,observation
93DA8623-4EAF-56E2-9F3D-66E6A17B1543,observation_synthetic 3.csv,244,observation
9BE1C08C-C64F-5D6A-9C25-A7F45A78EFC5,observation_synthetic 3.csv,245,observation
3D9D9E44-7CBD-525E-A692-EB9E18E96B28,observation_synthetic 3.csv,246,observation
C21192C6-597A-5891-A1AD-C8A1D2512D44,observation_synthetic 3.csv,247,observation
7CD2B7E6-F758-5F7E-AB36-F700C81988B4,observation_synthetic 3.csv,248,observation
B0737175-0F1C-55A9-90C6-F8E300F0ED8D,observation_synthetic 3.csv,249,observation
B1CE85FE-AFC4-58B5-BF91-E00CD3C541FA,observation_synthetic 3.csv,250,observation
5D10D2EA-7472-5254-AAAA-703B5C75B62E,observation_synthetic 3.csv,251,observation
FE110CA9-3437-5860-AF0D-A724959158A2,observation_synthetic 3.csv,252,observation
6CF7E9A4-D84F-5D0C-910B-1392E6BF9299,observation_synthetic 3.csv,253,observation
E6681AF1-6C29-59E6-BBB4-148896C77A95,observation_synthetic 3.csv,254,observation
23E03C07-4FD3-535A-ADF3-818F875720C2,observation_synthetic 3.csv,255,observation
E99A6FA3-1BA6-51A8-A25E-0DA5BE76F502,observation_synthetic 3.csv,256,observation
2F302C32-8222-56D9-8CDC-82BE41AC5F48,observation_synthetic 3.csv,257,observation
AF620BB7-B6A0-58F8-9EBD-015ED50FD935,observation_synthetic 3.csv,258,observation
788ED54D-AD09-5C1F-9333-F692AEF6983D,observation_synthetic 3.csv,259,observation
98F6276C-E8FC-5B0F-A868-459FA8F6BB95,observation_synthetic 3.csv,260,observation
89FAC4FE-B711-545A-9E41-5762489647A0,observation_synthetic 3.csv,261,observation
6E3B065A-817E-5FBA-A981-A5E658713AC3,observation_synthetic 3.csv,262,observation
AFE34D10-2537-592C-9A97-72D928735245,observation_synthetic 3.csv,263,observation
EB0D16CF-DA96-5EE2-B019-B49818BDC560,observation_synthetic 3.csv,264,observation
4C3698D9-2F0F-5530-BDAA-C7C815CF7018,observation_synthetic 3.csv,265,observation
6E90D0E1-DF63-5F8C-949C-D34A9AE325A7,observation_synthetic 3.csv,266,observation
819C0B1B-FF3E-5E52-89EB-55263FD1E37E,observation_synthetic 3.csv,267,observation
7243D914-E96A-5304-BDB0-934E8C253B98,observation_synthetic 3.csv,268,observation
CE4092C8-67BC-5697-98F0-614ADAFCC79F,observation_synthetic 3.csv,269,observation
42B26683-E955-5234-B22E-97C881CC2011,observation_synthetic 3.csv,270,observation
FBE09D80-4276-5842-AB5F-78E746DBC784,observation_synthetic 3.csv,271,observation
DBDDFAB0-2F39-5CCA-9EA4-149F0540BC6A,observation_synthetic 3.csv,272,observation
A4560A12-8F94-56F4-B28F-7EE9B2F9490E,observation_synthetic 3.csv,273,observation
514286D5-65A5-586F-8083-4C1ACF497E5E,observation_synthetic 3.csv,274,observation
5537DC85-F188-5551-BDC9-A3F2A15134D1,observation_synthetic 3.csv,275,observation
11868CBE-8D87-53A9-AA14-E3E89D9EDE2F,observation_synthetic 3.csv,276,observation
2E4734ED-6D44-507A-8DFC-2D3903A6D80F,observation_synthetic 3.csv,277,observation
819EE986-173C-5D90-B45B-E11962D656BE,observation_synthetic 3.csv,278,observation
BE888D5C-5FCC-54A3-9B1F-6C287DC3BAD0,observation_synthetic 3.csv,279,observation
59BB9C98-97CD-5437-81C0-AD61BF6283ED,observation_synthetic 3.csv,280,observation
582D7361-F9DA-5437-9214-95F8F8FDEDC7,observation_synthetic 3.csv,281,observation
A976D926-0C2F-5613-9958-A448F45049F3,observation_synthetic 3.csv,282,observation
2A7A9A06-2124-5FED-B4B2-01266CE38F64,observation_synthetic 3.csv,283,observation
26857371-AC40-500C-B28F-6C526BB19591,observation_synthetic 3.csv,284,observation
AABED29D-9BC5-5D8E-9F87-DEF54EC66BCD,observation_synthetic 3.csv,285,observation
0848C317-8E8F-534A-B3FC-2F5A51BBDD34,observation_synthetic 3.csv,286,observation
7A787330-FF18-52F0-B3C1-ED394D96A332,observation_synthetic 3.csv,287,observation
A7794ABD-26DA-56D5-9AFB-6AF350EDF989,observation_synthetic 3.csv,288,observation
0506B051-32F9-5D30-BFB6-45113201A90B,observation_synthetic 3.csv,289,observation
1C00396E-B4D1-53A5-A16B-2BB8BAB42BAB,observation_synthetic 3.csv,290,observation
D686E23C-F7CA-5835-94ED-A4DB429C52D2,observation_synthetic 3.csv,291,observation
0785FA69-446D-5CEC-83A9-E03431A2A217,observation_synthetic 3.csv,292,observation
32C014E9-F3EC-59E9-8F5A-B38FC2D568F0,observation_synthetic 3.csv,293,observation
FD2DAE0D-2EC9-5015-BE3B-36EAD1E4D6C5,observation_synthetic 3.csv,294,observation
EAB43E5D-7E93-57AA-B2E6-5C6D1B44ABBD,observation_synthetic 3.csv,295,observation
8E1A51AB-94F8-5694-AAB4-CB3B97285E99,observation_synthetic 3.csv,296,observation
C33F5211-DDF7-5515-97D8-EFEFA79FC0DF,observation_synthetic 3.csv,297,observation
D56B010A-2194-553D-A534-1D5EED74C432,observation_synthetic 3.csv,298,observation
6FF0F158-5D44-5AAE-919C-21C8717E16AF,observation_synthetic 3.csv,299,observation
5A8E6675-ECA0-5252-BE02-8B00F59D9C5A,observation_synthetic 3.csv,300,observation
AF80DCCC-CA61-5B12-8445-E2A838F5715A,observation_synthetic 3.csv,301,observation
7CAF521A-B08E-598A-90B2-048084319F7C,observation_synthetic 3.csv,302,observation
21E9B02C-85E5-5F21-9124-745317C2D48C,observation_synthetic 3.csv,303,observation
5EF24B9F-CAE7-5568-A9B6-7BC3C55728F6,observation_synthetic 3.csv,304,observation
D336F9F4-B9FC-57B1-956D-19F74F2B0DA8,observation_synthetic 3.csv,305,observation
D387739B-C748-5667-817B-5B3000DA600B,observation_synthetic 3.csv,306,observation
8584DD85-7C5F-52DE-84D8-5192AA7958CF,observation_synthetic 3.csv,307,observation
8C9B0020-B19A-50F3-ADC2-F2908A7745CB,observation_synthetic 3.csv,308,observation
BA6CA211-14F8-557C-8D46-43FAA82EAEB4,observation_synthetic 3.csv,309,observation
42D85946-4E9A-57DD-A4AB-AA85BFA235D2,observation_synthetic 3.csv,310,observation
0EEF2516-1B8E-52FB-AC56-24CCC40F44ED,observation_synthetic 3.csv,311,observation
6DC8E910-C4DA-539F-A14D-29361B5FA5BB,observation_synthetic 3.csv,312,observation
07214366-7E2C-5604-8E12-486596D1AC1A,observation_synthetic 3.csv,313,observation
F1A3A3A2-EE67-58FC-A2C0-EB31DEF91B59,observation_synthetic 3.csv,314,observation
1021166F-DA13-56D9-ADAB-24DE4325FB70,observation_synthetic 3.csv,315,observation
A4E3610B-D598-53A1-A383-5EB7F4EDA015,observation_synthetic 3.csv,316,observation
268D0E06-68F5-5631-A746-8E4285AA7EFC,observation_synthetic 3.csv,317,observation
7C147AAF-7CBC-5FB3-A4C6-F4B6303463E4,observation_synthetic 3.csv,318,observation
D2862A6F-8DF2-522F-BF74-4B8A5FC346F0,observation_synthetic 3.csv,319,observation
62D0AA02-702F-59DA-9545-1B42CF0A3CEE,observation_synthetic 3.csv,320,observation
CE647F42-75F5-50AA-AE74-3880C63E0E71,observation_synthetic 3.csv,321,observation
1D4B03B5-33CE-55BF-95F5-070364DAE216,observation_synthetic 3.csv,322,observation
E9EED0A7-BD8C-57EA-BE22-6CF143ED9611,observation_synthetic 3.csv,323,observation
AF5374F6-5EBA-5285-9D5A-9250220D4F98,observation_synthetic 3.csv,324,observation
99D19825-78D7-5B99-BDB6-757C63429533,observation_synthetic 3.csv,325,observation
49D5CBF2-83F8-5E8A-9A91-553C60B7CE0E,observation_synthetic 3.csv,326,observation
63115898-5EB5-5D80-9D22-57953D6EF4C5,observation_synthetic 3.csv,327,observation
ACB3CB5C-3995-525C-A5BC-5E24A604C0B8,observation_synthetic 3.csv,328,observation
62CAC16C-0606-530D-AC97-62AE6A3528D7,observation_synthetic 3.csv,329,observation
25D23649-149C-5685-81DA-0D2D24968DD6,observation_synthetic 3.csv,330,observation
4D66AF5C-24EF-5323-AF57-832CA090CA92,observation_synthetic 3.csv,331,observation
68BC7057-8B68-52FB-B931-F6D63668DA9B,observation_synthetic 3.csv,332,observation
053A5295-EF2D-580B-B61B-F3D3929A8FFC,observation_synthetic 3.csv,333,observation
57DD2F06-A1B4-5BCA-A2A2-E5EEB52E86B6,observation_synthetic 3.csv,334,observation
68F3EA27-2E87-50A5-9B69-B68AB1112786,observation_synthetic 3.csv,335,observation
00A143F7-AAAD-576B-B45B-42E019C756CA,observation_synthetic 3.csv,336,observation
533CE64B-0721-5810-831D-720CECEF6144,observation_synthetic 3.csv,337,observation
6AB3591C-0362-5950-A822-1126B18088D8,observation_synthetic 3.csv,338,observation
E3E47D4B-2685-509C-B4E4-2644BD1D2780,observation_synthetic 3.csv,339,observation
9836D57C-A961-57BA-B08F-B267212756AC,observation_synthetic 3.csv,340,observation
AB0FA587-A24F-51D8-8544-74D006BF95BF,observation_synthetic 3.csv,341,observation
36293026-A0BB-5496-8317-BD06C6D4884F,observation_synthetic 3.csv,342,observation
B0E34CCD-332B-5022-9303-4E225E35F3A2,observation_synthetic 3.csv,343,observation
81D59ACA-B474-559A-9246-3A47DFBEB66C,observation_synthetic 3.csv,344,observation
FA08091F-FBAD-5824-A4B3-E83054C0A1DE,observation_synthetic 3.csv,345,observation
0CA9FD32-BE05-5846-BF5E-E68636EDB5F4,observation_synthetic 3.csv,346,observation
B621EE51-E6DD-5912-88A7-5297393C336A,observation_synthetic 3.csv,347,observation
35B26EE9-4337-5E8F-B777-C3D2F79C84E0,observation_synthetic 3.csv,348,observation
6D1D65AF-5A40-5453-814D-0CF9F5FA0A89,observation_synthetic 3.csv,349,observation
0AC2527E-57EA-5650-BB51-F428228C0037,observation_synthetic 3.csv,350,observation
403C9967-33EC-5A32-AF65-E02828A4D12E,observation_synthetic 3.csv,351,observation
85C7666B-B4D4-5E02-A9D1-A05421139FB7,observation_synthetic 3.csv,352,observation
509AF300-ADEE-51C9-BD99-CE0C739D50F1,observation_synthetic 3.csv,353,observation
8FC2DF80-4850-569B-B8EA-61712CF7C866,observation_synthetic 3.csv,354,observation
9F6F00E2-4E09-5F5A-8036-C00D097CE0DB,observation_synthetic 3.csv,355,observation
FF876B7D-9344-5D2B-9185-84FF88FE4640,observation_synthetic 3.csv,356,observation
E8CEB4A0-A2F0-5A40-8BF0-3F52044D1455,observation_synthetic 3.csv,357,observation
9AC2F6AF-C46C-5321-A2A6-30B800FC1489,observation_synthetic 3.csv,358,observation
4823EF3C-DFE6-572D-9C39-209992D82912,observation_synthetic 3.csv,359,observation
A1F26088-EB65-50E8-804C-F848C7FEAA72,observation_synthetic 3.csv,360,observation
CCBC35A5-AB01-5BA4-9D1B-823738C84EC9,observation_synthetic 3.csv,361,observation
203D7CB4-C3D9-59A4-8CF8-E0BBF3E56E6D,observation_synthetic 3.csv,362,observation
9568A82C-32FE-548E-9E7F-E6EBFB3C9391,observation_synthetic 3.csv,363,observation
92B20AEB-1694-587C-89A2-6068F69080D6,observation_synthetic 3.csv,364,observation
982B6B63-F8E9-5228-A75D-2937074CA1A0,observation_synthetic 3.csv,365,observation
1075FCBD-951D-5DA2-A228-A79EFBC4BBA6,observation_synthetic 3.csv,366,observation
C3A55C44-D774-5400-96D0-4271B53C2B65,observation_synthetic 3.csv,367,observation
88F631A7-EB62-540B-A50F-86487BDA180D,observation_synthetic 3.csv,368,observation
F6ADC649-7AC9-5394-9801-BCED29EF5737,observation_synthetic 3.csv,369,observation
9B231CD7-CD36-5A93-90D8-63C8175B7625,observation_synthetic 3.csv,370,observation
6A530F87-A3ED-548B-87AB-23BD55537397,observation_synthetic 3.csv,371,observation
218D5671-0813-5BFB-8BDC-6770613B4664,observation_synthetic 3.csv,372,observation
EDCD8AFC-2580-598C-8929-E1D88EEA6F02,observation_synthetic 3.csv,373,observation
20CC3F2B-2C8E-5B73-89FD-515060009095,observation_synthetic 3.csv,374,observation
0C0E4B1A-4269-5C2D-B321-95B440697447,observation_synthetic 3.csv,375,observation
12DCB05C-2239-5F36-8ACA-436D6480AD69,observation_synthetic 3.csv,376,observation
AF6A451C-ACB6-569B-8CEA-24AB7A26EF78,observation_synthetic 3.csv,377,observation
AF5A9BD0-CFB9-5A38-BFB9-F223A8E85986,observation_synthetic 3.csv,378,observation
AE715474-BF86-5E96-99F6-EC37E32C2361,observation_synthetic 3.csv,379,observation
473A950A-EE2A-548C-AD44-6B72DFCFC4F9,observation_synthetic 3.csv,380,observation
57FAD7A0-67CC-5478-B76B-CB0A6AD30FBB,observation_synthetic 3.csv,381,observation
0622E48D-4EC6-5C9D-AE99-66F0A0BFCB60,observation_synthetic 3.csv,382,observation
2FB4E129-40B2-5890-BC09-93B3F02F2465,observation_synthetic 3.csv,383,observation
FB68666B-CCBC-5D59-BCFC-F842F8962F13,observation_synthetic 3.csv,384,observation
5C2F6F61-9B08-57F0-87B2-F861844EDF43,observation_synthetic 3.csv,385,observation
7EB768FF-A8FC-53A7-A030-D6367AD36300,observation_synthetic 3.csv,386,observation
605B4B57-2646-59B3-B5C0-191F24B72B71,observation_synthetic 3.csv,387,observation
4CE566FB-03D2-5047-A98D-E9DC14C0471B,observation_synthetic 3.csv,388,observation
9613A76D-6BD9-5443-9ED7-C0666F1ADA6D,observation_synthetic 3.csv,389,observation
18D847CA-5EB7-5E2F-BCFC-6DB4B37F5B6B,observation_synthetic 3.csv,390,observation
812C749D-4BF3-5A2A-A52D-B303E0259D0F,observation_synthetic 3.csv,391,observation
B9F112E2-49AF-5EDD-A235-5CD5AF2F425A,observation_synthetic 3.csv,392,observation
9657A10F-9324-5627-B113-233C3EE277BE,observation_synthetic 3.csv,393,observation
48D1F8D7-57BE-5594-B1B2-7D6BA351D802,observation_synthetic 3.csv,394,observation
249FFC3D-AAAA-538F-BEBF-65664909D728,observation_synthetic 3.csv,395,observation
DE593F23-54AD-5D0F-8633-7BA0551E9B44,observation_synthetic 3.csv,396,observation
0D5F223D-137D-588E-A0C7-06AC98929EB8,observation_synthetic 3.csv,397,observation
7C091F53-7597-5CE7-829E-E319F964FEE2,observation_synthetic 3.csv,398,observation
B8642127-1A27-5FCD-8C33-E7D982CA3441,observation_synthetic 3.csv,399,observation
7475DC4F-AB80-5FF0-84F8-F68018B8BFED,observation_synthetic 3.csv,400,observation
F064781E-DAE4-55B7-88AC-C1C4142FA959,observation_synthetic 3.csv,401,observation
BD57065A-42A4-5E48-95E1-1F4C7C7CDAD6,observation_synthetic 3.csv,402,observation
3A172B6C-D41E-5608-BC67-6AC031C520D3,observation_synthetic 3.csv,403,observation
96B21F30-A653-5D62-A10D-4893A026DA9C,observation_synthetic 3.csv,404,observation
6E01FB4B-7A9B-5E40-BC7C-B31BA97826D7,observation_synthetic 3.csv,405,observation
016EB90B-0D6E-520A-84B2-9EA7B5222E95,observation_synthetic 3.csv,406,observation
5127A7FC-B72D-5378-A3A5-10BB50B3DE5D,observation_synthetic 3.csv,407,observation
808204E2-2087-5B8A-8398-0DF87977AEB6,observation_synthetic 3.csv,408,observation
195250B7-7B8A-55A2-B6F3-818AA812599D,observation_synthetic 3.csv,409,observation
C8C9C656-6E38-5A02-BB89-B6696523750D,observation_synthetic 3.csv,410,observation
1138E461-6922-5B1D-A115-45DEB6CE9E70,observation_synthetic 3.csv,411,observation
A4D97F9A-4C6F-5759-9558-B4B73A0DE278,observation_synthetic 3.csv,412,observation
89D55AC4-7D91-5B49-9E0D-9D1CF7C78F3D,observation_synthetic 3.csv,413,observation
C0F9EAD4-25FF-5EDC-A8ED-6DA55E055A56,observation_synthetic 3.csv,414,observation
A3DA21B0-E5E2-5878-8F79-5F1DC4A3894F,observation_synthetic 3.csv,415,observation
8F3E7D36-47E8-5346-B60D-26E4E4DFE3E1,observation_synthetic 3.csv,416,observation
6B5ABA0A-C7D0-53F5-A230-A3AF4BD022C0,observation_synthetic 3.csv,417,observation
17837DBF-CFD1-5F52-8684-5F7D1E9A1BE6,observation_synthetic 3.csv,418,observation
FC781353-8637-5707-98D9-1696733C1A37,observation_synthetic 3.csv,419,observation
650885DA-0B15-5970-A489-70B0DC62C8F5,observation_synthetic 3.csv,420,observation
AA6A909C-EF99-529C-95B6-205D380A5367,observation_synthetic 3.csv,421,observation
83E09695-9EBD-5BB5-993B-8BFD49644714,observation_synthetic 3.csv,422,observation
522FD394-7F25-558C-B951-0DD475D031AC,observation_synthetic 3.csv,423,observation
A6BF6C49-FA01-5287-9C0A-CF781763D6EC,observation_synthetic 3.csv,424,observation
613478DA-DA70-58AA-8256-C2C05497F895,observation_synthetic 3.csv,425,observation
8825F183-906A-53B8-AF83-57DF00B6D863,observation_synthetic 3.csv,426,observation
63E196B0-EE4B-5A4A-8119-64ADFD048CD4,observation_synthetic 3.csv,427,observation
D88A4267-5BCB-51C6-A80F-57E666CAA25A,observation_synthetic 3.csv,428,observation
7AB9805D-F38B-56E0-8BC7-34DA2A97D262,observation_synthetic 3.csv,429,observation
C0DDCE09-6BF8-55C7-9106-F81CEE9D8EAD,observation_synthetic 3.csv,430,observation
8E319D1E-57FC-5C34-B222-042278F1CB67,observation_synthetic 3.csv,431,observation
B2E5374D-B96A-5BD0-8726-4C95292B0176,observation_synthetic 3.csv,432,observation
D7904B5C-3C1D-5AD4-AE99-2E631744F582,observation_synthetic 3.csv,433,observation
D274FBBF-796D-579A-8638-73F953FC10A8,observation_synthetic 3.csv,434,observation
B7D88D7A-D57B-5465-B8F1-02E4B4664FC7,observation_synthetic 3.csv,435,observation
2219FE44-86C0-517C-AA53-5B3F539B4FB2,observation_synthetic 3.csv,436,observation
1EB77A0A-456D-5E3A-BFDC-F14C759B2EF5,observation_synthetic 3.csv,437,observation
971AA188-F7D9-5D77-B4AD-5A9AE1C98141,observation_synthetic 3.csv,438,observation
C8DBB578-CB0F-50C6-B93C-35C2D02C4F15,observation_synthetic 3.csv,439,observation
716AE8F4-1F0A-5BA6-97B8-A6C105F1D1BC,observation_synthetic 3.csv,440,observation
5C33868C-EC8F-512F-A1AC-FCC8E161EB35,observation_synthetic 3.csv,441,observation
B9BFCC08-8180-5AE9-B9F4-88ABE5F7BE0D,observation_synthetic 3.csv,442,observation
2D8C13B3-99D6-513F-9A20-25793F28023D,observation_synthetic 3.csv,443,observation
08575C41-044C-5C53-B11F-B35AC5848D65,observation_synthetic 3.csv,444,observation
660754A4-2210-56A4-9C7A-E3047C8C468E,observation_synthetic 3.csv,445,observation
8A34569D-5DC4-5BBF-BB45-F2261B429DAD,observation_synthetic 3.csv,446,observation
70091C69-6D3A-5B3B-919F-EF9E2789C329,observation_synthetic 3.csv,447,observation
2FE7A1EF-0430-5855-809C-566C2EC3A303,observation_synthetic 3.csv,448,observation
3F106E41-6738-5766-8578-77E732B66949,observation_synthetic 3.csv,449,observation
BBC557CA-E3D0-5B5C-BCF1-5AD36A8AA10E,observation_synthetic 3.csv,450,observation
A5132739-B75F-5F67-B915-E59633A66459,observation_synthetic 3.csv,451,observation
64CB75DE-DC4C-56BD-B497-DF2D37E09E2D,observation_synthetic 3.csv,452,observation
83FC05F0-0722-5D79-A334-BDD55371FB64,observation_synthetic 3.csv,453,observation
C7D74EC3-32F3-5412-8630-997D82977B8C,observation_synthetic 3.csv,454,observation
5CBD85B2-22EF-567E-A5C5-13927357419D,observation_synthetic 3.csv,455,observation
FE8EEFA3-1A8C-56B8-B296-3C9E125DEAE6,observation_synthetic 3.csv,456,observation
089FF10E-5B3E-5288-A210-653E77CA8B9A,observation_synthetic 3.csv,457,observation
E510DAC9-3495-570C-A1A6-3FA45EEEB9AA,observation_synthetic 3.csv,458,observation
C3990D6D-2663-5E2C-A247-817F8DB13511,observation_synthetic 3.csv,459,observation
D8AFDBD9-130A-5835-BBF0-8F2A69B34C76,observation_synthetic 3.csv,460,observation
8914D0E3-036C-5669-8477-607C61036DCA,observation_synthetic 3.csv,461,observation
EFA62F34-B57D-591C-83F9-92C03EEFC3FE,observation_synthetic 3.csv,462,observation
AE6C6ADE-A4B7-5DB0-82BD-8C4EA97D917B,observation_synthetic 3.csv,463,observation
F8E3DD34-477F-5B4C-9C26-8210B04C6D62,observation_synthetic 3.csv,464,observation
6503C62A-3B28-5948-BBD8-CAAAA4A1D011,observation_synthetic 3.csv,465,observation
14B3D122-8824-5765-B531-958C3191F8E2,observation_synthetic 3.csv,466,observation
F1A16807-C810-58D3-9547-90599679E556,observation_synthetic 3.csv,467,observation
936696A8-D36E-535F-B923-B17162FADB5D,observation_synthetic 3.csv,468,observation
A2A272CA-B76A-5F52-96F0-0A5D45F19E8C,observation_synthetic 3.csv,469,observation
843EDA2E-430D-57FE-9FE2-5BC0EC5E3D5D,observation_synthetic 3.csv,470,observation
B14F2114-3F89-52DB-A30C-42266E88BD87,observation_synthetic 3.csv,471,observation
2EFB5C3C-9602-5B12-ADFA-94163FDF04D4,observation_synthetic 3.csv,472,observation
70461336-ABCD-5C91-BC4C-2BE614F033F4,observation_synthetic 3.csv,473,observation
DD63A7C7-369E-56F3-8395-136122EE7B28,observation_synthetic 3.csv,474,observation
1FBA9481-4A55-5A59-982D-6DC3CC2E9063,observation_synthetic 3.csv,475,observation
F85E1EDD-0B34-55F7-91E5-B5C298B0B8D4,observation_synthetic 3.csv,476,observation
29A695A8-0787-5DC1-AE53-74CD1B943C7C,observation_synthetic 3.csv,477,observation
5752AAC8-1D94-5758-8F6E-C60F123140E7,observation_synthetic 3.csv,478,observation
A6F91F6D-C8E9-52A3-9080-B3C60E470DDF,observation_synthetic 3.csv,479,observation
B5F7C0BA-B430-5613-9838-314F579A0FEB,observation_synthetic 3.csv,480,observation
B232B3A2-C09E-5A33-9BBA-51E4613B5BCB,observation_synthetic 3.csv,481,observation
6ABA21B0-7A70-570F-8AD8-D8920672D813,observation_synthetic 3.csv,482,observation
0516FCF1-855B-57CD-8D18-66AC8695BCD2,observation_synthetic 3.csv,483,observation
B36A1AE7-2399-5562-B058-E349E3FD9633,observation_synthetic 3.csv,484,observation
E642CFFF-9758-5780-8811-3399A987A2D3,observation_synthetic 3.csv,485,observation
0D75D970-8499-5DA8-A99E-D2A883CB1CE4,observation_synthetic 3.csv,486,observation
4996B4E7-43A5-5FCD-8DF6-5D2D2BE288A1,observation_synthetic 3.csv,487,observation
0C34C2BF-9504-5FEF-B05C-16F650F3A5A6,observation_synthetic 3.csv,488,observation
EB238E1C-FC6E-5E13-B865-F21E876697C3,observation_synthetic 3.csv,489,observation
9395F7B0-06A4-5917-AA76-51BFE1B74FEA,observation_synthetic 3.csv,490,observation
5492BCD4-E602-51D7-8383-BC7787C984D0,observation_synthetic 3.csv,491,observation
735C0124-9856-5E0E-865F-D211740F798C,observation_synthetic 3.csv,492,observation
9D25D777-AC24-523D-ACC4-8732A99CCD2A,observation_synthetic 3.csv,493,observation
818B59ED-5406-5A1B-A977-DC399E329049,observation_synthetic 3.csv,494,observation
F3319888-BD23-5DB7-85A2-00E98AA27591,observation_synthetic 3.csv,495,observation
D06AAA05-6560-5A31-8013-97108FF013FC,observation_synthetic 3.csv,496,observation
13AF250B-5B10-516E-A883-4BA0C68D8649,observation_synthetic 3.csv,497,observation
F6C0D983-F466-5950-9768-5DC70BD2D465,observation_synthetic 3.csv,498,observation
190670BA-CB0D-5434-929F-E42CFCA75C0E,observation_synthetic 3.csv,499,observation
3683338E-47CC-541B-A17C-ECCB34DA17AA,observation_synthetic 3.csv,500,observation
E9EAED9F-CB88-507B-B60B-9026097555C6,observation_synthetic 3.csv,501,observation
245D2C36-BFA6-5E6C-9D50-FAA4E6ADE12E,observation_synthetic 3.csv,502,observation
2A7E3F07-7F7A-5192-AFFF-43B7C9EB9FBF,observation_synthetic 3.csv,503,observation
E1AD50B7-6A1F-5A64-9532-8C2F22FA05BF,observation_synthetic 3.csv,504,observation
540A3156-0F58-516C-9833-04D601100A67,observation_synthetic 3.csv,505,observation
8DD907B9-61B3-57B4-A253-C6C1D023D577,observation_synthetic 3.csv,506,observation
D97822BF-1178-5377-A478-0218A2C3C158,observation_synthetic 3.csv,507,observation
8C603B42-81D3-540A-BE99-FA4D5D8E61F9,observation_synthetic 3.csv,508,observation
66B28651-378D-582C-ABD4-7652FFF7A2BE,observation_synthetic 3.csv,509,observation
F10F8968-44F6-5EB8-A79B-D32625BC87C8,observation_synthetic 3.csv,510,observation
BE1096BD-65B3-5065-BC88-523D03F4417D,observation_synthetic 3.csv,511,observation
5CD19F79-6C37-53D4-ABAD-B2604408829F,observation_synthetic 3.csv,512,observation
E4504E03-03CF-55B1-BF47-966B15F5DBA1,observation_synthetic 3.csv,513,observation
D9B46784-5768-5706-8603-8589B64BE96B,observation_synthetic 3.csv,514,observation
5D38D38B-3300-590F-8721-E03AAF205B6D,observation_synthetic 3.csv,515,observation
10076F67-E311-5300-ADF3-22B094CB84FF,observation_synthetic 3.csv,516,observation
A460314A-E386-54E4-8F0A-8FAC6E9B8CEC,observation_synthetic 3.csv,517,observation
FE9215A2-9B8F-54B8-BDDD-E08820EF875C,observation_synthetic 3.csv,518,observation
EF23723E-5053-5A93-A6F1-653AC49BF791,observation_synthetic 3.csv,519,observation
3216BB4E-124E-50A6-9498-45CBB1E73B33,observation_synthetic 3.csv,520,observation
9F8361C0-4A18-5BF9-86FE-EDBC3049D01D,observation_synthetic 3.csv,521,observation
6EDE4C2E-1D93-5743-8482-37149ED98753,observation_synthetic 3.csv,522,observation
3670223C-C77F-5AEB-9E7D-6262DFB76508,observation_synthetic 3.csv,523,observation
C6FCD129-3612-5110-9CCC-3AC62A4FFC6E,observation_synthetic 3.csv,524,observation
BB011A21-8164-5C6A-A012-BDB9A5F4A611,observation_synthetic 3.csv,525,observation
6ABA6CF1-F788-5EEF-B9A2-27F538961EA0,observation_synthetic 3.csv,526,observation
11DF8075-4C1D-5082-A306-C8EEB9BFEE92,observation_synthetic 3.csv,527,observation
2BCC6A18-A17C-59C2-A435-A22EBAC9FA89,observation_synthetic 3.csv,528,observation
59FD2DCC-F399-5C70-8CDE-B1C1EB5C9528,observation_synthetic 3.csv,529,observation
272BFAB7-6565-54E9-BA27-61BF3397F443,observation_synthetic 3.csv,530,observation
27A61A58-FB3D-521E-8031-08691C0B8C27,observation_synthetic 3.csv,531,observation
4BA697CD-45EB-5441-AAD0-302370F09DBA,observation_synthetic 3.csv,532,observation
21CF68BC-3AD3-5217-83ED-B5BE7F45377D,observation_synthetic 3.csv,533,observation
A7CAA5E9-BF5A-5046-931C-570EB13050AF,observation_synthetic 3.csv,534,observation
D692F289-2004-5A37-8604-5FBE3CEF5936,observation_synthetic 3.csv,535,observation
6AF2E59D-932E-5FE0-88CE-DD873F167C08,observation_synthetic 3.csv,536,observation
EE058236-2E1A-5DF0-9345-1052D4B02C1F,observation_synthetic 3.csv,537,observation
703278B4-5744-5CB5-B6BB-730E129BBA39,observation_synthetic 3.csv,538,observation
E46D4EC9-9E0B-55E7-9273-8F1F9AD2FF55,observation_synthetic 3.csv,539,observation
21579D19-2912-5EF0-A6DA-18C281C381EF,observation_synthetic 3.csv,540,observation
AFE94550-90DD-5DA8-BB7A-045F2AF71F48,observation_synthetic 3.csv,541,observation
A0E37225-9305-5C57-A66F-239C498CD313,observation_synthetic 3.csv,542,observation
40790657-16CD-52E0-9FEF-D6C7A13232DD,observation_synthetic 3.csv,543,observation
F87474F2-F5C9-56CC-9276-6CA1C43A32E4,observation_synthetic 3.csv,544,observation
FF3BF5FD-81DE-5C95-9F55-37A6E865D1F8,observation_synthetic 3.csv,545,observation
693011B1-9C5D-5D7A-B21C-27D807434B8E,observation_synthetic 3.csv,546,observation
FC116FD2-6F15-5B51-877C-B12CC7449988,observation_synthetic 3.csv,547,observation
BA675BAC-C030-5E49-9F5C-82E6C7786DB3,observation_synthetic 3.csv,548,observation
A5DC8FA5-AFB2-559A-B50E-23F183B07919,observation_synthetic 3.csv,549,observation
F498BEFC-EB2A-5208-AAFE-FB75CFE9B43D,observation_synthetic 3.csv,550,observation
A574712F-0A17-50A0-BF53-307019B4F07C,observation_synthetic 3.csv,551,observation
7DEA2F74-DB54-5D35-A1D9-AECE13FBBEFC,observation_synthetic 3.csv,552,observation
9FE36561-8A77-583E-BE93-C6B270DE0570,observation_synthetic 3.csv,553,observation
ABD8E3E8-5F42-5016-B897-1A632E0745FC,observation_synthetic 3.csv,554,observation
E66466A1-D35E-5E55-997C-59BD691C6DDD,observation_synthetic 3.csv,555,observation
75F0052A-E39F-5F98-A5A0-D1B4BAC04C93,observation_synthetic 3.csv,556,observation
81BD3EA9-1E6C-5EE5-9843-F4F3D7B60833,observation_synthetic 3.csv,557,observation
EBF6E160-70B3-5457-8F80-1A3E026F00AF,observation_synthetic 3.csv,558,observation
89B20C80-2D9D-53E4-B592-D47F08217CA9,observation_synthetic 3.csv,559,observation
369279D0-C969-52EE-9AC2-CAA7F49F791A,observation_synthetic 3.csv,560,observation
08098476-2931-5CAA-93AB-E13AD9A6584C,observation_synthetic 3.csv,561,observation
3E1DE947-7809-556E-B9CC-2671BC4C5073,observation_synthetic 3.csv,562,observation
1CED53A7-AEE5-57CF-A7FB-82F0E08F63B8,observation_synthetic 3.csv,563,observation
2768C13D-6B39-5BDB-AC3E-65BCD253757F,observation_synthetic 3.csv,564,observation
221B81C1-3884-5147-B72C-E2048B744162,observation_synthetic 3.csv,565,observation
6EF0BE7C-A36D-5EF5-B486-8E5F79DBBCFB,observation_synthetic 3.csv,566,observation
8702BF11-ED58-5A00-92EE-E3EB55B95A97,observation_synthetic 3.csv,567,observation
5D20E6DE-E55E-5A22-928D-6A59F1259FA7,observation_synthetic 3.csv,568,observation
D5512BFA-4548-5C2F-B150-593FACCB0FD5,observation_synthetic 3.csv,569,observation
D6C7AAD4-BAE7-5024-82D4-C9E0BB040A7E,observation_synthetic 3.csv,570,observation
C6E06A7D-5C1E-59EF-809F-AEE67AA465C8,observation_synthetic 3.csv,571,observation
0F306FEE-8C38-552B-9309-0C2AD4140C52,observation_synthetic 3.csv,572,observation
3B0F1644-CE3D-53BA-91D8-D3B7423A7196,observation_synthetic 3.csv,573,observation
6FC3FDB6-E455-5668-BA3A-7C01453D112E,observation_synthetic 3.csv,574,observation
3167663B-7E72-53CB-ADED-A4E25EEC78F7,observation_synthetic 3.csv,575,observation
BAC41FCA-C2C8-5DB2-B672-85CE788C1881,observation_synthetic 3.csv,576,observation
C81B2402-C2FC-5B16-B860-F919E0FB442A,observation_synthetic 3.csv,577,observation
37F04629-3430-5836-A189-C5AAAEA7EF11,observation_synthetic 3.csv,578,observation
6F5F5162-A284-5FCE-B6BC-57270F8C910C,observation_synthetic 3.csv,579,observation
1E8107B5-7AFE-5449-B3F7-457DB3B9D03D,observation_synthetic 3.csv,580,observation
E1542DE3-8EF4-5AE2-81EC-369B592D408B,observation_synthetic 3.csv,581,observation
ECE71A04-DE54-504F-A15A-51956F53614B,observation_synthetic 3.csv,582,observation
8F618C44-8CDA-5C34-985C-F622970F3631,observation_synthetic 3.csv,583,observation
91726BFF-9598-5474-8CB0-DD234E6A793E,observation_synthetic 3.csv,584,observation
C64E803C-6ED7-518A-80EC-BF961642D48B,observation_synthetic 3.csv,585,observation
4F594594-B8DE-5CDF-8C60-540D6FBE5888,observation_synthetic 3.csv,586,observation
15BAAB03-3547-5505-81C5-6B7F9B76596B,observation_synthetic 3.csv,587,observation
2D86C922-AFDF-5203-8056-C845FA824193,observation_synthetic 3.csv,588,observation
EA61C623-E288-5A0D-9394-5EA4813785F1,observation_synthetic 3.csv,589,observation
D4448153-3DA2-5265-B7DA-307FF52CE87C,observation_synthetic 3.csv,590,observation
FC3300F1-7D96-55B2-BA9D-5795A90434E9,observation_synthetic 3.csv,591,observation
5FC3B05D-86D4-5110-9112-C7BA075F26F2,observation_synthetic 3.csv,592,observation
07F442E1-5E9B-58A4-8011-AA4B1A5CECDA,observation_synthetic 3.csv,593,observation
E8CF31F4-4516-54AC-8638-68F72671FE56,observation_synthetic 3.csv,594,observation
7772E86E-BDAA-58EB-B362-5CCE5DD65B1D,observation_synthetic 3.csv,595,observation
F207AD2A-E1CF-5B5F-B1DF-BD7E70DFD1A7,observation_synthetic 3.csv,596,observation
A263977B-19A0-53FF-89D3-2B1313F1E296,observation_synthetic 3.csv,597,observation
59AF1E38-3535-5B35-8FEB-08F1B5B3E189,observation_synthetic 3.csv,598,observation
EB04D001-5B11-5C02-8356-27CEFA9A288C,observation_synthetic 3.csv,599,observation
A92C5FB5-41F9-5CB7-89CE-39EB4F91DECD,observation_synthetic 3.csv,600,observation
13CC213C-A793-5A5F-86DB-D100F193DAEB,observation_synthetic 3.csv,601,observation
E8D70967-9FBE-5005-9CCD-4987054F897F,observation_synthetic 3.csv,602,observation
1FA4D291-9112-51D0-9F12-F77920CA0CC5,observation_synthetic 3.csv,603,observation
2C798992-8652-553A-BE59-3DA343EE92B5,observation_synthetic 3.csv,604,observation
F1D033F1-2C24-57BE-A1D5-843F78957444,observation_synthetic 3.csv,605,observation
5CA87884-E5BE-5B1A-B59B-CAEAFB0A21F4,observation_synthetic 3.csv,606,observation
3A7EE0E6-870B-52CC-B36F-764390A31FDA,observation_synthetic 3.csv,607,observation
4518298E-719A-5833-A3FC-77FC90EEEEB3,observation_synthetic 3.csv,608,observation
E6B62A0D-7CCD-53C0-AE96-0DFEE95E5CED,observation_synthetic 3.csv,609,observation
0DB94C65-FBA1-5894-9890-CA537CEA7DCA,observation_synthetic 3.csv,610,observation
5B4BD259-5CD5-5DEE-8154-11D7605363E3,observation_synthetic 3.csv,611,observation
EC4FB31E-1247-5A45-8926-BADEB68986B3,observation_synthetic 3.csv,612,observation
10B2FC9A-79B4-57A6-A806-FBF4C6E9FEDE,observation_synthetic 3.csv,613,observation
5F951C2B-4DA5-5A47-855E-C414955B86D2,observation_synthetic 3.csv,614,observation
A82639AA-97AB-500B-9EFA-BDF916DA661D,observation_synthetic 3.csv,615,observation
A0506798-DB50-559C-BB20-B9B9B8E68932,observation_synthetic 3.csv,616,observation
36BEABA5-C1ED-5849-A595-F5CD8877C1D2,observation_synthetic 3.csv,617,observation
633BE4AC-B96E-5BBB-A6F7-4EE5E0061BD6,observation_synthetic 3.csv,618,observation
24E138FF-8C7E-50C0-B445-4C5AA6387515,observation_synthetic 3.csv,619,observation
648A9ABD-38B1-5BA8-AE68-D764466B7989,observation_synthetic 3.csv,620,observation
F9AED0CE-922C-5F23-84E4-5F32A909E13C,observation_synthetic 3.csv,621,observation
F6D8CB88-B741-5470-BA1B-47C252E1DB27,observation_synthetic 3.csv,622,observation
C9B9D345-BDE6-5411-9393-18C9017DEF9C,observation_synthetic 3.csv,623,observation
6D76F809-67C6-55CA-A0C9-5081083A793E,observation_synthetic 3.csv,624,observation
62D60461-10A8-5F36-AFF5-895F7B912ECA,observation_synthetic 3.csv,625,observation
EF14F975-E61F-5B51-A0E9-17BA1ED107CD,observation_synthetic 3.csv,626,observation
C8E4DB6B-1271-5818-99D4-DFD9030DD028,observation_synthetic 3.csv,627,observation
37B8B513-FC10-5DE8-A600-9C9EE0254453,observation_synthetic 3.csv,628,observation
8CC3AFC1-FCA3-56A5-9CFE-4399F0FD50F3,observation_synthetic 3.csv,629,observation
EC3DBE82-6DA5-5AF5-93AE-37FD814E19E3,observation_synthetic 3.csv,630,observation
7FD4FBBD-8F4C-595C-AD26-B5BA7F76E360,observation_synthetic 3.csv,631,observation
F4F30757-8B30-52F3-887C-7F64070E6A30,observation_synthetic 3.csv,632,observation
B73F541A-6203-5EBF-AE21-219FCF23733E,observation_synthetic 3.csv,633,observation
C273828A-D977-54BD-BD9B-1D4C0F4CAE5C,observation_synthetic 3.csv,634,observation
3C7FAACA-4560-5E17-A429-12C97C825B43,observation_synthetic 3.csv,635,observation
A0513288-BEA5-524B-B14D-5D566F77B6D2,observation_synthetic 3.csv,636,observation
7B37C040-D921-51E1-A7ED-C7C619183362,observation_synthetic 3.csv,637,observation
BC5D8801-0E5E-5FF0-86B4-61706001E2BC,observation_synthetic 3.csv,638,observation
D5F05716-54CA-5F96-942C-2EF2F2741B31,observation_synthetic 3.csv,639,observation
F6C64DC4-A6F1-586A-B513-071ED61C72DB,observation_synthetic 3.csv,640,observation
B3E5BDD1-F494-595E-9994-E3E729C3ECF3,observation_synthetic 3.csv,641,observation
470F112F-095C-5B92-828A-E3C7C874B495,observation_synthetic 3.csv,642,observation
1A68FA0D-4408-5E29-AB3C-54632B62E753,observation_synthetic 3.csv,643,observation
0A7D1E18-46CB-53E6-9185-046E8464833D,observation_synthetic 3.csv,644,observation
3DAB02D5-F337-5CA3-A685-0B6329B67543,observation_synthetic 3.csv,645,observation
F5AF8634-0749-57B4-BD77-6C9C22B97FAA,observation_synthetic 3.csv,646,observation
5E302635-CF70-5301-8A81-70B4567DD622,observation_synthetic 3.csv,647,observation
548CB9DB-DA1A-594E-9976-DCFFBBA202A3,observation_synthetic 3.csv,648,observation
6031EC7B-1C86-5AB9-9E82-2B1C8FF97593,observation_synthetic 3.csv,649,observation
EC3E47F1-7F2C-5230-A238-C1683EB9560F,observation_synthetic 3.csv,650,observation
8ED40751-56CE-5A17-BB88-32D3A8E82356,observation_synthetic 3.csv,651,observation
1ABC2530-CB8B-510C-8F73-15B20DDC129E,observation_synthetic 3.csv,652,observation
38243567-235C-5CF3-B4A1-BAD2451FAFCC,observation_synthetic 3.csv,653,observation
1E09DA15-96D3-55E8-88B0-2F6FFEB95198,observation_synthetic 3.csv,654,observation
8BF3672C-1C44-5A08-87B1-5BF5C03FAF1A,observation_synthetic 3.csv,655,observation
9829FB99-B38C-53FC-A846-AE423342E167,observation_synthetic 3.csv,656,observation
B530C613-921B-5C5D-927E-DF7D47E4A2BB,observation_synthetic 3.csv,657,observation
5CCEF5F5-B4F7-5677-80BF-7013C6B1C145,observation_synthetic 3.csv,658,observation
E395C1AF-5F98-56D4-9435-6F8290CFD3AF,observation_synthetic 3.csv,659,observation
B405A47A-F374-57F3-8C49-D10D7600A549,observation_synthetic 3.csv,660,observation
B08A2548-C525-552A-B866-68CD5CB24493,observation_synthetic 3.csv,661,observation
668E15F6-3237-56D0-B900-8EB7D5017C6B,observation_synthetic 3.csv,662,observation
73A615D1-0ECB-5FCA-A8AC-8377373853D4,observation_synthetic 3.csv,663,observation
ECC43341-8F9C-53B2-AE56-F3CA6E1CF4B8,observation_synthetic 3.csv,664,observation
4F89F0F3-21E4-5569-95E7-BE6ABDDBDE94,observation_synthetic 3.csv,665,observation
CA8F5FC7-3FE5-5BB8-A582-F8296B8C1CD7,observation_synthetic 3.csv,666,observation
CF782F22-537F-5A0F-A2FC-033F28424A39,observation_synthetic 3.csv,667,observation
77715F78-78EF-5EDD-8177-0446A488B70D,observation_synthetic 3.csv,668,observation
0E545A53-BF96-528C-96BA-40FC8908BA69,observation_synthetic 3.csv,669,observation
B5DD45D0-6A4B-5AA4-B8F4-DDE673E79476,observation_synthetic 3.csv,670,observation
9C01B8F9-65F7-5BD6-A78B-5F282F621E3B,observation_synthetic 3.csv,671,observation
FE4F410B-3541-5BFB-B18E-D42AAFF01BF7,observation_synthetic 3.csv,672,observation
AFC7A610-52D0-540F-9432-A21D3E3BE84C,observation_synthetic 3.csv,673,observation
B0401B2F-8A20-5476-B315-BADF06CD8666,observation_synthetic 3.csv,674,observation
BC72D33C-CD70-5794-95E1-B4D66692F6DA,observation_synthetic 3.csv,675,observation
0BAB6B14-B1AD-5EB2-8B02-07862A51C18B,observation_synthetic 3.csv,676,observation
E0A8C66A-7072-57D0-9B64-BEDB704CF02B,observation_synthetic 3.csv,677,observation
7C2372B4-46B3-551B-A66A-0488B70B9EDE,observation_synthetic 3.csv,678,observation
D98B2B19-0B20-5EA0-A0B9-3A957B1AEDD9,observation_synthetic 3.csv,679,observation
7FD330E6-2703-5C49-9546-CAD630568275,observation_synthetic 3.csv,680,observation
3ADF1B0F-5AF0-5500-B827-D8EFB9D0DD14,observation_synthetic 3.csv,681,observation
37EBE7D5-29FB-5BF3-B853-21B7C3C67433,observation_synthetic 3.csv,682,observation
ED89EFEE-3FB8-5521-8819-D24B575A53DE,observation_synthetic 3.csv,683,observation
7E291572-6BE5-566C-AE36-6A566541375D,observation_synthetic 3.csv,684,observation
9569792B-A149-5155-9253-C08E14075D64,observation_synthetic 3.csv,685,observation
C4D3B99E-8356-5BD0-9C13-1A2BECB903B8,observation_synthetic 3.csv,686,observation
0F164F3A-E3FD-5F99-A5BC-E084A3BD4DE5,observation_synthetic 3.csv,687,observation
4C7DF537-4C7B-5465-848F-A8A3A4A6C532,observation_synthetic 3.csv,688,observation
B890B577-13B9-5848-B4A1-EB6C68537C52,observation_synthetic 3.csv,689,observation
C950F88F-F111-59B9-929F-067530C8059B,observation_synthetic 3.csv,690,observation
85240C3A-0D49-5607-82E4-D7CC41B83C22,observation_synthetic 3.csv,691,observation
7384E3DE-0BEE-5A62-850E-08BD40D91F37,observation_synthetic 3.csv,692,observation
9015965C-E441-5667-9FF5-E2E4B249BC07,observation_synthetic 3.csv,693,observation
DB310DB4-778B-5B90-A977-B4A7985FD40E,observation_synthetic 3.csv,694,observation
6B43E30D-88E5-5B3D-96F7-E7F911AF7C62,observation_synthetic 3.csv,695,observation
0A844224-7350-51C6-AEB5-369260EFC2F6,observation_synthetic 3.csv,696,observation
8DCC8B39-4418-5444-838C-63C8DC827B35,observation_synthetic 3.csv,697,observation
84046D71-F376-5938-ADF2-C7605782BD0A,observation_synthetic 3.csv,698,observation
74AEBAFF-1814-5C15-ADEF-03EC50B41A4B,observation_synthetic 3.csv,699,observation
23B33258-EE5A-53EE-8539-5B31D2DC5783,observation_synthetic 3.csv,700,observation
648E9862-450D-5570-BBF1-74338D5CE293,observation_synthetic 3.csv,701,observation
28B71AB9-8CD7-5B63-AD85-79EDC8365433,observation_synthetic 3.csv,702,observation
72A9607C-1F8F-5121-8278-97A0B0320427,observation_synthetic 3.csv,703,observation
5CC33D5C-AD75-532F-8046-ED6375A17B15,observation_synthetic 3.csv,704,observation
02AF42C9-6F48-548F-A5C7-410CF8FE5579,observation_synthetic 3.csv,705,observation
5A7F9067-1888-50F7-BB41-B6535B44EAB3,observation_synthetic 3.csv,706,observation
D949749E-17EF-5B72-9822-8C168350DD03,observation_synthetic 3.csv,707,observation
A2BCD186-09CB-523D-B16F-237BE4E72296,observation_synthetic 3.csv,708,observation
B78E0ABA-8AE8-5219-8745-48E96BA99376,observation_synthetic 3.csv,709,observation
84CEDC68-280E-5421-9586-EC788A5A316A,observation_synthetic 3.csv,710,observation
371E54EF-F2A8-5C5B-BE10-20DE9B7BE98D,observation_synthetic 3.csv,711,observation
CB4B4D1A-55D9-56AC-8F77-70471B33B731,observation_synthetic 3.csv,712,observation
318D0E6F-E0E0-504F-991B-F3DEFD46A5AD,observation_synthetic 3.csv,713,observation
AA805119-E1D9-513A-98C5-73C25AF415EE,observation_synthetic 3.csv,714,observation
FBD55361-AD64-5F74-BAD5-1A3F83DF762E,observation_synthetic 3.csv,715,observation
106685CE-49A5-51F7-A4B9-65037006445B,observation_synthetic 3.csv,716,observation
FBDC37BC-ADD9-5E44-8F30-568270A661F5,observation_synthetic 3.csv,717,observation
6BF7186E-0580-55B9-AFDD-F7157E2DA130,observation_synthetic 3.csv,718,observation
FA7F656F-5ECB-5554-B2A6-E803874A7BD5,observation_synthetic 3.csv,719,observation
2E160FB8-4664-58FC-BB4C-5F64E4A841DB,observation_synthetic 3.csv,720,observation
505503D6-253B-5E3E-816C-5CB1D1BFB6F1,observation_synthetic 3.csv,721,observation
0A6E53B2-FFCC-55A6-8DDB-CFDAD37C5064,observation_synthetic 3.csv,722,observation
D67B97EF-5AF5-5221-994D-96F7837A5891,observation_synthetic 3.csv,723,observation
CB29E9A9-2493-5081-A473-C8CB848609B5,observation_synthetic 3.csv,724,observation
09277179-27FC-5A94-A778-66725E756179,observation_synthetic 3.csv,725,observation
7501F3B2-A828-54C1-8919-2B78ED4D4FC0,observation_synthetic 3.csv,726,observation
32B1FFC9-CAF2-5FE2-975E-A692AD981D46,observation_synthetic 3.csv,727,observation
AF4A0ADD-5167-591B-9A85-77CB6050FCEA,observation_synthetic 3.csv,728,observation
99177FA9-DE33-5A3C-9AC3-2F84E7ADDBA7,observation_synthetic 3.csv,729,observation
9BE336CF-E88A-57D0-952B-8D770CC887A8,observation_synthetic 3.csv,730,observation
296ABC49-2021-5CF7-943F-41EB5AB15402,observation_synthetic 3.csv,731,observation
582FD5DF-D16A-500A-BF0C-E6BB59B27D66,observation_synthetic 3.csv,732,observation
3B1C9FD6-4483-5FA3-AABC-2425A0E7DD2D,observation_synthetic 3.csv,733,observation
C088A087-2E7C-5259-9560-3E2C6F2C7E5E,observation_synthetic 3.csv,734,observation
79DCA5D7-8B2F-5A0F-869D-4A948D342D9E,observation_synthetic 3.csv,735,observation
8D76B4BB-7DE5-5924-ACAF-62920A553ECA,observation_synthetic 3.csv,736,observation
3BD27AC8-02AB-544E-80EA-1119BB530911,observation_synthetic 3.csv,737,observation
C9CF12D1-199E-5014-9C86-0B167C9AFB4F,observation_synthetic 3.csv,738,observation
263F6FB8-F61D-5300-9F85-5E057332FD7B,observation_synthetic 3.csv,739,observation
5D3D9AE6-D713-595E-9642-55FF0FAFB571,observation_synthetic 3.csv,740,observation
8B8AE2EB-24DA-54D1-BB84-E93D4939693D,observation_synthetic 3.csv,741,observation
C47E5684-93FC-560D-910E-EF8E2438BAE2,observation_synthetic 3.csv,742,observation
A6923E61-E71A-5256-8BA1-025275AEA9FA,observation_synthetic 3.csv,743,observation
EA809BD8-A880-557B-8113-C059A07727AA,observation_synthetic 3.csv,744,observation
B8864CF0-BD5D-54F3-9491-1553410277B6,observation_synthetic 3.csv,745,observation
ACD85800-F29A-5172-BBC4-678E2F60E786,observation_synthetic 3.csv,746,observation
7BD99153-4DDA-5E1F-A8DE-C75C0499C762,observation_synthetic 3.csv,747,observation
92BB4E52-1B13-5CF1-B412-F4A5BD1B4E20,observation_synthetic 3.csv,748,observation
CC9C094F-47CB-529F-AC6B-CFDF43444270,observation_synthetic 3.csv,749,observation
0D759294-FB68-5B92-974A-7A885705E091,observation_synthetic 3.csv,750,observation
1CB7CC36-C551-5D42-B360-E0DB898F5438,observation_synthetic 3.csv,751,observation
8823ACBB-3BA1-5FAF-8829-9162FA353F18,observation_synthetic 3.csv,752,observation
F38D8AC1-E2AB-53D6-A236-078501A29D6C,observation_synthetic 3.csv,753,observation
C45DA829-B82C-5947-A70E-7F71132D12CE,observation_synthetic 3.csv,754,observation
8D24C101-3BD2-5756-AAA4-F17CB10B9CB2,observation_synthetic 3.csv,755,observation
BD0C9239-1569-5ECF-873C-B3389B9E290E,observation_synthetic 3.csv,756,observation
0EA5718C-BE5C-55C9-907D-B58C77537295,observation_synthetic 3.csv,757,observation
81BC133C-565A-51B4-BBBE-B5FF473B0EDB,observation_synthetic 3.csv,758,observation
684C585E-0891-5EFC-B4F9-0A2651895A14,observation_synthetic 3.csv,759,observation
70AFB969-59FD-5A77-9053-C79A5301A7F8,observation_synthetic 3.csv,760,observation
A2C3D7FF-6B70-58D8-8348-C3D71B6993C3,observation_synthetic 3.csv,761,observation
62487515-9AD2-5D60-BC30-FDF57642E6D1,observation_synthetic 3.csv,762,observation
1E6DF17A-8176-5A76-8BF7-F1D760807624,observation_synthetic 3.csv,763,observation
A600F193-39CD-57FD-8CB8-B77B0573490D,observation_synthetic 3.csv,764,observation
B9F0F6BF-751D-591C-8B69-A6CE288B91CE,observation_synthetic 3.csv,765,observation
F56962FF-765E-5D77-BABA-CF8014315701,observation_synthetic 3.csv,766,observation
CD740E01-3026-5153-9C4F-4915D3B8FEAF,observation_synthetic 3.csv,767,observation
85EC7C64-4E5F-5D4A-8F28-EF7D3EB290EC,observation_synthetic 3.csv,768,observation
139191C7-B3E0-5F08-AA97-41A750934636,observation_synthetic 3.csv,769,observation
4446CFEA-D852-58BE-8398-7AF6ED9DBD99,observation_synthetic 3.csv,770,observation
F0AD5496-6B70-5FDB-BE12-AF78C01BD505,observation_synthetic 3.csv,771,observation
4D56C91F-D665-5792-8699-150B116B8600,observation_synthetic 3.csv,772,observation
A9B5CAFE-C114-53E5-B4C7-771043622DFB,observation_synthetic 3.csv,773,observation
D0E74E18-7F9A-5382-B130-44B7562622CB,observation_synthetic 3.csv,774,observation
8B8BBA9E-4D59-5DCC-BE59-69CFB4667ECC,observation_synthetic 3.csv,775,observation
5DD102F1-0FE2-5568-8B75-8EE28B414B36,observation_synthetic 3.csv,776,observation
0B612485-E6DA-5A47-B6B2-1A022F73644F,observation_synthetic 3.csv,777,observation
0B8D455D-337F-5D96-B265-75D381EB97B8,observation_synthetic 3.csv,778,observation
C72825D8-CE98-51C6-B068-E039F37288F7,observation_synthetic 3.csv,779,observation
5EFA7466-B651-5EF4-B5AF-16D591BCE19E,observation_synthetic 3.csv,780,observation
EFFB1D6A-1497-5204-BB71-7AF292EEA499,observation_synthetic 3.csv,781,observation
F90F4B1A-6629-5A5D-92CB-DD555D9DFDC9,observation_synthetic 3.csv,782,observation
22554AAA-CC39-5847-B3BE-038EF6D57E0A,observation_synthetic 3.csv,783,observation
8C728CBB-0D69-58B2-BCF6-A4B420161588,observation_synthetic 3.csv,784,observation
E88201E5-4E69-527F-B0C4-AE66CD372CAE,observation_synthetic 3.csv,785,observation
E3ACD8A1-E894-580B-B47F-6B8EDC582158,observation_synthetic 3.csv,786,observation
834EADBF-1FBF-5C64-B81D-E635CDCBD37E,observation_synthetic 3.csv,787,observation
C5295175-AE36-5459-A6E6-A9890C779817,observation_synthetic 3.csv,788,observation
52DCF001-D69C-570F-B8A2-D84F46358CA6,observation_synthetic 3.csv,789,observation
19F7CD19-40D8-5535-99A6-0973D59442FA,observation_synthetic 3.csv,790,observation
F4F70ABA-8351-5FCB-A74E-3A8537B8F359,observation_synthetic 3.csv,791,observation
A06BFFC2-CCDA-50E1-9F95-CA7926CA7FFF,observation_synthetic 3.csv,792,observation
495C6212-E386-5F78-89BA-1FF43272CC15,observation_synthetic 3.csv,793,observation
282477C9-8DC8-50D5-A28A-EBA7D2D22383,observation_synthetic 3.csv,794,observation
2587267F-C6BA-547D-A57E-78AA9D8C1D4F,observation_synthetic 3.csv,795,observation
C089DA30-EEB5-5717-A189-ECF426A46EF9,observation_synthetic 3.csv,796,observation
B916E10C-C165-56FC-856E-59C03824724B,observation_synthetic 3.csv,797,observation
C480FAAD-CD7B-5926-BADE-A9FB4ACCE467,observation_synthetic 3.csv,798,observation
64320B6A-400C-58CE-822B-B0CC2BC2102F,observation_synthetic 3.csv,799,observation
55598447-0DD6-5A95-B03E-B4FA359EFCA7,observation_synthetic 3.csv,800,observation
6BCC6B70-7497-57A4-A00B-944E5D52238B,observation_synthetic 3.csv,801,observation
BF3CF9E9-0471-576E-89C3-D15E894F9150,observation_synthetic 3.csv,802,observation
C91C5501-97F3-5092-94F9-CF1309F19D75,observation_synthetic 3.csv,803,observation
1A03123D-C66A-56B2-93B8-00A4F665F2A8,observation_synthetic 3.csv,804,observation
4F54A120-44EE-5189-A0EE-4D6EB0B615C6,observation_synthetic 3.csv,805,observation
573CA978-B666-5E9D-98B8-A2CBB866F014,observation_synthetic 3.csv,806,observation
6DC9C34C-B12E-58C3-BA1B-D2024295AB5B,observation_synthetic 3.csv,807,observation
E2112463-119D-5927-BD9E-8CA5BAB3C20C,observation_synthetic 3.csv,808,observation
36DC579A-AE2C-5B31-9B17-76650D79DED6,observation_synthetic 3.csv,809,observation
4EA2E874-2BDA-5DA2-9A93-477498C1306E,observation_synthetic 3.csv,810,observation
4FFD0882-AC67-5058-A442-55221711112D,observation_synthetic 3.csv,811,observation
871420B3-7263-5B9D-967A-77F379C3048F,observation_synthetic 3.csv,812,observation
FFEB6222-4F92-59DB-8458-F51D8A913904,observation_synthetic 3.csv,813,observation
6C0D50A2-279A-54B8-94A0-36BD98E607CE,observation_synthetic 3.csv,814,observation
13441B35-24AA-5DF2-A4FC-94117FDF0E5E,observation_synthetic 3.csv,815,observation
25CB2F70-B4F1-554D-A65A-E6E81F78EE09,observation_synthetic 3.csv,816,observation
21A6FC8B-7D06-58F2-9DFF-A6EE0FEE00D5,observation_synthetic 3.csv,817,observation
B331D114-9927-5B7F-A980-6F3713C3137B,observation_synthetic 3.csv,818,observation
36B48ADA-4B4B-56EA-B4CF-53DCC7F57489,observation_synthetic 3.csv,819,observation
702F0047-C3CF-5C09-99B0-1A45B238B050,observation_synthetic 3.csv,820,observation
D4ED5722-ABB1-50F4-AD9D-66FF6192B5E0,observation_synthetic 3.csv,821,observation
4C0466C5-BCFF-5356-B5F1-198A88185E1A,observation_synthetic 3.csv,822,observation
A68F97EB-8910-5078-A01F-8C4A166C9C28,observation_synthetic 3.csv,823,observation
2AF7F3D7-1334-5B87-BC3E-AD379383BBD8,observation_synthetic 3.csv,824,observation
FCA64E2C-7ADF-53E2-978A-6E65818E69CE,observation_synthetic 3.csv,825,observation
DD5762F3-FD16-56B9-A148-F48B80CD41E8,observation_synthetic 3.csv,826,observation
59CAE9B8-8031-53FB-8944-4659DBD55F19,observation_synthetic 3.csv,827,observation
A3886E73-94EB-5C5A-8512-E9C475C1766D,observation_synthetic 3.csv,828,observation
B94491AC-9F32-5315-92D6-E7724253E371,observation_synthetic 3.csv,829,observation
108C94FD-3400-5F45-8239-5A219A71AD8E,observation_synthetic 3.csv,830,observation
72C48C85-850E-5FC2-B935-77AC26881B67,observation_synthetic 3.csv,831,observation
EB3368B1-B893-545C-B137-45D304BB702B,observation_synthetic 3.csv,832,observation
4BB2B3A0-68E6-5714-975F-6C4BC67CE489,observation_synthetic 3.csv,833,observation
A9FFE37A-EA79-51CB-8496-51FFE2326D15,observation_synthetic 3.csv,834,observation
DA6D72E0-2D35-5D91-A92B-23387B856767,observation_synthetic 3.csv,835,observation
F9835776-1FA6-52D7-80C1-87AFCD17DBE3,observation_synthetic 3.csv,836,observation
D634D818-0C6F-591B-8CA3-1EEC593EE9EC,observation_synthetic 3.csv,837,observation
4E09DDAB-D89B-5CB1-92E8-267F0CC173D6,observation_synthetic 3.csv,838,observation
4E3212BC-C761-5B2A-B0B5-E9B6F2BFFEB5,observation_synthetic 3.csv,839,observation
2A1177EF-8E34-5315-AF41-A1675D6D7587,observation_synthetic 3.csv,840,observation
08681E17-BDC2-53CF-BCD7-5D0B7F5DD67F,observation_synthetic 3.csv,841,observation
F512479D-90C6-5020-9EDD-5510AC7361A5,observation_synthetic 3.csv,842,observation
A3232489-FEEA-5B68-AE85-E1A3F9951249,observation_synthetic 3.csv,843,observation
4936305F-3AD4-51B4-B245-5C5D182E2D87,observation_synthetic 3.csv,844,observation
80C582A9-A239-5503-B76A-A0A08FD20596,observation_synthetic 3.csv,845,observation
0C9B3CD8-FCAC-55BA-9763-6F0FBA69C816,observation_synthetic 3.csv,846,observation
F52AE40D-6BFC-5B25-B495-21E6A5BAD6FD,observation_synthetic 3.csv,847,observation
33DF35A8-B8A2-54B8-B217-4E04F41FE57A,observation_synthetic 3.csv,848,observation
BD0014E7-EF0A-5D0F-8ED3-3DA4830EE711,observation_synthetic 3.csv,849,observation
C50F90C7-5FFF-59EE-9E1E-BB61FC81FAB0,observation_synthetic 3.csv,850,observation
CD17946A-A08B-5D2C-BBC9-8201B30DB8E7,observation_synthetic 3.csv,851,observation
68F6DBC6-3F77-5EB1-83C1-94BCEF11EA6C,observation_synthetic 3.csv,852,observation
609FFB40-3B7F-52B2-9284-9B9101B3CD82,observation_synthetic 3.csv,853,observation
8845E817-4129-5E36-A625-5A8EEF128BF3,observation_synthetic 3.csv,854,observation
CF4042F9-4746-584F-98D0-9A3D38782A0F,observation_synthetic 3.csv,855,observation
66116845-50A0-5BDE-BEF8-C447E1471B70,observation_synthetic 3.csv,856,observation
62DCBB8B-586A-5694-BEDE-93BCD08BC88C,observation_synthetic 3.csv,857,observation
952E7D17-38A4-5136-A397-F499FACE4967,observation_synthetic 3.csv,858,observation
41BF52E0-E144-5B22-BF0F-8541AD7341A2,observation_synthetic 3.csv,859,observation
1372544D-DD4B-5F87-85BF-E06E4E290F9A,observation_synthetic 3.csv,860,observation
84511F6F-5DF6-530B-A187-518DC2F8E383,observation_synthetic 3.csv,861,observation
32563145-D7CB-5F5E-B8D4-FC43781C35BE,observation_synthetic 3.csv,862,observation
6F8221F6-D20A-5397-8E72-C7DA59923432,observation_synthetic 3.csv,863,observation
504BCEFE-3D74-58EA-B03B-DA7B60A02919,observation_synthetic 3.csv,864,observation
4D2F1415-5FEA-544D-8178-5433ED73A0E1,observation_synthetic 3.csv,865,observation
6E96B41A-DF10-5708-A268-00DC88EE15BB,observation_synthetic 3.csv,866,observation
419B7BE1-2062-5FF8-A88E-D52AFB4DF784,observation_synthetic 3.csv,867,observation
268BDA6E-C3D2-5211-B5A6-5E368914D2BE,observation_synthetic 3.csv,868,observation
F0392961-8BA3-5BF0-8619-9BEF24C30679,observation_synthetic 3.csv,869,observation
1BB02CB8-A6ED-52FB-A80B-20762EA393C1,observation_synthetic 3.csv,870,observation
FA8330E4-73BC-51EC-8A2B-0FC275096DF9,observation_synthetic 3.csv,871,observation
D0B054DF-CB2F-5588-97AC-6ACEB97BF9E2,observation_synthetic 3.csv,872,observation
ED860449-F9C8-536C-AD39-F94B9F3AB404,observation_synthetic 3.csv,873,observation
21C13785-CBAB-5BF4-8D63-6C684476ACCE,observation_synthetic 3.csv,874,observation
FE5165C8-80FE-5A5A-8A5B-45A263A619E6,observation_synthetic 3.csv,875,observation
B54AB1BB-9F0B-5CF2-8EB0-7DAB9E74AA38,observation_synthetic 3.csv,876,observation
FD39494C-945D-5756-AF0F-0B12CB8490B7,observation_synthetic 3.csv,877,observation
69C927B6-4551-5CB1-B716-ECDD3F2F40ED,observation_synthetic 3.csv,878,observation
D5FA2B27-D505-58E2-A491-764C0906C00D,observation_synthetic 3.csv,879,observation
6E6760F4-DA4C-5D05-8451-3D9969FCA1AF,observation_synthetic 3.csv,880,observation
1D5141BD-5E89-519B-A4DF-AD98F2F16C61,observation_synthetic 3.csv,881,observation
8E787BD9-AA77-5ECB-8FB2-6A6E0ED8ADE7,observation_synthetic 3.csv,882,observation
8A7ED5F1-D46B-5CB6-ADF0-99256F249765,observation_synthetic 3.csv,883,observation
90430329-FB42-5A10-A7B5-E04DF6EF05CD,observation_synthetic 3.csv,884,observation
95B6B54B-9EED-5E28-B925-1AE901A5244E,observation_synthetic 3.csv,885,observation
1E872683-D791-53E3-B1B5-E60EA599C69E,observation_synthetic 3.csv,886,observation
BCF8F4ED-7905-5F3C-BF44-CFCE7BBA20A9,observation_synthetic 3.csv,887,observation
F6230196-0F26-5B49-BC4E-3E8F5AACF63E,observation_synthetic 3.csv,888,observation
B2F8D57E-29F7-56FA-B49D-BB4AB50C1ED2,observation_synthetic 3.csv,889,observation
ED88CA9A-71A5-5A7F-AD12-522E86034BB8,observation_synthetic 3.csv,890,observation
AFE45B82-3C06-581F-BB75-EF4AC098638E,observation_synthetic 3.csv,891,observation
35DD9BBF-F151-5C04-9904-B5A6AF6003C7,observation_synthetic 3.csv,892,observation
8DCB1DD3-2458-593A-A12E-EB69E713C9BE,observation_synthetic 3.csv,893,observation
97C8E085-361C-555F-B414-0E17FB88238E,observation_synthetic 3.csv,894,observation
CE07C816-BC6F-5024-8450-FECB03A5275E,observation_synthetic 3.csv,895,observation
B08F36B3-F33F-5098-BA01-11631918148F,observation_synthetic 3.csv,896,observation
F53C4E97-7C6E-506E-9749-5FE77276179A,observation_synthetic 3.csv,897,observation
4D4D3CFF-EE79-52EE-B761-7FA0D1888BE1,observation_synthetic 3.csv,898,observation
CB6DF1E7-2DE4-5E47-B6CF-BCACAE3327CB,observation_synthetic 3.csv,899,observation
A6B758EF-C337-546F-83AA-12245322E5A0,observation_synthetic 3.csv,900,observation
5945AC5C-4B7B-536E-9EF7-EBFEC65CF6AA,observation_synthetic 3.csv,901,observation
5A65179C-43E2-5F49-B2E4-6DF6069D928E,observation_synthetic 3.csv,902,observation
7E49DED1-AF2B-5EF2-BA7C-1D5780898888,observation_synthetic 3.csv,903,observation
5F2466A7-EAE4-5F22-B4AF-0EE08E80FA8A,observation_synthetic 3.csv,904,observation
D6FC5500-9D2D-5965-8D09-F3CB41B56712,observation_synthetic 3.csv,905,observation
CF5B916C-9A82-50A7-B3F5-FE8DE940DE85,observation_synthetic 3.csv,906,observation
18AA9C7D-2C11-591E-B5AC-41FBB5A5A1A6,observation_synthetic 3.csv,907,observation
13A3F107-76E4-5DA3-883F-364AD59612C4,observation_synthetic 3.csv,908,observation
AB530C0C-2941-5A75-85E4-5C4160641805,observation_synthetic 3.csv,909,observation
C38ACA2B-CF07-5717-B9D2-776140D2F550,observation_synthetic 3.csv,910,observation
172E19C7-09BD-5AB0-A8C0-AB5121FE90FE,observation_synthetic 3.csv,911,observation
45C73648-4834-5888-B0C9-B199103A3137,observation_synthetic 3.csv,912,observation
540E63CF-0780-5196-BEDD-1537F0A869FD,observation_synthetic 3.csv,913,observation
75B669C4-DBD9-5314-8739-E5C6D0A2D16A,observation_synthetic 3.csv,914,observation
CBEC4AC7-086D-5786-91E3-DF4D1C90077D,observation_synthetic 3.csv,915,observation
22A68DAC-3C1A-5972-9278-EDB391E434F4,observation_synthetic 3.csv,916,observation
E44664E7-4B10-5EA1-921D-B7A2B1C7F38E,observation_synthetic 3.csv,917,observation
9E288465-600A-5FD7-9D67-C9C0ED7E01A4,observation_synthetic 3.csv,918,observation
D4262CE4-815E-5F55-9446-2C0C09E21129,observation_synthetic 3.csv,919,observation
A1E1207A-F6E4-5BE5-9AA0-430C5C34D285,observation_synthetic 3.csv,920,observation
AE26FEC4-7D8C-5DB4-8EEC-33F212F59994,observation_synthetic 3.csv,921,observation
56B3B06F-FBAD-5E14-97EF-6D4ECFD9617F,observation_synthetic 3.csv,922,observation
60ECA083-BBB1-52D6-8C2D-6EA0542541FB,observation_synthetic 3.csv,923,observation
BE39288A-8FA9-55B2-A0F0-F0561B3EFFDB,observation_synthetic 3.csv,924,observation
4C5C2A84-83C7-5B9C-8EB8-074CA143DDE1,observation_synthetic 3.csv,925,observation
05CD2190-1046-5E1D-B3FF-34230749CDAF,observation_synthetic 3.csv,926,observation
FEF45572-B28E-5A99-8096-E4F92604ED88,observation_synthetic 3.csv,927,observation
7A7B54ED-8FCA-5E99-9DAA-AFEE8AFD5AC4,observation_synthetic 3.csv,928,observation
6A929C4F-12C9-5E7A-8B92-BCE514A3E3EA,observation_synthetic 3.csv,929,observation
F7934F2C-38DB-5C85-BEF8-D0E41EB2263E,observation_synthetic 3.csv,930,observation
F74C4635-3E11-518C-A02D-4D7E7983F1A1,observation_synthetic 3.csv,931,observation
465DE246-3EC8-581C-A9F8-AF201EF47A54,observation_synthetic 3.csv,932,observation
A68DBCAA-8BF0-548C-AF17-F4C9EB3A600C,observation_synthetic 3.csv,933,observation
ADAEE2C4-ECB9-5A71-B7A4-2257EA7B5839,observation_synthetic 3.csv,934,observation
1E245408-37EE-551E-9A3B-259A401FEA09,observation_synthetic 3.csv,935,observation
8164BDB5-FC1D-5F0D-8AD4-0EF44EE0D99B,observation_synthetic 3.csv,936,observation
245EB8D5-9D02-5E7E-8717-3A84B5C33028,observation_synthetic 3.csv,937,observation
CD4FBDC3-46DE-5267-AE54-019660A3E3D2,observation_synthetic 3.csv,938,observation
EBC71527-6FA4-5896-AC2A-CF15E02A4ACF,observation_synthetic 3.csv,939,observation
11AD7AE9-6DED-5A1B-A664-E0E1ED0D7649,observation_synthetic 3.csv,940,observation
A03C2D76-221C-5B65-A94F-F97644B90BA8,observation_synthetic 3.csv,941,observation
527F4A44-439E-5C74-B7BE-D6E77FAF4FFA,observation_synthetic 3.csv,942,observation
438C4F09-D088-516E-A5A1-C67501DEE7D7,observation_synthetic 3.csv,943,observation
A8954BE7-07F9-57B1-B2B6-6CECB1019F50,observation_synthetic 3.csv,944,observation
41A71F15-6AD3-5782-BC84-BD91F6A9BDF1,observation_synthetic 3.csv,945,observation
1DE16EE0-4CB6-5FC7-9A4F-3F51256AF5C5,observation_synthetic 3.csv,946,observation
AB887F66-14E4-5E97-84FF-5C5D61FBBDA9,observation_synthetic 3.csv,947,observation
3BC777F0-AC23-53E3-A14A-A6ED806661BF,observation_synthetic 3.csv,948,observation
B240F371-77C5-5D2F-8FE9-61F1FC9F96C1,observation_synthetic 3.csv,949,observation
19C6C110-4D1E-5B2B-90FD-557913B8ADF1,observation_synthetic 3.csv,950,observation
DA698DD5-E2E1-55D1-B976-C5DE029E8061,observation_synthetic 3.csv,951,observation
B7C4BC45-E6AF-5D05-B032-FC7EECD7E2B6,observation_synthetic 3.csv,952,observation
20C6D9C0-23B9-53DF-BD25-56717150EF1A,observation_synthetic 3.csv,953,observation
E806AE8E-C0AF-5F73-87E6-0414B86D51C8,observation_synthetic 3.csv,954,observation
5FFAC4F8-BD79-5DBB-B2D1-AF14562F0B5A,observation_synthetic 3.csv,955,observation
1D8D8ED3-FDB4-5D41-B264-3E9CF493CAAF,observation_synthetic 3.csv,956,observation
5E6EC96D-F4EB-5383-A7A3-5B84A20C27B8,observation_synthetic 3.csv,957,observation
CBD6C224-7BA7-562A-ACED-E64AFC6033D8,observation_synthetic 3.csv,958,observation
A2608A8E-9224-5CCE-AF8D-C785ED1FDBFD,observation_synthetic 3.csv,959,observation
5B1818B1-D702-53AD-B9C7-3766A503A766,observation_synthetic 3.csv,960,observation
3EAF2FB8-BCB0-5366-AA20-5066D7131244,observation_synthetic 3.csv,961,observation
1056DB42-FEE1-5CD5-BDE0-2559B0FAF293,observation_synthetic 3.csv,962,observation
1ED188E8-548A-598B-A094-42FC5F3FBC36,observation_synthetic 3.csv,963,observation
5E01643D-3766-561C-A62F-D2C2240ABA37,observation_synthetic 3.csv,964,observation
12E2A150-BD45-53CF-9123-374893035CBF,observation_synthetic 3.csv,965,observation
EE07658A-9415-593D-93D9-A3A33D535C63,observation_synthetic 3.csv,966,observation
A63A006E-886F-5667-B016-F959E407EE9B,observation_synthetic 3.csv,967,observation
981A8841-7EE8-5C89-BE86-F440A58F0411,observation_synthetic 3.csv,968,observation
00959D05-291A-566A-99CD-238051A164AB,observation_synthetic 3.csv,969,observation
34E84C2D-5685-58BD-8F42-10F7411B0A27,observation_synthetic 3.csv,970,observation
1078ED66-08C9-5683-8C9C-AE65AE487470,observation_synthetic 3.csv,971,observation
9BC33312-3FA9-5647-8472-49FA0814C081,observation_synthetic 3.csv,972,observation
07E98746-02C4-52BC-B29B-6B14BA2F83A9,observation_synthetic 3.csv,973,observation
3EBEB2FE-E883-54A5-BDDE-152BD1569FB8,observation_synthetic 3.csv,974,observation
744E23B1-0D59-531E-BB5A-B79DEAC89639,observation_synthetic 3.csv,975,observation
76463E36-2DF1-5A99-BBF6-DFF2E803A115,observation_synthetic 3.csv,976,observation
808DA81A-D650-5E2F-9900-29B3B7C8EF0F,observation_synthetic 3.csv,977,observation
A97E6FBE-C2EE-55C2-BD11-DE6204D51720,observation_synthetic 3.csv,978,observation
DD9BBBE5-8872-54F9-B5FA-E8556607BD8B,observation_synthetic 3.csv,979,observation
59718B9C-6C63-52CC-9417-EE2EB4880A37,observation_synthetic 3.csv,980,observation
8AF50490-E3C1-52A7-8F0C-FBBBEDBF3CFE,observation_synthetic 3.csv,981,observation
EBC23006-2CE3-5B31-8F05-50587FB48866,observation_synthetic 3.csv,982,observation
952C8928-1B0C-513B-90E2-CA6500D34BCD,observation_synthetic 3.csv,983,observation
66B8A73A-0EB4-5758-A6AC-BE49E913F66A,observation_synthetic 3.csv,984,observation
C26EFFA3-52D5-5D7B-8A19-C15C60BD9CD2,observation_synthetic 3.csv,985,observation
62C44D8D-D195-5E00-8FA2-83A3D8E848B7,observation_synthetic 3.csv,986,observation
9B00D85C-4467-570E-82AD-659314C4F75E,observation_synthetic 3.csv,987,observation
7C267D48-BFFA-50E3-83F2-1B9EA2488B6A,observation_synthetic 3.csv,988,observation
340777F4-777D-5007-986D-6F71D2B8CFB6,observation_synthetic 3.csv,989,observation
5E4F7662-802A-51E6-9D51-86542EF247D2,observation_synthetic 3.csv,990,observation
3F4D1AD7-8900-5828-B349-2D6E50154E39,observation_synthetic 3.csv,991,observation
C799C2AE-227C-514A-BA42-DA64C69876E2,observation_synthetic 3.csv,992,observation
15286805-EF4D-5EA2-94B8-658DCB6D3941,observation_synthetic 3.csv,993,observation
6C30709B-67E3-5A01-AA79-D125D1A862A1,observation_synthetic 3.csv,994,observation
9E32C41D-E018-5273-8275-2C886C1F9B91,observation_synthetic 3.csv,995,observation
AF418AC1-253C-52D5-AFDC-0108D1F25918,observation_synthetic 3.csv,996,observation
8F1206E1-A26E-5E5F-9CB5-46EA2C506A48,observation_synthetic 3.csv,997,observation
E1EE2FF9-1DE3-5767-A896-49ECE73ACC12,observation_synthetic 3.csv,998,observation
5610D3AC-5489-5411-A0E7-CCB258DE8613,observation_synthetic 3.csv,999,observation
689E54CA-FC29-5A55-9701-7EC4D5E79FA1,observation_synthetic 3.csv,1000,observation
4BBB9BF2-3786-56B8-A951-E0E04C5E1077,observation_synthetic 3.csv,1001,observation
E1B7C245-4896-51E6-AAC2-B74BCA803D78,observation_synthetic 3.csv,1002,observation
D0BC3367-08F3-5A1D-B22C-E3F2CCFD63AB,observation_synthetic 3.csv,1003,observation
D9FD0F1F-BB10-5875-AD41-DBAF9498B026,observation_synthetic 3.csv,1004,observation
649FB98B-DB1A-5821-AC0C-9A59172ED2D6,observation_synthetic 3.csv,1005,observation
B25CD2DA-FF9D-5D70-97DF-99D9545CA297,observation_synthetic 3.csv,1006,observation
79F96A56-3644-5498-A75A-36648E8891AD,observation_synthetic 3.csv,1007,observation
651189F8-A751-5D01-8225-0348774AE536,observation_synthetic 3.csv,1008,observation
B52C3424-E0CD-56BB-A0C4-7B914A27F96F,observation_synthetic 3.csv,1009,observation
0E3FBA10-CFA4-5441-A4C6-8D438F51C152,observation_synthetic 3.csv,1010,observation
92541541-2C27-5099-84A3-CA691C584AEE,observation_synthetic 3.csv,1011,observation
64E641D8-B098-5511-9788-0DBF325EE231,observation_synthetic 3.csv,1012,observation
74ECDCFF-EC4A-52BB-B510-350037579FF1,observation_synthetic 3.csv,1013,observation
2BB7E0DE-2032-57FD-9DD9-415E2346804E,observation_synthetic 3.csv,1014,observation
357B3BBA-0D32-54E4-82B4-FF67B8A4773A,observation_synthetic 3.csv,1015,observation
7E2B54E9-8216-5AED-9D89-E099B568965D,observation_synthetic 3.csv,1016,observation
C4092EEF-997C-5B4D-983E-599A21677C6F,observation_synthetic 3.csv,1017,observation
9E0E59B9-2E7C-5896-BB34-0A590B079111,observation_synthetic 3.csv,1018,observation
1CC77655-3100-5C27-944B-D315C43CF549,observation_synthetic 3.csv,1019,observation
98BF67EE-7BF1-58E6-821F-8553A8A98FF5,observation_synthetic 3.csv,1020,observation
FA0DEB47-D00E-5834-927C-255B38C7559E,observation_synthetic 3.csv,1021,observation
68D9252F-5939-53A5-8555-10D5F491F324,observation_synthetic 3.csv,1022,observation
DD12496F-BAFD-5A66-99DE-69BE4422B008,observation_synthetic 3.csv,1023,observation
72CC3DE2-38ED-512F-B642-CFB317219ECA,observation_synthetic 3.csv,1024,observation
725D18BF-617F-5757-995E-A210F55881B0,observation_synthetic 3.csv,1025,observation
F84B0F0E-BC51-51FE-B60D-678F22980387,observation_synthetic 3.csv,1026,observation
A8AD1E90-3666-5B37-97CE-A19DE8882A25,observation_synthetic 3.csv,1027,observation
E3F35542-2D23-5330-B2D3-6D0E4874F0D4,observation_synthetic 3.csv,1028,observation
05862CAA-7A53-56C6-95FD-01EA5A98F4A8,observation_synthetic 3.csv,1029,observation
E3D2385E-AE4A-592F-B9A3-3FEA4F157600,observation_synthetic 3.csv,1030,observation
47284B9D-44CD-5590-B17D-D90109079515,observation_synthetic 3.csv,1031,observation
7A7D630C-5CA7-502B-97A3-427413C75989,observation_synthetic 3.csv,1032,observation
EACA73A1-11BA-56D1-BF39-0A69129FC8BB,observation_synthetic 3.csv,1033,observation
D165D6BD-7903-5AF3-A8E7-BB41947861C1,observation_synthetic 3.csv,1034,observation
3873A55B-38A9-5AC5-A0DB-3B33B9851727,observation_synthetic 3.csv,1035,observation
547AF6BF-49AE-5836-8C11-F8B99431A446,observation_synthetic 3.csv,1036,observation
E94DC4A9-6480-57CE-BF94-672885340B4E,observation_synthetic 3.csv,1037,observation
D3CE51DD-8E5A-548A-BD9B-5D1D6823D4AD,observation_synthetic 3.csv,1038,observation
B7412B6E-856C-50A7-81E6-6352D2D06A09,observation_synthetic 3.csv,1039,observation
2774FF64-7815-5DA0-B952-387E7147BD66,observation_synthetic 3.csv,1040,observation
7E8EE11E-15E4-5A22-B303-E6B1D47EC5F0,observation_synthetic 3.csv,1041,observation
22C47138-38CE-5983-9363-7CF908DB47FF,observation_synthetic 3.csv,1042,observation
928BBEA2-AC17-5FE9-97B2-3A8FEC943812,observation_synthetic 3.csv,1043,observation
B30E09C4-C37F-5A98-8BC9-25020B163B13,observation_synthetic 3.csv,1044,observation
5000C2B3-674E-5D1E-A776-C5DB446AEE50,observation_synthetic 3.csv,1045,observation
4EE612CD-843B-5563-AFBF-2DB11188A5C4,observation_synthetic 3.csv,1046,observation
06324121-B0F9-5F25-A3BB-FC5965A7ADB9,observation_synthetic 3.csv,1047,observation
1755232B-BE7A-5CA6-93C3-CA24EE56D710,observation_synthetic 3.csv,1048,observation
072E10A3-068A-5E83-8046-0DA4163F2F3C,observation_synthetic 3.csv,1049,observation
E08EF8BE-0FD1-54B9-B235-A386C34599DC,observation_synthetic 3.csv,1050,observation
18056788-1635-597D-8BE8-C86C0D6F5C38,observation_synthetic 3.csv,1051,observation
C79C21D3-2FAE-51B6-8950-88A1D963EE43,observation_synthetic 3.csv,1052,observation
677A5C51-0E6A-527E-A7BC-1C4377F7088C,observation_synthetic 3.csv,1053,observation
74C6DBF2-C0D9-5A6F-AE03-E1F6CAF8AD52,observation_synthetic 3.csv,1054,observation
7483B21B-DDCD-59B9-BF68-4F455675E105,observation_synthetic 3.csv,1055,observation
9F888426-4AF1-53C2-B149-38B665691E4A,observation_synthetic 3.csv,1056,observation
86E5FA77-5652-5B4D-8336-C49ED47C7993,observation_synthetic 3.csv,1057,observation
471C73AE-38C9-5D05-9E84-B3482F6E9B80,observation_synthetic 3.csv,1058,observation
40BB7172-7589-51BB-8D55-797EF33322DD,observation_synthetic 3.csv,1059,observation
310AFFD0-8FB3-5F45-89C2-89797C3FD0DC,observation_synthetic 3.csv,1060,observation
05DD0966-2704-5EA9-9463-12101A56393E,observation_synthetic 3.csv,1061,observation
5DA92933-EF46-527C-96F3-CC20FF0AEC1B,observation_synthetic 3.csv,1062,observation
E0E2A00F-910B-53BA-958E-F1A36FBC8BE1,observation_synthetic 3.csv,1063,observation
4E3AD6A4-6083-5716-A48A-84E86088B711,observation_synthetic 3.csv,1064,observation
19EB8624-C3A4-5502-815C-7C3FD633B159,observation_synthetic 3.csv,1065,observation
0C8FE71A-2550-53BF-AE50-1C439187384E,observation_synthetic 3.csv,1066,observation
5AB7EA01-0F82-5F8B-B887-5E42C4D68DF0,observation_synthetic 3.csv,1067,observation
0B04F8FE-21B3-5F2D-B334-0DA766A7121A,observation_synthetic 3.csv,1068,observation
46F04DCF-B0FC-5793-8AD1-EF0CF2510535,observation_synthetic 3.csv,1069,observation
99894458-17A7-5027-AD06-C635F26E8EC6,observation_synthetic 3.csv,1070,observation
9266C775-B4D2-5838-943A-596A0A92423E,observation_synthetic 3.csv,1071,observation
C9AFF4A3-EECC-55EE-A7C9-79DFBBFE3AB1,observation_synthetic 3.csv,1072,observation
1C71FCE0-C3A3-5422-A262-789A74062695,observation_synthetic 3.csv,1073,observation
2B975417-6632-5906-92DB-D919B14A2313,observation_synthetic 3.csv,1074,observation
1EDF1A51-0F61-572C-9089-3EEA11963C8F,observation_synthetic 3.csv,1075,observation
88B7CD9A-19B2-52EB-9723-A7A78EA62B51,observation_synthetic 3.csv,1076,observation
17952DDE-5883-5C02-BCE0-4BFD225A4689,observation_synthetic 3.csv,1077,observation
C3BA66C4-A3CE-5A33-92A5-07B045E8E987,observation_synthetic 3.csv,1078,observation
E4DD84A4-705C-5022-9904-1DDF61AE0BF3,observation_synthetic 3.csv,1079,observation
9A9E6429-42B0-5006-B426-0DF7A099FCA6,observation_synthetic 3.csv,1080,observation
6A912906-1DBC-5130-8654-1D20A2A49956,observation_synthetic 3.csv,1081,observation
A4F0DAD8-500B-5346-A0F0-68CA1E074DF6,observation_synthetic 3.csv,1082,observation
318B04B9-6DB1-5C74-8B30-F88533DED50B,observation_synthetic 3.csv,1083,observation
AF4B0A09-4BE3-5F29-B0B8-59D0908E0FD9,observation_synthetic 3.csv,1084,observation
6AB6F4B4-36DC-5853-A7D9-45C97164EC23,observation_synthetic 3.csv,1085,observation
144EC737-BC4D-50E5-9CD7-6BCCACA9229F,observation_synthetic 3.csv,1086,observation
811A086D-4524-578E-992B-1B63A59923C2,observation_synthetic 3.csv,1087,observation
1BCFB0F6-BC4F-5B80-A721-517C9FB2CBF6,observation_synthetic 3.csv,1088,observation
EA9FB7A9-D5D9-5AAF-9108-1E2C112968B6,observation_synthetic 3.csv,1089,observation
DC943482-15EC-59F9-9F81-54D6E03D6C00,observation_synthetic 3.csv,1090,observation
82F89977-BD85-5F32-AE41-858F9869AC6B,observation_synthetic 3.csv,1091,observation
4167DB0F-790A-5959-8E2B-CA01E46F9227,observation_synthetic 3.csv,1092,observation
A902415D-3A6D-5507-819F-6B2E6B108678,observation_synthetic 3.csv,1093,observation
C066385A-27E0-5459-912A-5D13E1F99AC2,observation_synthetic 3.csv,1094,observation
F12720CC-D02A-524A-89BC-0DECF7675AA1,observation_synthetic 3.csv,1095,observation
4F81E5A3-07B7-51AD-B47F-353C7B1386B9,observation_synthetic 3.csv,1096,observation
637CD1C0-2C7B-56EB-A6A3-A66FFB674AEB,observation_synthetic 3.csv,1097,observation
5F451EE3-13C8-50C0-861B-AD7B0F266E88,observation_synthetic 3.csv,1098,observation
6F79C586-836C-5EC0-B65A-0B19D3010606,observation_synthetic 3.csv,1099,observation
8BAA5EA3-E5EC-59AE-988F-0CC6BCFBE604,observation_synthetic 3.csv,1100,observation
1238D8AC-2EBA-58A4-A86A-AB27A558CA0C,observation_synthetic 3.csv,1101,observation
7DB68C71-DEF5-5337-9190-D3E668237AA2,observation_synthetic 3.csv,1102,observation
B6C090D8-434C-573F-A939-170853AAD920,observation_synthetic 3.csv,1103,observation
A17200C3-57DE-5E66-BB89-574027A476BC,observation_synthetic 3.csv,1104,observation
4369CD4A-49AC-5046-B11C-EED2C4387299,observation_synthetic 3.csv,1105,observation
8476BA8E-AB71-5C08-9D88-746C87A614EC,observation_synthetic 3.csv,1106,observation
1735B897-D0A2-5860-BD59-3BC4BBCB9274,observation_synthetic 3.csv,1107,observation
4C1D1482-F77A-5E16-9387-D466F96655AE,observation_synthetic 3.csv,1108,observation
B87ACC0E-647C-51AA-B6FF-1BF161C927F0,observation_synthetic 3.csv,1109,observation
BD53BA40-8D8D-5280-B9F9-C702C6DB4CDD,observation_synthetic 3.csv,1110,observation
858E1BD4-26E2-58BE-9364-BDDF86F784D2,observation_synthetic 3.csv,1111,observation
44BA458A-F3E5-56C1-B521-3F8EF496601F,observation_synthetic 3.csv,1112,observation
93F370F9-A9D3-5CC0-872B-36AAD40B5E6F,observation_synthetic 3.csv,1113,observation
E067888D-F080-5D04-A638-D0CD3A59107E,observation_synthetic 3.csv,1114,observation
B24CDE8A-F0B1-5314-BD48-B80E4EC13253,observation_synthetic 3.csv,1115,observation
11BDB181-04C2-5143-9E63-DE26DBB6E55A,observation_synthetic 3.csv,1116,observation
FE12FD48-6182-56B9-B69B-A2913494D328,observation_synthetic 3.csv,1117,observation
20386529-CAEC-5B4C-BA3A-D9EA2423045C,observation_synthetic 3.csv,1118,observation
290322C4-5293-5F14-85B6-305E89074664,observation_synthetic 3.csv,1119,observation
493DD580-AB1C-5062-B0A9-4BAB3CF7230B,observation_synthetic 3.csv,1120,observation
4F788383-1EFC-5E05-840D-8B0758071313,observation_synthetic 3.csv,1121,observation
934D9ACC-7F78-54FF-AC9A-77104AB747F9,observation_synthetic 3.csv,1122,observation
535CDBA6-6AD6-5457-9070-FBB7FA8FC14D,observation_synthetic 3.csv,1123,observation
60F94FD8-E5B7-5642-93EF-5A1457D57EC2,observation_synthetic 3.csv,1124,observation
2A4F7F2C-F16B-5AD9-8DAB-FEF3CEFBCD69,observation_synthetic 3.csv,1125,observation
D33F43F1-9320-5933-A620-22D53E553800,observation_synthetic 3.csv,1126,observation
0D01597E-BA8A-5F6C-92F9-9F96B586075E,observation_synthetic 3.csv,1127,observation
FCBAD51E-5411-5704-87C1-D954BD0FD745,observation_synthetic 3.csv,1128,observation
2AA02B98-8B2C-5BBA-891B-62D214127BEF,observation_synthetic 3.csv,1129,observation
A20219E2-E11C-5651-AF98-A82038782755,observation_synthetic 3.csv,1130,observation
72686A6B-EBE1-553E-A4BA-A56EEFCFDBF3,observation_synthetic 3.csv,1131,observation
9EB6367A-C79F-5E01-9A81-DC3AC1D224C6,observation_synthetic 3.csv,1132,observation
B6445865-5115-5317-86C0-CDAA6EC05260,observation_synthetic 3.csv,1133,observation
6F69BEFE-2176-502C-A4C0-6D7C47E266BF,observation_synthetic 3.csv,1134,observation
D3CC1B75-F028-5605-AC38-1BE20E3D702D,observation_synthetic 3.csv,1135,observation
541F24BE-0FF7-56E6-9EBC-F52859BBAF1C,observation_synthetic 3.csv,1136,observation
B873036E-8CD6-5623-810E-961FF4C3550A,observation_synthetic 3.csv,1137,observation
441DEFCB-2054-5F33-ABE8-290C83E4105E,observation_synthetic 3.csv,1138,observation
E691FD4A-79BD-54CF-94FD-A32A086C38BC,observation_synthetic 3.csv,1139,observation
EFC94CF6-1017-5079-833C-6252006E3A0D,observation_synthetic 3.csv,1140,observation
5E0CB1FD-FDE2-56D6-9159-3F8F7D5C5798,observation_synthetic 3.csv,1141,observation
93C95CA3-1AF6-57F1-A6E5-6B5E40E877A9,observation_synthetic 3.csv,1142,observation
13D11CBD-DCBB-5E9E-8B5E-769C4EF84191,observation_synthetic 3.csv,1143,observation
D910A4B1-B1D3-5F55-9130-3C2BD6E72D7A,observation_synthetic 3.csv,1144,observation
59823102-7C52-5234-96A7-15BD8065E710,observation_synthetic 3.csv,1145,observation
C17AD184-1033-5143-B223-A08FD37BB13D,observation_synthetic 3.csv,1146,observation
0546AE24-5B66-5202-A13C-9AD3EA2115F9,observation_synthetic 3.csv,1147,observation
880BF684-6E61-5B69-B9F1-B7C54722A940,observation_synthetic 3.csv,1148,observation
9279E7E6-2A33-582C-BE8A-CE60C91B2B6D,observation_synthetic 3.csv,1149,observation
193D84B1-EAB4-5BA0-97B7-206C8E0569D1,observation_synthetic 3.csv,1150,observation
AFE729BA-23C1-59F1-99B1-D5D16E48F08A,observation_synthetic 3.csv,1151,observation
1742C158-996D-5CB3-898D-6F01675536D7,observation_synthetic 3.csv,1152,observation
7A7A4F16-F8AC-5436-9955-8BA555440934,observation_synthetic 3.csv,1153,observation
37A6FA12-6B61-51E8-B0BD-860CEF22EE1F,observation_synthetic 3.csv,1154,observation
73D9CE52-A840-5005-9B10-4557AD496A97,observation_synthetic 3.csv,1155,observation
3171CABA-810A-584E-961C-E1A430BC1783,observation_synthetic 3.csv,1156,observation
C811E623-7392-592E-A05D-DA7C8FAA21D7,observation_synthetic 3.csv,1157,observation
881E07EB-DCCC-56C7-8ED3-9E8344C9B781,observation_synthetic 3.csv,1158,observation
2940455C-34AD-55B8-A532-FDF2E7650F65,observation_synthetic 3.csv,1159,observation
FCCC7950-0BFA-5F0D-96FA-08F5B9CAB2F4,observation_synthetic 3.csv,1160,observation
56BFF7EA-F931-554D-8A00-A2E2F1078B06,observation_synthetic 3.csv,1161,observation
AD245C7A-767D-5512-AD27-2FA0696F247D,observation_synthetic 3.csv,1162,observation
3FACE64D-9C55-5B90-9AC7-587703ADCFEC,observation_synthetic 3.csv,1163,observation
E5CB42AA-58DD-5034-91C4-FE822D89F4B1,observation_synthetic 3.csv,1164,observation
CC129DB0-7ED4-5A9F-9D8D-E432CF823872,observation_synthetic 3.csv,1165,observation
DDAA66F2-F861-52E3-88F0-12A914958A19,observation_synthetic 3.csv,1166,observation
286B4B9C-9A27-5970-899E-F13F3BFB4B77,observation_synthetic 3.csv,1167,observation
AF89196E-1A48-53DF-AB27-27B4823AA9AB,observation_synthetic 3.csv,1168,observation
AFBD03F2-912F-50BE-B25C-BD37E34A518D,observation_synthetic 3.csv,1169,observation
F9A466CA-6C00-54D1-899F-C5AA3929E642,observation_synthetic 3.csv,1170,observation
0E6BB7FD-6464-5497-8F93-62AA326788CA,observation_synthetic 3.csv,1171,observation
BFFF1658-858F-5C8F-9818-01E5BBDD7D27,observation_synthetic 3.csv,1172,observation
9DF7A126-BD7C-564F-B1CB-61F6AE20ED47,observation_synthetic 3.csv,1173,observation
23B2F28F-952C-575B-8AE1-2337D5752D1B,observation_synthetic 3.csv,1174,observation
079704DC-5E31-50E7-97E1-57B53F9607D7,observation_synthetic 3.csv,1175,observation
CBB33260-9480-51AB-B0C7-345A5677671D,observation_synthetic 3.csv,1176,observation
6209A4FA-5238-5F64-9743-DA522C42EDD0,observation_synthetic 3.csv,1177,observation
2CA20AF0-9923-590E-8BD5-BD9FE366AB48,observation_synthetic 3.csv,1178,observation
3AB0260E-9A78-510D-8BA9-AC3133787B1B,observation_synthetic 3.csv,1179,observation
17733992-DEB7-58C3-AFC6-8F381080FAE6,observation_synthetic 3.csv,1180,observation
2B535CEF-B2A2-5E73-92C9-A8EAA5C68D79,observation_synthetic 3.csv,1181,observation
F379E0B4-C8B7-56BC-8197-91BFCACEC308,observation_synthetic 3.csv,1182,observation
7CA6C9D7-8373-5FAB-B4AC-2C2E3C2AB73D,observation_synthetic 3.csv,1183,observation
B135C745-094C-5DD4-BB32-61290CD8E293,observation_synthetic 3.csv,1184,observation
78DB07B0-A2BA-5BCF-855C-4E4A065904A7,observation_synthetic 3.csv,1185,observation
3B4C0259-B776-5096-9BB7-7D55A9217FC3,observation_synthetic 3.csv,1186,observation
2B3724FE-DD67-5AB5-B4D8-FC31DD01B11C,observation_synthetic 3.csv,1187,observation
2A05C9CD-FF44-58A3-9E8D-0AD156C494A3,observation_synthetic 3.csv,1188,observation
532634B9-DA70-50DE-AC58-2419F3C0B09F,observation_synthetic 3.csv,1189,observation
BFA28441-C6C7-5980-BA22-8A1DC87E62E8,observation_synthetic 3.csv,1190,observation
2FEFB279-0033-55C1-A3D4-D38F80277AAE,observation_synthetic 3.csv,1191,observation
3BCBAFC5-BD45-5978-9830-64A66BE52AC6,observation_synthetic 3.csv,1192,observation
EFEA9432-1451-5981-A5DE-92F412419D88,observation_synthetic 3.csv,1193,observation
D1A3D9CF-F087-5712-88BB-CA2687988173,observation_synthetic 3.csv,1194,observation
AC9953AD-A8E9-596C-9261-470A8830AB7F,observation_synthetic 3.csv,1195,observation
C9BD3D23-E0FF-5098-BD57-F43CF8815993,observation_synthetic 3.csv,1196,observation
9B64B244-1F03-52A5-8F27-82E0BD70C29F,observation_synthetic 3.csv,1197,observation
D5C10B6B-D6F5-52D9-87A3-27C6C12A7910,observation_synthetic 3.csv,1198,observation
1F2D03E6-5D2A-5A7F-8C63-4DD173C40F3C,observation_synthetic 3.csv,1199,observation
6B3A1578-3C67-527A-BD9C-674AADF52104,observation_synthetic 3.csv,1200,observation
4DDE55A6-8627-5862-9D2D-F0EBBDD52593,observation_synthetic 3.csv,1201,observation
38E635B7-42EA-5DD7-B0A8-0C5233720BB3,observation_synthetic 3.csv,1202,observation
960325DC-A4C4-5FC2-A06B-9D43722EF516,observation_synthetic 3.csv,1203,observation
D55C793D-1C3D-5B23-B59B-F36160FB7D3A,observation_synthetic 3.csv,1204,observation
F79A9F70-896B-595A-9FE4-74654F1480D3,observation_synthetic 3.csv,1205,observation
3988BB74-0B76-5DED-88F1-7FCFEB1E4221,observation_synthetic 3.csv,1206,observation
5E08672B-0102-5598-85BC-85C477BA4CEC,observation_synthetic 3.csv,1207,observation
8E90E02D-B062-5341-9538-BA89BA736ECE,observation_synthetic 3.csv,1208,observation
5C098CB8-A755-54B1-8273-89BC94F3FDE0,observation_synthetic 3.csv,1209,observation
D95205D9-B0BA-5BAC-94EE-26025C5971CB,observation_synthetic 3.csv,1210,observation
63129C31-3E7B-5BFD-95DA-89A4326E9725,observation_synthetic 3.csv,1211,observation
3B215603-F94D-53FE-895B-F839E2296650,observation_synthetic 3.csv,1212,observation
7F19F84B-9787-5C39-89DD-70A4C545B040,observation_synthetic 3.csv,1213,observation
13FDF1A2-4EF3-5274-B679-2DAD2BD9C5E8,observation_synthetic 3.csv,1214,observation
CA2FE121-4AFB-5990-AA62-BE9FBB9D05A2,observation_synthetic 3.csv,1215,observation
5110E991-50B9-5FD8-986C-83DD385B078F,observation_synthetic 3.csv,1216,observation
87850712-ACFF-5CDB-A7B9-60354276527F,observation_synthetic 3.csv,1217,observation
0E193502-F5FA-5B85-9B77-602D5B4D6B3E,observation_synthetic 3.csv,1218,observation
EC488015-8E6C-52FB-B2BA-87574E9584E7,observation_synthetic 3.csv,1219,observation
8086E412-D418-57BC-BAC5-56014683EF95,observation_synthetic 3.csv,1220,observation
F1B8635C-4EE8-5460-B975-0850E4606E6A,observation_synthetic 3.csv,1221,observation
F3B9E129-15BE-5887-A4E8-7B73F2A6E8EC,observation_synthetic 3.csv,1222,observation
F621D5DA-2510-5631-AD00-271EA337FC45,observation_synthetic 3.csv,1223,observation
9261E70B-E133-5939-847C-62D42B847501,observation_synthetic 3.csv,1224,observation
8C0C7CF0-11F9-501F-ADA8-D2A220AA9A3E,observation_synthetic 3.csv,1225,observation
3CF57758-780E-52CA-AE10-9F8A0CB88DC1,observation_synthetic 3.csv,1226,observation
D6FB7188-C4F2-51A2-AE0D-0278BBFA7259,observation_synthetic 3.csv,1227,observation
56CE0807-1609-5033-90B8-7DFDED45D752,observation_synthetic 3.csv,1228,observation
16C3BAAC-E239-5C99-BA29-12C9620B610A,observation_synthetic 3.csv,1229,observation
D03FE062-3734-5356-9DBF-65834BF65C2F,observation_synthetic 3.csv,1230,observation
838A4CEE-84CF-5664-B497-2C8E02F0CFAC,observation_synthetic 3.csv,1231,observation
C7E32187-E0AD-5D09-9BBC-4BFFDC15C468,observation_synthetic 3.csv,1232,observation
18919D64-7010-5CE8-B73B-52F76F02FFB2,observation_synthetic 3.csv,1233,observation
034AA1CB-C620-59FF-8DF4-A99C98EDD496,observation_synthetic 3.csv,1234,observation
55FDA57C-6F1E-5CC9-B5CF-63710AA0591B,observation_synthetic 3.csv,1235,observation
52734C5D-552F-5E21-9C5B-15B913D68B6F,observation_synthetic 3.csv,1236,observation
BB237EEB-29D3-5EA1-B06A-8B3B6F09EEEB,observation_synthetic 3.csv,1237,observation
9C86A31A-2A0E-5020-8CAF-504833D5276E,observation_synthetic 3.csv,1238,observation
8D6C2541-9DB9-5C73-954E-9DF507363061,observation_synthetic 3.csv,1239,observation
88CFD999-3F9D-5C30-AF50-009467FC8E9F,observation_synthetic 3.csv,1240,observation
F4DA2C17-65FD-555E-B8F7-6D7FB1C3EB87,observation_synthetic 3.csv,1241,observation
2634FA55-52F0-5497-A8D9-68718C13BB6F,observation_synthetic 3.csv,1242,observation
7B6704C1-C146-5A79-8B18-2D68747390BD,observation_synthetic 3.csv,1243,observation
222D6D05-2CE6-5657-8550-B75F17E6D985,observation_synthetic 3.csv,1244,observation
32ED9B29-5278-58ED-96DE-03345F846A47,observation_synthetic 3.csv,1245,observation
42EC6B1A-822D-5B01-B8AD-8B80BAF91F8B,observation_synthetic 3.csv,1246,observation
F0F04EB3-BDB6-5E11-B0A5-D3548D7C2338,observation_synthetic 3.csv,1247,observation
C41E43DD-4B3E-5F11-B6CD-8FEBC96D8ADC,observation_synthetic 3.csv,1248,observation
01B9AC59-086D-5DA9-95B7-4939ADD4E517,observation_synthetic 3.csv,1249,observation
B6F417EC-8AB7-5D9D-BDCA-67B1C3C1A308,observation_synthetic 3.csv,1250,observation
DEC3CFF2-9416-54E8-9E53-0E47C2F26D0D,observation_synthetic 3.csv,1251,observation
2F207110-894C-5722-84C3-4C4AA976892C,observation_synthetic 3.csv,1252,observation
E31A24A8-A8A6-5DB3-8763-9E12D27AEF4E,observation_synthetic 3.csv,1253,observation
3A6BBC9A-D431-5564-A658-ADAD05D81ABF,observation_synthetic 3.csv,1254,observation
65146AF5-4D7B-5903-BB89-1CF05428F9C6,observation_synthetic 3.csv,1255,observation
12916BFB-E249-54EE-ABFA-9EF010231F7B,observation_synthetic 3.csv,1256,observation
8688EC2D-903A-5DB9-8AF2-48D2BD765F9A,observation_synthetic 3.csv,1257,observation
4811C58F-7772-58E8-8F09-F391791F94C9,observation_synthetic 3.csv,1258,observation
B29538DD-0E96-535A-9340-20A5182A2080,observation_synthetic 3.csv,1259,observation
5809C6D8-A8AE-5E7A-B518-AC9DA6436E47,observation_synthetic 3.csv,1260,observation
FF54F7A1-1535-5C6F-8F5E-96B2F6B8676E,observation_synthetic 3.csv,1261,observation
DEC234E1-14B5-5F68-B4B7-347DFB274002,observation_synthetic 3.csv,1262,observation
88755051-B468-56E5-975C-922FB34DFAB2,observation_synthetic 3.csv,1263,observation
6BE5E5F6-0418-5E7D-BEF4-DA073BF3B6D8,observation_synthetic 3.csv,1264,observation
8B6A0A13-33FD-5127-A9BF-F8BCABD29185,observation_synthetic 3.csv,1265,observation
E2F8AB15-E51E-500E-8129-3E36AF9E0F46,observation_synthetic 3.csv,1266,observation
F657B3ED-2671-5A48-9CBC-01C3BB87A7FE,observation_synthetic 3.csv,1267,observation
D9987FB4-4A6A-5D5F-A6CB-142573E2842E,observation_synthetic 3.csv,1268,observation
6EB59CED-4EF4-5E73-B597-5A5568BC82ED,observation_synthetic 3.csv,1269,observation
2EDD2C74-EF50-5E89-96CA-732856FF0C2A,observation_synthetic 3.csv,1270,observation
4BB1FB12-337D-5BA9-A743-17741ECF01F7,observation_synthetic 3.csv,1271,observation
3E6E4C50-BE23-5755-9D38-7806ECEA6D27,observation_synthetic 3.csv,1272,observation
C928B02E-C4ED-5809-9040-196EBA922114,observation_synthetic 3.csv,1273,observation
74A5657F-12A4-572B-99B6-0BBD4C855C46,observation_synthetic 3.csv,1274,observation
DB0E1583-0028-537F-8C45-D24B851C87DE,observation_synthetic 3.csv,1275,observation
D930F55C-BA9A-55DA-AA3F-32D2FAAF8108,observation_synthetic 3.csv,1276,observation
486BB25D-C6DC-521C-B983-8CC5A1D20918,observation_synthetic 3.csv,1277,observation
F3EAA4D2-C367-50A0-B8A9-A9A31CC218D6,observation_synthetic 3.csv,1278,observation
A18C5AD1-BB03-58A7-861F-C66A6C4DA98C,observation_synthetic 3.csv,1279,observation
D00D7511-E82B-551E-BED7-F6891D216313,observation_synthetic 3.csv,1280,observation
0887181D-830C-51D5-97B7-CAAAC1C0A1A4,observation_synthetic 3.csv,1281,observation
89D8E3C3-B50B-56B1-9FBF-8BF8369E2DB8,observation_synthetic 3.csv,1282,observation
1DFEB62C-325F-58D6-98CF-B7024BDF72D8,observation_synthetic 3.csv,1283,observation
061B5B41-C76C-5C64-8BCC-7FCEBD98CEA2,observation_synthetic 3.csv,1284,observation
9A13C9B4-52E8-541C-858D-A51C200546D4,observation_synthetic 3.csv,1285,observation
40E31E26-BD50-56FA-B05F-7734A8F7D9A9,observation_synthetic 3.csv,1286,observation
A8A57879-B3FE-5D9D-AFF7-C42B09EEB40B,observation_synthetic 3.csv,1287,observation
9B36AFD4-849C-5AD9-B361-450C65C47EBF,observation_synthetic 3.csv,1288,observation
A7077F71-8D49-5D66-ABE7-6F090C47F0F1,observation_synthetic 3.csv,1289,observation
BA929D9F-E27C-567F-B8E5-2A16899B7CEB,observation_synthetic 3.csv,1290,observation
7DC04286-5DB1-5AB1-98CE-068967C63FAB,observation_synthetic 3.csv,1291,observation
C4B0735B-788A-506D-A36D-DCE3635619B6,observation_synthetic 3.csv,1292,observation
52ABD229-6F97-5B42-B0FB-97B50D733566,observation_synthetic 3.csv,1293,observation
27F674D2-7D17-5411-919B-E690AD0FCD02,observation_synthetic 3.csv,1294,observation
42CAFD9E-EA95-5104-9207-288E07483D49,observation_synthetic 3.csv,1295,observation
130F04B4-63C9-5A60-B96C-32E277A48836,observation_synthetic 3.csv,1296,observation
312CA261-F459-569F-B46D-94D9A32C7615,observation_synthetic 3.csv,1297,observation
A4F705CD-4F89-58AE-B373-765D4959BC28,observation_synthetic 3.csv,1298,observation
84358D87-122B-5763-9330-7583922BFDE0,observation_synthetic 3.csv,1299,observation
48B063A3-CAE6-5DF8-91D6-025E2B99ECFE,observation_synthetic 3.csv,1300,observation
224FDA69-2938-52E2-A1BC-3E72E60AC6D6,observation_synthetic 3.csv,1301,observation
553A6358-E1D0-5962-B03C-64156F0E2C56,observation_synthetic 3.csv,1302,observation
1F8B2F94-920B-554E-B2C1-4D4EB18D758A,observation_synthetic 3.csv,1303,observation
9BF40511-147D-535B-8EDB-7E4F8DFC48EB,observation_synthetic 3.csv,1304,observation
07BA456B-5CC9-5D40-98F4-354A6DFAE66A,observation_synthetic 3.csv,1305,observation
B054696D-4DFC-5120-B918-B5CF47844273,observation_synthetic 3.csv,1306,observation
F00726BA-B529-58F7-8DF0-99F632100CC9,observation_synthetic 3.csv,1307,observation
EC7EC054-AAD0-5E7B-AAF8-2D19D41BC7A4,observation_synthetic 3.csv,1308,observation
76B1D042-0ABD-5836-81AF-9F95CDB952FF,observation_synthetic 3.csv,1309,observation
6192355B-E17A-5192-85CE-3AD281F7E647,observation_synthetic 3.csv,1310,observation
65289F48-A3E5-5623-A12A-3E073301F548,observation_synthetic 3.csv,1311,observation
8EDBD771-883F-5FB9-927D-7CF8E1BC20DF,observation_synthetic 3.csv,1312,observation
019C52AD-DF08-5684-A25E-80912DB83417,observation_synthetic 3.csv,1313,observation
253A051E-A087-5D66-96C4-7B8E88F3D282,observation_synthetic 3.csv,1314,observation
4373A2E1-C632-5FC6-A0C4-7756855A1975,observation_synthetic 3.csv,1315,observation
E1F8C974-3FFA-59DB-B978-6DBDC2C5BCB2,observation_synthetic 3.csv,1316,observation
148A2A18-0FDB-578D-8301-B51318B35E4C,observation_synthetic 3.csv,1317,observation
0C885188-4697-5548-94E7-C0B3D0CC6853,observation_synthetic 3.csv,1318,observation
9D82EEF5-7600-53E0-8817-21CD767AA162,observation_synthetic 3.csv,1319,observation
50F8A30A-BEB0-5739-A498-7E186C91629F,observation_synthetic 3.csv,1320,observation
6981CC60-FF09-5BC9-88D6-AEBA9CD5335E,observation_synthetic 3.csv,1321,observation
F5E61E96-24AD-5FA8-95A8-9CA9F5ED9B8A,observation_synthetic 3.csv,1322,observation
C84D0DED-4113-5E18-9ABF-C3C9BB83B9E7,observation_synthetic 3.csv,1323,observation
103B4606-A1A5-5EF5-B2AF-9D5C59F9586E,observation_synthetic 3.csv,1324,observation
5968A147-CF36-58D4-8E16-088A066D018C,observation_synthetic 3.csv,1325,observation
9E792CEB-CB20-5C09-9F16-44A75D25A98A,observation_synthetic 3.csv,1326,observation
A93AB829-69C4-594C-BC8F-A2F2A266BBCD,observation_synthetic 3.csv,1327,observation
F38883BE-630D-50F9-924D-2BADD001984C,observation_synthetic 3.csv,1328,observation
9588244A-15B5-5841-B964-74E839F025DC,observation_synthetic 3.csv,1329,observation
4EFC8944-EEB3-5096-BD1A-A3BD7359E5EE,observation_synthetic 3.csv,1330,observation
4944C4D7-991F-51C3-9576-92541237689D,observation_synthetic 3.csv,1331,observation
4C530953-40D6-597D-B5AF-D48A6204E65D,observation_synthetic 3.csv,1332,observation
6F1C9703-B6E2-5510-9E15-1B412CD43DF7,observation_synthetic 3.csv,1333,observation
65C09BC8-B416-5008-9D99-07DC06A67DA2,observation_synthetic 3.csv,1334,observation
435C4EE1-5E2E-5895-AD6A-9AE6A91C5C42,observation_synthetic 3.csv,1335,observation
BB7C0B84-9F18-532C-96E8-F5F6AA62BBD9,observation_synthetic 3.csv,1336,observation
14A4C6B9-60A6-5D78-AF0D-EE120982F197,observation_synthetic 3.csv,1337,observation
7E4AB16D-7E2A-5C16-B0A2-7123509EFFB7,observation_synthetic 3.csv,1338,observation
B062A4E4-6312-59F6-89D3-3CEA67444A59,observation_synthetic 3.csv,1339,observation
F8CDD775-023A-5D22-9665-6F8423C6C6F6,observation_synthetic 3.csv,1340,observation
085D9289-DC5C-5A06-B8D6-D90DC01C5968,observation_synthetic 3.csv,1341,observation
27F69266-4FF3-5E62-8119-B224920DBC6C,observation_synthetic 3.csv,1342,observation
98B097AC-88D6-5C71-9046-1C02EA18FE62,observation_synthetic 3.csv,1343,observation
182DCEE5-E0FD-544B-8E41-BB69C7EA050A,observation_synthetic 3.csv,1344,observation
13B6F082-7EA0-56D0-829F-94601999087C,observation_synthetic 3.csv,1345,observation
6DAA5F1A-47E9-5358-ABAE-BE3ED1685EA0,observation_synthetic 3.csv,1346,observation
D93B64EA-4534-5583-8A4D-C8DEEEAA9B3E,observation_synthetic 3.csv,1347,observation
ADEC1A1E-8FB4-5266-9422-2FE6F8AB66E6,observation_synthetic 3.csv,1348,observation
089B3781-F675-56E0-A8C3-06788BAB1909,observation_synthetic 3.csv,1349,observation
23B240D7-1B89-50A1-B946-918726A48A70,observation_synthetic 3.csv,1350,observation
66892AF5-F8A2-5465-AD6D-26A106EAC067,observation_synthetic 3.csv,1351,observation
70B4FE9A-2DFB-5EBC-BCE1-AD3DF3D334CD,observation_synthetic 3.csv,1352,observation
4A3177A1-9A78-54AE-8E04-16ED10D272BA,observation_synthetic 3.csv,1353,observation
09EA1E6B-68F0-5A6C-9F09-CABB2E90A784,observation_synthetic 3.csv,1354,observation
84139A55-8F9F-5B00-9FEE-AD0E81425C08,observation_synthetic 3.csv,1355,observation
DD14975A-17DA-53B7-9A9E-DA18BF41E593,observation_synthetic 3.csv,1356,observation
B793CF12-75F7-5906-8BF3-40062D66C44D,observation_synthetic 3.csv,1357,observation
BB59DDD0-CE0E-5E20-BBC3-AD76DA0E53B1,observation_synthetic 3.csv,1358,observation
870F6C77-7A49-588F-8CE8-30B2CA3258F0,observation_synthetic 3.csv,1359,observation
8F5683C1-371F-51E3-BBA2-1206040D6CD2,observation_synthetic 3.csv,1360,observation
8BB53869-5AC8-57CB-8E19-0F5000C1EAB6,observation_synthetic 3.csv,1361,observation
473976B3-6EEC-5237-8160-A1EFEE8FD78C,observation_synthetic 3.csv,1362,observation
53C03395-056D-56C0-A1DA-427CFBAA2B66,observation_synthetic 3.csv,1363,observation
6E4C22E8-619B-5199-8EDB-6D292CB12E23,observation_synthetic 3.csv,1364,observation
E52EEA62-D3CD-5735-9D57-598228560A03,observation_synthetic 3.csv,1365,observation
AF9574E6-6BB9-56FC-BD76-F52A9717BD2C,observation_synthetic 3.csv,1366,observation
5912EC22-81A6-5E43-87ED-318F55E2B899,observation_synthetic 3.csv,1367,observation
00BBDC50-5D4C-5A9E-82A8-EF4E329B0042,observation_synthetic 3.csv,1368,observation
F69E2F4E-3ABC-524F-85FB-CD22287DD719,observation_synthetic 3.csv,1369,observation
BDF18EAF-B806-5535-846F-484DEC722136,observation_synthetic 3.csv,1370,observation
4B399568-52C8-5241-92A7-06B5399A95DB,observation_synthetic 3.csv,1371,observation
8AF6B83D-64AD-5E08-B927-740A5BDE6410,observation_synthetic 3.csv,1372,observation
C8428299-CB6B-5CEA-BDD8-1FA52A508277,observation_synthetic 3.csv,1373,observation
260C0951-DA8C-5A79-B13A-6C8C06BDBA25,observation_synthetic 3.csv,1374,observation
0F6E6240-2C60-53C6-AB55-92888C1ED714,observation_synthetic 3.csv,1375,observation
9F49A278-040E-55E6-B48E-5895FBD86C2A,observation_synthetic 3.csv,1376,observation
77B13B60-4FC5-55FB-A727-0F358F62DD1E,observation_synthetic 3.csv,1377,observation
F80A4EA3-9818-506D-8DEE-B3C0DE15EDE5,observation_synthetic 3.csv,1378,observation
40612983-979A-55AC-845E-C84C942A28FD,observation_synthetic 3.csv,1379,observation
C2AEAE73-8B3A-524D-A8AC-BFE35A392BC8,observation_synthetic 3.csv,1380,observation
29BE8A03-91AE-55DC-B74E-24AF740BE402,observation_synthetic 3.csv,1381,observation
C33C5A1F-2AB9-5534-88BA-D35F974B04CC,observation_synthetic 3.csv,1382,observation
35524444-76AE-5F5B-9E28-4FF88D659247,observation_synthetic 3.csv,1383,observation
F9146D9A-8A88-532E-A79B-5EA884FADF1E,observation_synthetic 3.csv,1384,observation
E36A788A-9072-5044-A69F-D30ED0AF27D4,observation_synthetic 3.csv,1385,observation
03A8DEAE-FDA6-5941-A50A-1391D21B7F7F,observation_synthetic 3.csv,1386,observation
B3008672-A414-586C-8D88-5987C0E27B40,observation_synthetic 3.csv,1387,observation
3A5FAAF2-C52F-537C-A90C-BEBBD5B9A705,observation_synthetic 3.csv,1388,observation
90E2B808-5F05-56D4-BEA1-23E8ABF9C29F,observation_synthetic 3.csv,1389,observation
93CCD022-BCDD-55AF-97A3-2ED6958CA5C9,observation_synthetic 3.csv,1390,observation
1E5D34D1-CCFF-5CF0-9439-BB4D2D0C9FC8,observation_synthetic 3.csv,1391,observation
FC6829A0-6F68-5790-98A7-D14AC546B6E4,observation_synthetic 3.csv,1392,observation
2A57E3D4-9287-5039-859F-7C90AC1400C3,observation_synthetic 3.csv,1393,observation
B7FDFEA7-232B-5299-9C86-795BF0D23A97,observation_synthetic 3.csv,1394,observation
B5335E33-13EE-582D-9752-FA8ECA00CB9B,observation_synthetic 3.csv,1395,observation
52631D13-08E5-51AC-BC1C-C4C5D56462CD,observation_synthetic 3.csv,1396,observation
30941516-857C-5991-B1BB-C2B1B3A098B3,observation_synthetic 3.csv,1397,observation
ACFAADBA-9D2A-57B8-961E-0FCBD08B6922,observation_synthetic 3.csv,1398,observation
9A687FA4-8794-5E81-8F02-EC6294434E3D,observation_synthetic 3.csv,1399,observation
37CCE622-60F4-50DA-B9B0-943B51FE08D8,observation_synthetic 3.csv,1400,observation
D7877E8A-7C36-5EE9-A3AD-4FE57AC3A785,observation_synthetic 3.csv,1401,observation
72A0A898-2FF6-5288-8103-054074440365,observation_synthetic 3.csv,1402,observation
B847EC4D-D482-540D-980D-2BE886D17322,observation_synthetic 3.csv,1403,observation
985E3E03-CBE6-5D7A-AAC6-5710DC5C3554,observation_synthetic 3.csv,1404,observation
E6638385-35E6-5B63-9E38-3400AA5C4B33,observation_synthetic 3.csv,1405,observation
DE6A2183-7C97-5B67-996F-96F227A4B447,observation_synthetic 3.csv,1406,observation
9EFCD9FB-C6F3-5795-9185-29E7C3E0DEDB,observation_synthetic 3.csv,1407,observation
16DD0B6A-D6FD-5724-BD27-4835FF185182,observation_synthetic 3.csv,1408,observation
4B1CEDED-8373-5DD0-9274-8C831F5399CB,observation_synthetic 3.csv,1409,observation
4AA56D78-AA0D-5117-BEB4-3F6E5927710D,observation_synthetic 3.csv,1410,observation
86CBF974-4F3C-5201-BB85-039A347CE2E7,observation_synthetic 3.csv,1411,observation
9428DBDC-7114-5208-855C-A428C24E1A15,observation_synthetic 3.csv,1412,observation
6D9EA4F1-FB48-5FFD-AB71-D98C4DDD9EB9,observation_synthetic 3.csv,1413,observation
E0A4CDCF-D13C-5DA6-97CF-EDFA9FB21146,observation_synthetic 3.csv,1414,observation
98FA6B4A-F708-5CDA-9BC6-D0826E44EAEA,observation_synthetic 3.csv,1415,observation
545F2B80-7F33-537A-9DDA-CFC5056D23D5,observation_synthetic 3.csv,1416,observation
D28B0AF9-C9FF-5266-ACF8-23349A85D3D6,observation_synthetic 3.csv,1417,observation
F4170FE2-8857-5E0B-980B-798CD9CA8D52,observation_synthetic 3.csv,1418,observation
1B4CFA9C-2394-5C98-8EAA-21B6441A39A8,observation_synthetic 3.csv,1419,observation
B65E88E4-1F28-58E4-9341-D114975F96E4,observation_synthetic 3.csv,1420,observation
A11A2E60-D7EF-5C40-9F74-5F427A0861C8,observation_synthetic 3.csv,1421,observation
9437678D-17C4-5B22-903F-9BCEB0F8A2CA,observation_synthetic 3.csv,1422,observation
5DC8D601-6157-551F-B96B-C22273B8D598,observation_synthetic 3.csv,1423,observation
4910B836-B80B-57AA-8B40-FA7588732BC4,observation_synthetic 3.csv,1424,observation
335DF2B7-199E-5F75-91C6-1B59647D89A8,observation_synthetic 3.csv,1425,observation
D7D173F7-ED31-5325-A80B-D29FAB651144,observation_synthetic 3.csv,1426,observation
EB72733C-CA3C-5638-B405-09B1E7E5F583,observation_synthetic 3.csv,1427,observation
A7788BD1-7651-5737-85FD-77015B97A6F1,observation_synthetic 3.csv,1428,observation
C46B3994-DBEB-5D67-AA3A-112BD9D472EE,observation_synthetic 3.csv,1429,observation
AE9CCC78-A474-5F0E-876B-45D658924A55,observation_synthetic 3.csv,1430,observation
52515217-D44D-50CB-919C-9EAC1920662D,observation_synthetic 3.csv,1431,observation
4ADD38A2-C610-5022-8C82-9D2AAAD0BAF6,observation_synthetic 3.csv,1432,observation
63720F52-236F-5988-877D-12EF20DAE812,observation_synthetic 3.csv,1433,observation
D0769FFA-6FC5-59D5-B00B-1CE8958E0CAA,observation_synthetic 3.csv,1434,observation
F1215808-80A4-59B9-BEB0-40C94AD248C9,observation_synthetic 3.csv,1435,observation
3CC18FF5-0DB4-51FA-8EA0-223444FBA478,observation_synthetic 3.csv,1436,observation
E05777D5-52DB-584C-9685-78BD98F30D3A,observation_synthetic 3.csv,1437,observation
4FD968F7-E53E-5D1A-8656-664BBE9495EF,observation_synthetic 3.csv,1438,observation
BBBBC05D-7AF7-5425-BB74-7F201CA53725,observation_synthetic 3.csv,1439,observation
B27D1F91-E23D-548D-837F-B7DD07353081,observation_synthetic 3.csv,1440,observation
C5E41DC6-72B7-548E-9BC1-BE29938D73C7,observation_synthetic 3.csv,1441,observation
56674FF0-5BDC-5DF9-9629-0069D3B3ADB9,observation_synthetic 3.csv,1442,observation
A266D6ED-312C-59DB-A288-4540C71EC362,observation_synthetic 3.csv,1443,observation
82CECDFC-FB7F-52A7-B71B-C98D45D1C007,observation_synthetic 3.csv,1444,observation
7CE8DB22-DE4C-50DF-A76B-34D5814C78D0,observation_synthetic 3.csv,1445,observation
3B5C9B4E-FC24-5E4D-A31E-C40FBD91CFE8,observation_synthetic 3.csv,1446,observation
D851ADEC-1603-5648-B509-3264E6FE6A81,observation_synthetic 3.csv,1447,observation
329581A4-6449-5ADB-851F-043ACA298F61,observation_synthetic 3.csv,1448,observation
C1D9FF61-67BD-570B-9D04-5C5B38D36166,observation_synthetic 3.csv,1449,observation
34B8C744-42DB-5E3E-A8D0-D49DD79371BC,observation_synthetic 3.csv,1450,observation
92761384-0626-5B8A-BE60-B5942BF8C77B,observation_synthetic 3.csv,1451,observation
322BD945-1858-5B51-A713-243B76EAB286,observation_synthetic 3.csv,1452,observation
A9F82B97-6184-513E-AF99-05AD88C08A35,observation_synthetic 3.csv,1453,observation
C5F802D8-9E02-524C-B70F-283C5C3BD3AB,observation_synthetic 3.csv,1454,observation
170445BD-DE8F-52A4-AB7F-B1CCA3148B03,observation_synthetic 3.csv,1455,observation
9B0A8C79-232B-57E3-8DCF-0F31588FD66E,observation_synthetic 3.csv,1456,observation
8F5BC545-DB36-5963-95BD-03F371C3AACF,observation_synthetic 3.csv,1457,observation
B21F3122-515D-5B86-863B-E8BCD785F208,observation_synthetic 3.csv,1458,observation
00A523CA-0512-5D6E-BAB6-DD5FFFF5E670,observation_synthetic 3.csv,1459,observation
82977491-5BEC-52E7-AB45-7DB91880EC5B,observation_synthetic 3.csv,1460,observation
C9BB3E46-EEA8-5083-B5BD-A7576E225123,observation_synthetic 3.csv,1461,observation
5D2B3588-F335-54D5-BF42-CD212F3AE63D,observation_synthetic 3.csv,1462,observation
CA6A3858-D47A-58AD-85A7-5A52D7CD3701,observation_synthetic 3.csv,1463,observation
592D7213-C99F-5C3C-9D44-A45E9D120F9C,observation_synthetic 3.csv,1464,observation
8118EB2D-4C2B-5E8D-BEE3-03CA73899FFA,observation_synthetic 3.csv,1465,observation
F2314D10-417F-59C4-A5F3-537619944C22,observation_synthetic 3.csv,1466,observation
2C50196C-EC5A-5A84-A2CD-3AB398019714,observation_synthetic 3.csv,1467,observation
F76C5982-F4ED-5039-90D5-8DD3A208FFBA,observation_synthetic 3.csv,1468,observation
69D89016-36FB-5809-958D-BB48709515EC,observation_synthetic 3.csv,1469,observation
4DA0AFE6-1E8C-5F77-A8C5-3440B97CFE79,observation_synthetic 3.csv,1470,observation
098CCD4C-7F2D-5DD3-AB67-FA0B1D5510FF,observation_synthetic 3.csv,1471,observation
768502BB-E39A-58B7-A887-AAD87DE5E7C3,observation_synthetic 3.csv,1472,observation
71FD9643-7182-5887-8C64-05D575FF5810,observation_synthetic 3.csv,1473,observation
1753E5E3-385F-57B2-A6BC-21AF2CE5E739,observation_synthetic 3.csv,1474,observation
DE420090-3A80-5B04-87EB-EE4C221F0272,observation_synthetic 3.csv,1475,observation
A402A0F5-530B-54FD-8534-3F43FDC0BABF,observation_synthetic 3.csv,1476,observation
B68CF459-458C-5724-B8B4-C1D0AA7B60B1,observation_synthetic 3.csv,1477,observation
6FE84027-CAF1-5439-BEE4-34DFE09FC7EC,observation_synthetic 3.csv,1478,observation
46C4CAD5-D4F5-5A80-9AF6-A530DC3B9805,observation_synthetic 3.csv,1479,observation
D6752038-9A72-5C82-9DE2-02A131A5368B,observation_synthetic 3.csv,1480,observation
AFF6D46F-0DA1-5382-A5C4-C74A41DB108E,observation_synthetic 3.csv,1481,observation
D185E75C-14EB-569D-AB23-E0E6A98B6E81,observation_synthetic 3.csv,1482,observation
05E87A56-C59E-530E-847D-60ADD9A3C779,observation_synthetic 3.csv,1483,observation
2812A8F0-28FA-5B0A-AE05-BF2DA07507C3,observation_synthetic 3.csv,1484,observation
C557489A-0597-522B-91D5-A5F146903F22,observation_synthetic 3.csv,1485,observation
413A72DD-50FF-5611-A7AA-1B0348ECE1AD,observation_synthetic 3.csv,1486,observation
C3A8CCA5-B920-58F4-AAD3-BFCC076436F8,observation_synthetic 3.csv,1487,observation
5A59A332-798B-58C9-AC80-BEBBE43BEAA2,observation_synthetic 3.csv,1488,observation
8E985B6C-0C66-5899-92CC-12503B572FA8,observation_synthetic 3.csv,1489,observation
CED8BCF3-B447-58CA-BAE3-A81C56F993E1,observation_synthetic 3.csv,1490,observation
40979445-CB02-5F25-97C0-BD15EB8058BB,observation_synthetic 3.csv,1491,observation
C3D7643E-CFDF-5957-A56F-7B666D366344,observation_synthetic 3.csv,1492,observation
F867042F-CA4A-58E2-8202-ED03A9BD632A,observation_synthetic 3.csv,1493,observation
145CE153-EF2D-5529-B29A-AC55B9777CEF,observation_synthetic 3.csv,1494,observation
C32F92D2-3EAE-5496-A418-6F138031BA39,observation_synthetic 3.csv,1495,observation
DA88312B-60A7-531E-A20B-E33B734CCA12,observation_synthetic 3.csv,1496,observation
36B981F6-92D9-5CAF-B87F-61FF3EA05CE2,observation_synthetic 3.csv,1497,observation
44A90CD1-9437-5650-A21A-63ECEDB29C70,observation_synthetic 3.csv,1498,observation
B5300296-0082-5E19-8CB4-B463783F25DB,observation_synthetic 3.csv,1499,observation
AA4708E8-907E-587E-AFC9-F5152CE305FF,observation_synthetic 3.csv,1500,observation
D6BE1256-6921-5778-AD3D-C9954FD924F4,observation_synthetic 3.csv,1501,observation
5574302F-C2A8-57B6-B272-CF14FE64B2AE,observation_synthetic 3.csv,1502,observation
CBC80079-9E49-580C-A938-724EC684E5F7,observation_synthetic 3.csv,1503,observation
CD10B3B4-A147-5E67-A44D-4213662AF593,observation_synthetic 3.csv,1504,observation
7403480A-B6AF-5B78-8A25-96899AEA55A1,observation_synthetic 3.csv,1505,observation
16206BBB-9D2C-534A-89C0-6C4CDEF618AA,observation_synthetic 3.csv,1506,observation
55A77EB2-EBC4-57AF-9B35-8C0214A6C651,observation_synthetic 3.csv,1507,observation
33D2C34E-ED46-5178-8479-4457E7332998,observation_synthetic 3.csv,1508,observation
E34EC8A3-88D3-579E-8E90-334DB9B0B2C2,observation_synthetic 3.csv,1509,observation
9CCEF509-749E-56EE-81EB-3D5B390147A7,observation_synthetic 3.csv,1510,observation
7E3E88F5-73C9-5024-A039-E72470E141CF,observation_synthetic 3.csv,1511,observation
0CF84D0D-A4D3-5FD4-954B-1F9B923CDD5E,observation_synthetic 3.csv,1512,observation
556FC621-5404-5382-9937-76E7EC124AD9,observation_synthetic 3.csv,1513,observation
CA3785D5-20A1-5454-85D1-845A6BAA7989,observation_synthetic 3.csv,1514,observation
D1DFCC76-A0BC-5C91-92D4-552DCA145B00,observation_synthetic 3.csv,1515,observation
1E343E1E-4EDC-5AE9-BDB7-260BF0C4661A,observation_synthetic 3.csv,1516,observation
24D4259D-FB4C-54D7-817E-B5F2497AD512,observation_synthetic 3.csv,1517,observation
9B3FCA34-6163-58F7-9B3A-7B02AE7E0CDE,observation_synthetic 3.csv,1518,observation
C1101FCB-5FD8-5E65-9D42-A80C6F911CD1,observation_synthetic 3.csv,1519,observation
AE2294E6-D661-508F-86D1-96149CD42817,observation_synthetic 3.csv,1520,observation
8A571E98-2B43-50E2-ABCE-4392FF9D36FD,observation_synthetic 3.csv,1521,observation
E428AFF8-078D-5A6D-B789-14F514F7AF07,observation_synthetic 3.csv,1522,observation
3F2D6FBA-CAB6-5B8E-BDC1-402C3055E107,observation_synthetic 3.csv,1523,observation
AB61694E-C577-516D-AFA8-750235ECCC2B,observation_synthetic 3.csv,1524,observation
09ED56A3-51D2-50AD-858D-BD133CFAE289,observation_synthetic 3.csv,1525,observation
F100D67D-F64B-5D16-8321-903DDF7F556D,observation_synthetic 3.csv,1526,observation
693E3D66-EB0A-5DB5-A4CF-1011FCE53B17,observation_synthetic 3.csv,1527,observation
B8D05607-84A2-59E3-8023-230816718238,observation_synthetic 3.csv,1528,observation
6B44D00A-AEF6-59A9-9F0F-B34BF7511135,observation_synthetic 3.csv,1529,observation
8FAB563B-6128-5024-89B5-1DC9BBE332E3,observation_synthetic 3.csv,1530,observation
1D8BC9F9-D7F0-51C2-B2FC-E4210E883F46,observation_synthetic 3.csv,1531,observation
CEF5F439-1A30-561D-AE2A-20DF093486E3,observation_synthetic 3.csv,1532,observation
92FBA9DE-D08C-5E2E-A304-E702053C90DE,observation_synthetic 3.csv,1533,observation
FDD2BC7C-974A-57CA-9547-CC3AE227B14D,observation_synthetic 3.csv,1534,observation
DFA606AB-DB43-524D-83E8-CF193C02CC8D,observation_synthetic 3.csv,1535,observation
D84DA013-629C-52C5-9F24-B80201D30E9C,observation_synthetic 3.csv,1536,observation
3B93D020-DE1D-5A72-9772-E4C90B04BB6C,observation_synthetic 3.csv,1537,observation
F081D7FE-3B60-50D9-AD5B-8662F3B1DA29,observation_synthetic 3.csv,1538,observation
34D8AABE-6C16-5B35-A648-4635B5F3BA68,observation_synthetic 3.csv,1539,observation
54171125-EEE2-548D-A974-D1ADDB357F48,observation_synthetic 3.csv,1540,observation
C5577214-A5A5-5FB7-AB89-239D825A025C,observation_synthetic 3.csv,1541,observation
4058DE1D-7F75-5B68-9726-E754130C4241,observation_synthetic 3.csv,1542,observation
96B74219-D599-5E57-AE76-B31B6470B64E,observation_synthetic 3.csv,1543,observation
8B267A8E-6498-5706-82FA-54F08062FB4C,observation_synthetic 3.csv,1544,observation
36C03678-2848-5EEF-A846-D0B854A666C7,observation_synthetic 3.csv,1545,observation
19F3F649-EB92-5215-B6B6-6211E7B8C5E6,observation_synthetic 3.csv,1546,observation
F45ED218-A42F-57B9-B480-6049B94F5E4B,observation_synthetic 3.csv,1547,observation
C02AF992-9C5C-505F-A77C-968F2F2BCE9A,observation_synthetic 3.csv,1548,observation
5CA04F21-0976-5ED8-A52A-22AB7D41F625,observation_synthetic 3.csv,1549,observation
DDF25D26-80AE-5308-AD29-CC5F99B2D267,observation_synthetic 3.csv,1550,observation
D510D719-DF48-5B66-A980-479A61459D9A,observation_synthetic 3.csv,1551,observation
234C66F5-3073-5330-8215-341B3E4F46BB,observation_synthetic 3.csv,1552,observation
A160F77D-CA58-5300-AFF7-408507C5D205,observation_synthetic 3.csv,1553,observation
44D81B30-AAD2-53DF-B3CE-62B7A13B322F,observation_synthetic 3.csv,1554,observation
6376E0D5-8C78-5752-89A7-FEF60E5F2448,observation_synthetic 3.csv,1555,observation
FC7FBA6D-3FE9-5C68-8AB3-6F46475C3D35,observation_synthetic 3.csv,1556,observation
347BFCF7-6AF2-584B-AE9E-5EA28B14C592,observation_synthetic 3.csv,1557,observation
2F03F955-1318-51E7-8072-05305A0F2A57,observation_synthetic 3.csv,1558,observation
31D38BAE-7446-519F-B4BE-2ED37C94C1EB,observation_synthetic 3.csv,1559,observation
E63CB6DE-67EB-5B96-ACDD-CE4F4E0E61E6,observation_synthetic 3.csv,1560,observation
AE7CCB12-9094-5D5B-B000-348FA444D871,observation_synthetic 3.csv,1561,observation
09529588-54AA-5382-B4B8-D7ADD4A00944,observation_synthetic 3.csv,1562,observation
FA9EAD34-1C97-527A-881E-061640C87EE0,observation_synthetic 3.csv,1563,observation
6928D05E-FD0C-5F78-A4B5-755C771D07EC,observation_synthetic 3.csv,1564,observation
7BCABF10-06CC-54B8-BEC6-3D5299AE1C7C,observation_synthetic 3.csv,1565,observation
33DB1B55-8B1F-5BE0-9645-193522F75079,observation_synthetic 3.csv,1566,observation
C3444239-2216-51A7-8222-E13F52B7000F,observation_synthetic 3.csv,1567,observation
C37F0C3C-FE02-5774-94B5-090EDC50A2A9,observation_synthetic 3.csv,1568,observation
07F9D7B7-5BC0-5407-9CD4-618A9618E645,observation_synthetic 3.csv,1569,observation
553F4306-CFD6-5351-998E-2EB84EC46E23,observation_synthetic 3.csv,1570,observation
8D1AD573-3A4A-5F49-8848-044D91328B6F,observation_synthetic 3.csv,1571,observation
5F047324-6063-528E-98C1-4E9EEB21052A,observation_synthetic 3.csv,1572,observation
C37733B5-7526-5BE2-B2A5-A311089ADD40,observation_synthetic 3.csv,1573,observation
72DDF150-6E49-50EE-BB9E-7BBF598C8FA3,observation_synthetic 3.csv,1574,observation
154C45CB-F6EC-5346-9EE9-97ACF14DB9E0,observation_synthetic 3.csv,1575,observation
B26FEA2E-7122-5E51-9790-3C43D302C978,observation_synthetic 3.csv,1576,observation
621AC253-9074-5ABC-BD5D-DF8E4BCBE53A,observation_synthetic 3.csv,1577,observation
51EFBF53-AC1E-5C4C-93E6-D663D900F603,observation_synthetic 3.csv,1578,observation
AC496E03-5B58-502A-AEE8-341D51709DB1,observation_synthetic 3.csv,1579,observation
8BC295BA-4DB8-50BA-96BA-A0A764A10018,observation_synthetic 3.csv,1580,observation
B13B920E-D1EA-5DBC-B01B-F53B8F67C2F7,observation_synthetic 3.csv,1581,observation
9B6C1FA4-5008-59C6-8BF1-6AB9E7678520,observation_synthetic 3.csv,1582,observation
866DE738-88C3-5B11-ADAE-22BFDFFA69C2,observation_synthetic 3.csv,1583,observation
7BA170B3-D392-5D78-B1BC-3F116B3F3ED9,observation_synthetic 3.csv,1584,observation
97EF3A89-9C57-51D1-B983-1B7E4DCD6969,observation_synthetic 3.csv,1585,observation
1CFCB5AA-A74C-511A-842F-A6E8ABE32F64,observation_synthetic 3.csv,1586,observation
055C62B1-976B-5CDC-B5F9-BF8E297CE6C8,observation_synthetic 3.csv,1587,observation
0EA93554-7B2F-571F-8591-9551F3F6371F,observation_synthetic 3.csv,1588,observation
4F11D00F-9C3E-5663-B679-4A9B5418B036,observation_synthetic 3.csv,1589,observation
25A86174-A879-5131-9030-01FEAFD29BE0,observation_synthetic 3.csv,1590,observation
418242B3-D299-5056-9CA3-D7158A607149,observation_synthetic 3.csv,1591,observation
C5A5F778-70D9-5EC1-A614-5C3E3F227F2D,observation_synthetic 3.csv,1592,observation
6AB03EDF-0324-5E4C-AB37-D0F544DBF349,observation_synthetic 3.csv,1593,observation
154BDCAE-B0A8-5B25-ACE7-BD4D39B19635,observation_synthetic 3.csv,1594,observation
DD254125-4CAA-545D-8FCF-51E22131D357,observation_synthetic 3.csv,1595,observation
39668E3B-0377-5C22-9AFC-F1DC3A64F7D6,observation_synthetic 3.csv,1596,observation
0A5A2E02-37A5-5712-8C4F-6CE2EF773A21,observation_synthetic 3.csv,1597,observation
CABAD5C3-2DD3-5B49-8CF2-646B135FF904,observation_synthetic 3.csv,1598,observation
23ED15C6-9487-5814-8437-BF203B22781C,observation_synthetic 3.csv,1599,observation
540F4D80-257E-5D95-9DC4-2F2F6CA93DA8,observation_synthetic 3.csv,1600,observation
75D7ABE0-3263-5DCA-AEB1-F7A92A3540C7,observation_synthetic 3.csv,1601,observation
23522567-CEDF-5B91-8EC2-CF85D26749F6,observation_synthetic 3.csv,1602,observation
C4AA9290-D5A7-53D9-A2F0-A740B699C364,observation_synthetic 3.csv,1603,observation
F09DFB97-14E2-570E-A4B3-FC7352EA24C8,observation_synthetic 3.csv,1604,observation
245B8C30-B073-5F8E-A508-FDCE7E48E81B,observation_synthetic 3.csv,1605,observation
DFA45DA2-4B4D-54B5-9FD4-6AA27C51FB41,observation_synthetic 3.csv,1606,observation
8D8555F2-86A3-5310-8A09-BF17BC3DB309,observation_synthetic 3.csv,1607,observation
8C067971-780D-54F9-B174-897F3861D48E,observation_synthetic 3.csv,1608,observation
DFD0EE84-3575-56C0-8423-CEC1E71E0A38,observation_synthetic 3.csv,1609,observation
224B9779-602A-5D79-B005-97FB07DD4724,observation_synthetic 3.csv,1610,observation
2681E02E-935C-5839-9F58-26911AB8E1DC,observation_synthetic 3.csv,1611,observation
AE8AEE72-FC7D-5F1F-8B55-5416F7DC7E48,observation_synthetic 3.csv,1612,observation
1F4E4C08-9931-5E27-8C94-50255F8AF205,observation_synthetic 3.csv,1613,observation
5E42713C-40F1-52E4-8147-9EA73C88D7D3,observation_synthetic 3.csv,1614,observation
34E16B5B-2929-5AAA-A74A-C7B11983B641,observation_synthetic 3.csv,1615,observation
6682FF6D-BEF0-5438-9EF6-756C8F78F8F8,observation_synthetic 3.csv,1616,observation
83356E5C-1BAC-567C-AEF5-28DB63CC0097,observation_synthetic 3.csv,1617,observation
25EEA0A4-E4CC-5C4B-A288-8A7AC8D72802,observation_synthetic 3.csv,1618,observation
4289CAF4-EAE4-5A61-B747-D091AEAF8F3C,observation_synthetic 3.csv,1619,observation
E2BC127C-30CF-5FD0-B97C-F14DF18F2D66,observation_synthetic 3.csv,1620,observation
B0F0AC1B-88CF-5F77-BDF5-9BA0E4E1135C,observation_synthetic 3.csv,1621,observation
1227A8A4-8D36-5EB6-B03F-36447822980C,observation_synthetic 3.csv,1622,observation
9F090366-A6A3-592D-BF62-289A94E77806,observation_synthetic 3.csv,1623,observation
D64952D6-A6A5-544C-8D16-8F22992B9819,observation_synthetic 3.csv,1624,observation
B9689204-D208-50F3-8392-0222F95FB4CE,observation_synthetic 3.csv,1625,observation
EF8A2647-19FF-589D-8724-1AD872857389,observation_synthetic 3.csv,1626,observation
8F07A806-3795-528C-8929-A736665AE55E,observation_synthetic 3.csv,1627,observation
F2002D82-302E-5602-89DE-4E51C48E2848,observation_synthetic 3.csv,1628,observation
462FA9A2-24D1-5250-B1B3-9A8DCF21E0B8,observation_synthetic 3.csv,1629,observation
A1D6B704-621C-501A-8DA5-D33B082558F1,observation_synthetic 3.csv,1630,observation
CA7091B6-969A-55CC-A9AE-D4CB6C48F113,observation_synthetic 3.csv,1631,observation
E0F0296A-A2D0-5FA6-9172-6F73A7F4D936,observation_synthetic 3.csv,1632,observation
8E0678D1-3DCF-5CC7-87A2-11FF575E576B,observation_synthetic 3.csv,1633,observation
CC66614A-2F5E-59ED-A594-6AFF8F45FD44,observation_synthetic 3.csv,1634,observation
1E9E54F8-02DD-5D99-8B23-7316E63826DA,observation_synthetic 3.csv,1635,observation
223B43EB-01C6-55B5-A78A-A58AEA0EDA3C,observation_synthetic 3.csv,1636,observation
F74705E1-1B9F-58A9-BC60-7AADCB4BC160,observation_synthetic 3.csv,1637,observation
F4EF348F-3682-5593-8B84-98BB7CFB9C61,observation_synthetic 3.csv,1638,observation
24F690E4-2836-558A-8A65-142FEC6BACD4,observation_synthetic 3.csv,1639,observation
49D069D2-98B0-5638-9042-F7F5B35168D7,observation_synthetic 3.csv,1640,observation
28F6909E-2126-5739-9340-59AE6EC5B384,observation_synthetic 3.csv,1641,observation
CB228CE6-9D19-5A4C-B680-0EC45C59FB35,observation_synthetic 3.csv,1642,observation
816FFF5C-0E9F-58EB-9EA7-5A40B9F23109,observation_synthetic 3.csv,1643,observation
83B76217-3E44-5AFA-9BE5-160722A0A5DE,observation_synthetic 3.csv,1644,observation
34530A89-8FAA-5B93-87A6-E88ECC8AF3EC,observation_synthetic 3.csv,1645,observation
AB0DB9F9-5860-5FD1-9FA9-CBD213DEA519,observation_synthetic 3.csv,1646,observation
3F9367B7-440D-5CB3-8637-3D934B8BF246,observation_synthetic 3.csv,1647,observation
988058ED-5514-5C25-9A0B-9ADBC1D08D9D,observation_synthetic 3.csv,1648,observation
24F60C85-9A5B-5DDB-ABB2-99837405821E,observation_synthetic 3.csv,1649,observation
7BD25243-AED5-5642-AFD1-8B81B634E7FA,observation_synthetic 3.csv,1650,observation
B59EF618-8FB2-5A5A-99AF-36FC768FC0D1,observation_synthetic 3.csv,1651,observation
14074250-52C0-5670-94C3-1DF4AA48F29B,observation_synthetic 3.csv,1652,observation
92C5B889-1C0D-5626-82A4-8C027D6B7AFB,observation_synthetic 3.csv,1653,observation
13A651F9-E6CA-580F-ABDC-35F06E8BDB5A,observation_synthetic 3.csv,1654,observation
01E4AD02-4128-5B82-80B9-C256AA3040CF,observation_synthetic 3.csv,1655,observation
79D3469A-EA58-5EDD-97D5-5754F841E384,observation_synthetic 3.csv,1656,observation
1C42A998-7DC5-554B-99AD-4946A80F08E4,observation_synthetic 3.csv,1657,observation
3B46FDEF-19A6-54ED-A7C8-229C8F5A4771,observation_synthetic 3.csv,1658,observation
97B022EF-1289-52B0-BB80-2C0FCB27B662,observation_synthetic 3.csv,1659,observation
158E1D94-AE9A-5122-BFC2-326AAD327B02,observation_synthetic 3.csv,1660,observation
5B504751-B8AE-5C19-81E1-BA621D4885B5,observation_synthetic 3.csv,1661,observation
F620049B-581F-53BF-AF49-A043191324EE,observation_synthetic 3.csv,1662,observation
D6DFD078-25B2-550B-8046-9262DFAEACA1,observation_synthetic 3.csv,1663,observation
6C2D03B2-8D55-58AD-B65E-A048F3DA5493,observation_synthetic 3.csv,1664,observation
D8A67046-3614-5D94-B768-873DADC59F21,observation_synthetic 3.csv,1665,observation
98F99863-010C-5DAE-AFFA-89DBED16AEA6,observation_synthetic 3.csv,1666,observation
4FACBEA6-B9DE-56F3-8129-10AF9853DEB2,observation_synthetic 3.csv,1667,observation
27F556F8-26EC-53C6-8CA7-77FC9700E4DB,observation_synthetic 3.csv,1668,observation
90DFE0A3-E620-50C5-B033-7C71CB5608F3,observation_synthetic 3.csv,1669,observation
4AA91415-FA72-5CCF-9743-EF7C9E78BDF9,observation_synthetic 3.csv,1670,observation
68FF521F-583C-5DEB-AB36-1A2CDB0CF8FF,observation_synthetic 3.csv,1671,observation
85740EDE-35A5-5AA9-92CC-1C7666A669FD,observation_synthetic 3.csv,1672,observation
57F19198-3F41-513F-8759-A305B0FD913C,observation_synthetic 3.csv,1673,observation
8CB2382C-E81D-54E5-B15A-408D1C4E5153,observation_synthetic 3.csv,1674,observation
CBE411EE-A502-50E6-8C13-B3E2E82EE565,observation_synthetic 3.csv,1675,observation
2A214A89-3AB9-5F81-BB53-FAF366B84E74,observation_synthetic 3.csv,1676,observation
8AE2A42C-CB15-5749-A88A-9F3EC5A73294,observation_synthetic 3.csv,1677,observation
443FA212-35E7-553C-ABED-93E6089F9285,observation_synthetic 3.csv,1678,observation
31ADDCE0-FC53-5AAE-89D5-F88088C7FD51,observation_synthetic 3.csv,1679,observation
C09D835F-47C1-584C-99AE-C9FC7A507CDA,observation_synthetic 3.csv,1680,observation
96D7E9A9-AE53-5209-B9D4-BB284E0C185C,observation_synthetic 3.csv,1681,observation
0B19F1F8-B763-597E-981A-BE92FA605695,observation_synthetic 3.csv,1682,observation
3EA7057B-C4F4-552C-A7B2-97DE0C3E90BD,observation_synthetic 3.csv,1683,observation
44E4C23F-9826-55A2-8946-25BFF93BF46C,observation_synthetic 3.csv,1684,observation
3C9F9B56-0E4D-5B2E-847C-D2E4762724D9,observation_synthetic 3.csv,1685,observation
3491943B-E2F6-5AE7-B08E-C02F9FAF6D79,observation_synthetic 3.csv,1686,observation
D60355DD-C4B5-5F2E-9F8C-D25D3AB5930E,observation_synthetic 3.csv,1687,observation
358F5C39-6E68-5045-A974-0C704BBAAD96,observation_synthetic 3.csv,1688,observation
80182DCD-CA25-57F2-ADAD-AA9037BAD55F,observation_synthetic 3.csv,1689,observation
FFB9E8B8-FD72-5566-B688-37B511F06172,observation_synthetic 3.csv,1690,observation
E78627BB-EEE0-52B4-927D-CF033355DFBB,observation_synthetic 3.csv,1691,observation
5DEA7848-D94C-58F7-994B-2E0DB0D95031,observation_synthetic 3.csv,1692,observation
72659EC1-AB82-5B98-8972-EA9804B2C99C,observation_synthetic 3.csv,1693,observation
CA58CE39-E7DB-5A72-87B9-0493E250CCC9,observation_synthetic 3.csv,1694,observation
DDF8F1AC-DBCA-5950-A99E-BABC5428AB5C,observation_synthetic 3.csv,1695,observation
937EF066-FBE1-59BC-BE09-212A03C3FB58,observation_synthetic 3.csv,1696,observation
BD9276EC-E820-55D4-A225-25255B681BC6,observation_synthetic 3.csv,1697,observation
CCFE686D-C211-5515-BAC8-BE67477FC303,observation_synthetic 3.csv,1698,observation
0E0E668F-A77E-5EE4-8F29-7CB5BB13C039,observation_synthetic 3.csv,1699,observation
45890574-6FCF-5DA7-A9BF-6437AB8648FA,observation_synthetic 3.csv,1700,observation
1B2C4CF9-1590-5008-9B48-033A111FF065,observation_synthetic 3.csv,1701,observation
3EC8ABCF-A9F6-5AD2-924E-8804C050974F,observation_synthetic 3.csv,1702,observation
FF0AC81E-1F3E-54FD-938E-BDE8102F6524,observation_synthetic 3.csv,1703,observation
D979960F-8D43-5FD4-9CCF-9DBD27618514,observation_synthetic 3.csv,1704,observation
72DB9A0E-2D5E-54B1-9B1C-F3C3FDA20436,observation_synthetic 3.csv,1705,observation
8D291BF1-682B-5AEB-87D2-3D427E38EFA1,observation_synthetic 3.csv,1706,observation
8495DF7C-B029-5261-89BE-7C4A20F2C5CD,observation_synthetic 3.csv,1707,observation
1B5DBD46-0849-5CA9-BAA6-0A91253E05CE,observation_synthetic 3.csv,1708,observation
2A45633D-EE3A-5BC3-8701-AE1E90B4DB98,observation_synthetic 3.csv,1709,observation
C398E11B-D801-5CFC-971A-CBDF7FF63B9F,observation_synthetic 3.csv,1710,observation
C64F05D0-3704-5BF2-9E45-0340C70018A4,observation_synthetic 3.csv,1711,observation
48988CC2-D8ED-5434-9BBE-5EFD62DF69F9,observation_synthetic 3.csv,1712,observation
20803DBD-8C99-5963-A068-D7F0C3C2654B,observation_synthetic 3.csv,1713,observation
882B45CC-52F5-5AE5-BE40-D07624013BB8,observation_synthetic 3.csv,1714,observation
EA252EB8-1120-574A-B4A8-31436BED6352,observation_synthetic 3.csv,1715,observation
6E818082-DCC5-511B-B0FD-F046EA63869E,observation_synthetic 3.csv,1716,observation
27712148-4E2D-5084-A5BB-711464603AD1,observation_synthetic 3.csv,1717,observation
0A1304C5-2B3B-51ED-B456-D7C7C1206E7A,observation_synthetic 3.csv,1718,observation
E26EA2EA-F30F-5D96-852F-82E71EFD1C43,observation_synthetic 3.csv,1719,observation
77007AD1-8A27-5533-B11E-FAB61FFF7F6B,observation_synthetic 3.csv,1720,observation
57CF6889-3ABE-5D08-BB0C-939C1EEC97F5,observation_synthetic 3.csv,1721,observation
F1432B11-B70B-5A1A-987A-4F4C199FE97B,observation_synthetic 3.csv,1722,observation
BA2B31AD-DB3A-5436-ADCE-E330CE3EBC44,observation_synthetic 3.csv,1723,observation
772B737C-B564-53F6-822E-6E2BCB6AC6E3,observation_synthetic 3.csv,1724,observation
960E7DA6-F964-5894-B5F5-90BAF566C875,observation_synthetic 3.csv,1725,observation
272C1CF5-4B6B-5406-BB4E-17D2F266A2C2,observation_synthetic 3.csv,1726,observation
0815A853-981B-556E-9F5C-D14E5D815D3B,observation_synthetic 3.csv,1727,observation
F2622E50-E11B-5B4E-9A22-FF568B32B346,observation_synthetic 3.csv,1728,observation
1D22EA3F-27AB-51CB-897B-55244567BD10,observation_synthetic 3.csv,1729,observation
2C921077-6CA5-5401-86F9-9A338F70BC8B,observation_synthetic 3.csv,1730,observation
F0523D11-9C20-5533-8F6E-864BA3B2E981,observation_synthetic 3.csv,1731,observation
F599A31C-BDC0-5292-ADBF-BFCAA938B2CA,observation_synthetic 3.csv,1732,observation
549DA5C7-5FEC-5CA1-B723-BA2BC72E202E,observation_synthetic 3.csv,1733,observation
A0E15176-213B-5AE9-B931-ADEEFD343DE8,observation_synthetic 3.csv,1734,observation
96D071D7-C439-5B7A-8E19-4A059B31B2BA,observation_synthetic 3.csv,1735,observation
67DC9254-E888-5B3D-8986-182C472166FC,observation_synthetic 3.csv,1736,observation
B941BE95-7A88-55F9-81C6-ED3A83B538C1,observation_synthetic 3.csv,1737,observation
F02C75B8-6416-54C0-B3DD-A31B4A84ABC2,observation_synthetic 3.csv,1738,observation
79DEB911-1B94-587D-B682-7C923CCED75A,observation_synthetic 3.csv,1739,observation
B9CF3075-4575-58AD-9163-4B35B15E86B4,observation_synthetic 3.csv,1740,observation
FBE262BD-395A-5525-9308-F24D35E0C67C,observation_synthetic 3.csv,1741,observation
94AC397A-493A-52DC-BCE1-CEDD172A1B72,observation_synthetic 3.csv,1742,observation
72A87D22-BFD8-5CF3-8979-CB01E363E354,observation_synthetic 3.csv,1743,observation
703788A1-585C-5AA5-B1C0-AB99CB68B45C,observation_synthetic 3.csv,1744,observation
9CB8E298-2F57-507C-802D-BBC31C3173EA,observation_synthetic 3.csv,1745,observation
FFF37A81-BE87-5247-A45A-71A49BE74F04,observation_synthetic 3.csv,1746,observation
00629479-F2D6-5639-BD30-5124E7BC927F,observation_synthetic 3.csv,1747,observation
32DD543F-8EE1-57B2-96F2-910A1F4865B4,observation_synthetic 3.csv,1748,observation
DA7806FF-BC4C-569D-85B8-D7300CCE64DF,observation_synthetic 3.csv,1749,observation
5CFC5C2E-2C5D-5E26-8DC3-A393EAB9C300,observation_synthetic 3.csv,1750,observation
337391D1-7492-5894-9699-22A1D553CFFC,observation_synthetic 3.csv,1751,observation
563F4CE8-8142-5C18-BBC8-E1FAF7CD7364,observation_synthetic 3.csv,1752,observation
CD4CBC32-1AF4-5982-8750-117BE3204C9A,observation_synthetic 3.csv,1753,observation
BC2009FD-1DED-5C07-B41C-49B8658D412B,observation_synthetic 3.csv,1754,observation
EFB9987D-A384-5BF2-B098-3D971390C904,observation_synthetic 3.csv,1755,observation
24AC617B-D801-5C1A-AAE5-1FB5BD43946F,observation_synthetic 3.csv,1756,observation
A7D2A27B-ABEF-53A3-9346-D123983DC5A6,observation_synthetic 3.csv,1757,observation
CF5A22EC-34CA-5F7E-AC79-E6E1552C9CE1,observation_synthetic 3.csv,1758,observation
46F28537-AC42-571F-A0AA-D56A910F8374,observation_synthetic 3.csv,1759,observation
5E7C5DEF-A7FA-52AA-944B-A7516F638671,observation_synthetic 3.csv,1760,observation
96AD5AF1-943E-52FE-A5E7-E7F0223A367E,observation_synthetic 3.csv,1761,observation
590BA5E5-5F83-5546-9B4C-AC6801340115,observation_synthetic 3.csv,1762,observation
A990E2C4-F40D-5A6A-96F2-358A333372A4,observation_synthetic 3.csv,1763,observation
8A30482B-99DA-52D7-A9E7-9E793F3D68D2,observation_synthetic 3.csv,1764,observation
56DCDBC2-3B66-5C81-94B9-62F710FDFAC9,observation_synthetic 3.csv,1765,observation
44FEAFFC-C4E7-529B-86BF-05A433E4C23C,observation_synthetic 3.csv,1766,observation
ADF111F3-8970-5972-94CB-115866270C25,observation_synthetic 3.csv,1767,observation
B2A11B4F-16E7-5A8A-B1A9-0CCA9FCD6B39,observation_synthetic 3.csv,1768,observation
4ED20CB6-CCB8-5803-BFEA-63299A1516D3,observation_synthetic 3.csv,1769,observation
21B0A77F-AEC9-5727-A272-CEA335093D5D,observation_synthetic 3.csv,1770,observation
60B85BAD-4334-5D11-BCA0-50354F6F2D2D,observation_synthetic 3.csv,1771,observation
BCDAB038-F5AC-5B8D-BBA4-D10652C298BA,observation_synthetic 3.csv,1772,observation
A85D6E13-CDE6-5A75-93CF-657839F01510,observation_synthetic 3.csv,1773,observation
D34130D7-691D-58F8-BE98-92E7306E8F78,observation_synthetic 3.csv,1774,observation
84E16865-4BA2-5037-8809-CC54D3736B91,observation_synthetic 3.csv,1775,observation
AE209C14-DEC1-5F81-82FE-7C7790F31FA8,observation_synthetic 3.csv,1776,observation
D70725F0-1C5F-5409-B109-6F9AE68B87EF,observation_synthetic 3.csv,1777,observation
B4B75442-17A1-5518-91E7-7943D08BC60F,observation_synthetic 3.csv,1778,observation
67E09645-2C64-5A0A-A31F-B78F2B147C39,observation_synthetic 3.csv,1779,observation
9C13D3F8-5D7C-5439-9997-61FDDBD563E1,observation_synthetic 3.csv,1780,observation
644F6043-5805-50AB-8A81-976CBA4710F3,observation_synthetic 3.csv,1781,observation
A770CB2D-1856-508E-B91D-B7332A9284DD,observation_synthetic 3.csv,1782,observation
5DCC11B0-D20E-591D-A777-84F94269F26E,observation_synthetic 3.csv,1783,observation
3C6A8547-5A72-5780-8A22-8A2988B1FAAE,observation_synthetic 3.csv,1784,observation
0768A29D-19E2-58D4-98D9-60A0989B71F1,observation_synthetic 3.csv,1785,observation
6C248FEC-71B1-5C89-AC29-5B098CA78BC7,observation_synthetic 3.csv,1786,observation
E11D1751-0DA5-522A-8922-20F6C37AA5D3,observation_synthetic 3.csv,1787,observation
47CE86EC-E336-5311-ADCC-4C30D9287AC6,observation_synthetic 3.csv,1788,observation
382695B1-7916-58AD-ACA3-892BC4EC43D1,observation_synthetic 3.csv,1789,observation
9B38756F-2339-5476-8ABF-EBD2C4805CA8,observation_synthetic 3.csv,1790,observation
40242C87-0A65-5C7F-90B6-5ABF31B4E4F4,observation_synthetic 3.csv,1791,observation
B59F800D-47D4-551B-968F-14E7E5919645,observation_synthetic 3.csv,1792,observation
16E012C1-0378-51EC-A144-F99A5DAA2B63,observation_synthetic 3.csv,1793,observation
BB27922B-73C5-5249-AC4F-E2B493481B87,observation_synthetic 3.csv,1794,observation
C3E3A357-E6CA-54FD-96F2-FDAE95ADD11A,observation_synthetic 3.csv,1795,observation
2CDE03BA-F4AC-590F-82AC-B2C180B87990,observation_synthetic 3.csv,1796,observation
2D2B47F2-9831-5AE1-8C52-51FD30079B08,observation_synthetic 3.csv,1797,observation
54764C44-CC90-5E48-976F-B1E79957F406,observation_synthetic 3.csv,1798,observation
D3004D39-4685-58B3-9A21-D8622ABE2DC7,observation_synthetic 3.csv,1799,observation
B29B75D7-1AE5-5B6B-B74C-E3BBE82FC7E6,observation_synthetic 3.csv,1800,observation
3F4B7CDD-19AC-56D2-A0D4-C643B0658095,observation_synthetic 3.csv,1801,observation
B47B786D-6875-5881-941A-BC6F6D4A9B45,observation_synthetic 3.csv,1802,observation
7968CE24-920A-5FD0-898B-F7F73F7E67E4,observation_synthetic 3.csv,1803,observation
AA8AA76B-D2BF-5D88-AD38-AB24BC8AB224,observation_synthetic 3.csv,1804,observation
AA269782-95AC-5FC9-95B5-6C43FED7C296,observation_synthetic 3.csv,1805,observation
AB892E80-BB03-5D65-B7E2-BA4DC9F0D8F3,observation_synthetic 3.csv,1806,observation
F1D653C6-B2DD-5906-B2D4-844F67214178,observation_synthetic 3.csv,1807,observation
CF865401-A5F7-5CAA-B657-8BB8D8FABEA5,observation_synthetic 3.csv,1808,observation
497E2A3A-1842-58C7-B7AF-A217DA299C6E,observation_synthetic 3.csv,1809,observation
9B32CF92-2CD5-5032-A47F-97891BB5D870,observation_synthetic 3.csv,1810,observation
5910BA07-6F7E-59C8-BA7C-5C9BF7FD4FA7,observation_synthetic 3.csv,1811,observation
5EE125FC-49ED-5E8E-9CBF-0E55A9FE0A51,observation_synthetic 3.csv,1812,observation
7D345300-B45F-53A7-A531-0A61AFF80406,observation_synthetic 3.csv,1813,observation
B3755AF8-DE39-585D-977D-A5F73F1B25F5,observation_synthetic 3.csv,1814,observation
E7F01CB4-5AF4-5774-9251-E84CFD64B6E9,observation_synthetic 3.csv,1815,observation
78091CD4-1DD5-5125-91A8-DFEDF54EF6BD,observation_synthetic 3.csv,1816,observation
ADEE8493-A710-5BFC-9BA3-10E1F1D93DDE,observation_synthetic 3.csv,1817,observation
C71811BC-D58B-5FD1-839D-F855E09011E5,observation_synthetic 3.csv,1818,observation
7BCEF3D7-2477-564D-988A-BE5C7E15A965,observation_synthetic 3.csv,1819,observation
B431E917-57D8-5D2C-B0E9-F35E5B7EBF38,observation_synthetic 3.csv,1820,observation
70641F50-41D2-549D-8A56-0F1F63F9F347,observation_synthetic 3.csv,1821,observation
A9A94E0C-08DA-51F2-8383-AB352A5A8504,observation_synthetic 3.csv,1822,observation
3A5D8081-24B2-5100-B874-6C41AAE35AE9,observation_synthetic 3.csv,1823,observation
7DCA1670-C515-54F5-A36A-A209BA787965,observation_synthetic 3.csv,1824,observation
9C45C82B-D0F9-5A9A-851C-C84168891F87,observation_synthetic 3.csv,1825,observation
8C3B61BE-D927-5007-98A8-262839A759ED,observation_synthetic 3.csv,1826,observation
9F286BE8-2A83-544E-AE2D-B22C28790D50,observation_synthetic 3.csv,1827,observation
83A474E9-676E-54B0-AE30-896590D21CFA,observation_synthetic 3.csv,1828,observation
169A7082-3038-515B-A654-EAD355165DFD,observation_synthetic 3.csv,1829,observation
3F256470-3097-5D52-A684-A74CBB8459CC,observation_synthetic 3.csv,1830,observation
CEAC260D-6D7F-54B0-A32C-5AFA6B7ABC80,observation_synthetic 3.csv,1831,observation
CED78DFD-B377-515B-A738-F34588ACC46F,observation_synthetic 3.csv,1832,observation
F497B5A2-0F10-5B49-988A-551CAD1225DA,observation_synthetic 3.csv,1833,observation
729E899F-9B39-5BFD-8D2A-1ABBCA65590E,observation_synthetic 3.csv,1834,observation
D147AE46-B122-5578-8909-D228ED337D8F,observation_synthetic 3.csv,1835,observation
FDAE2C62-E020-596C-9B7F-D1B32CA1FBD5,observation_synthetic 3.csv,1836,observation
3752E403-AA22-59B8-8C6F-1E1E570D6B0E,observation_synthetic 3.csv,1837,observation
2B488368-0499-5D91-AE82-1033F73942BB,observation_synthetic 3.csv,1838,observation
DC3CF3F2-F629-50B1-9616-264CE16F72D7,observation_synthetic 3.csv,1839,observation
E41E3110-02D3-5726-A624-791CC9CF2F96,observation_synthetic 3.csv,1840,observation
CE82CE33-DE35-510C-87EC-7DDAEE17C971,observation_synthetic 3.csv,1841,observation
16A227E9-DF73-5801-AACF-E3735167F3C4,observation_synthetic 3.csv,1842,observation
CA6A8D91-B5E9-5752-BE4E-792001881318,observation_synthetic 3.csv,1843,observation
68B5A3B9-DCB5-5FA1-B3AC-6B9E44AD678A,observation_synthetic 3.csv,1844,observation
1DC9152F-FE2A-53DD-A19C-AB8CC49B12B2,observation_synthetic 3.csv,1845,observation
CC99E847-802C-5E0F-B349-B92F9A66762E,observation_synthetic 3.csv,1846,observation
BD406F72-9735-5C1A-8C22-868103E7D883,observation_synthetic 3.csv,1847,observation
4087CE15-D3EF-59B6-B930-1128382E2B75,observation_synthetic 3.csv,1848,observation
B2664309-5790-5713-A93C-C23A516DA5F9,observation_synthetic 3.csv,1849,observation
FDCA59D6-7685-59FA-ADF0-8556E7D3ECBB,observation_synthetic 3.csv,1850,observation
C4632799-AC43-57F1-8883-DF99ED039FE5,observation_synthetic 3.csv,1851,observation
109E04CD-4D35-5EF0-930E-B83FD6C4FBA6,observation_synthetic 3.csv,1852,observation
842DECFD-7933-5D5B-B37E-4AF94C943997,observation_synthetic 3.csv,1853,observation
8E719419-AA56-5C36-A660-81CB64C6789E,observation_synthetic 3.csv,1854,observation
882F1A51-F814-5607-A65F-3EA2BF816599,observation_synthetic 3.csv,1855,observation
185AD0FC-D2B9-5C9C-9774-B4C8CF718414,observation_synthetic 3.csv,1856,observation
2F2D0E87-6370-545A-A79E-65EE99029DA5,observation_synthetic 3.csv,1857,observation
0CE8ECB4-9F66-5CD9-9AE2-B45E01267FE3,observation_synthetic 3.csv,1858,observation
4C845A82-4349-53A3-86A6-5DFB15D5FC34,observation_synthetic 3.csv,1859,observation
A3237CD2-8BFF-5AE8-A038-79AD92D7FA91,observation_synthetic 3.csv,1860,observation
880B01A5-EE51-5E42-B962-9CC4C3BD2749,observation_synthetic 3.csv,1861,observation
99DEF679-264C-5F7E-B4BF-F8129B5331EF,observation_synthetic 3.csv,1862,observation
CD308327-D630-5FB9-B215-B79B1C76BB2C,observation_synthetic 3.csv,1863,observation
5C0AC630-FF9D-5E55-8D94-5C878DFC79E2,observation_synthetic 3.csv,1864,observation
EAEF47AB-14F9-5CA4-8BFD-A68C1D9A09A7,observation_synthetic 3.csv,1865,observation
0B46CBAD-777C-5A78-B650-D1716DF8DD10,observation_synthetic 3.csv,1866,observation
4FDA3DD4-ABAD-5BC6-9A27-B6F8023D36B8,observation_synthetic 3.csv,1867,observation
F51CF567-AF02-504F-878F-C1D29CFE1895,observation_synthetic 3.csv,1868,observation
D9F1E825-D17F-5108-9BA2-751018B104C9,observation_synthetic 3.csv,1869,observation
0630C303-8C46-5168-953E-A0D96AED5B91,observation_synthetic 3.csv,1870,observation
B4EC7FEC-F366-5887-9365-CAD3013BDBCA,observation_synthetic 3.csv,1871,observation
19C55261-A02D-5A15-A1D6-B5355B567F62,observation_synthetic 3.csv,1872,observation
A9AE3117-BD7E-5F64-A08C-29092D7A362D,observation_synthetic 3.csv,1873,observation
DFD13793-E4DE-5F48-82F3-350DD20E7DDF,observation_synthetic 3.csv,1874,observation
8C09D203-B080-5170-BAB0-2CAC4F119D1F,observation_synthetic 3.csv,1875,observation
4814E8C1-D0F2-5F33-A9D3-C4861BFB6FFD,observation_synthetic 3.csv,1876,observation
D19B6FC0-0D8F-52AF-B270-1D8FACA053B1,observation_synthetic 3.csv,1877,observation
7421728D-4F48-5F86-A49B-70ED13355530,observation_synthetic 3.csv,1878,observation
2090118D-F17A-569C-838B-27FA4476CF96,observation_synthetic 3.csv,1879,observation
6D0B78CD-CC67-5A7B-8A7F-E8494190C345,observation_synthetic 3.csv,1880,observation
F9AFD6AC-7E03-50CD-B734-F8376B80C3B9,observation_synthetic 3.csv,1881,observation
E63BDDFA-8D30-589B-B834-8E9A395EF031,observation_synthetic 3.csv,1882,observation
40BCD2C2-8BC0-5BAA-8B32-94F3588B8BC9,observation_synthetic 3.csv,1883,observation
AE65C2CD-4200-5FFF-9568-B2517DC23B98,observation_synthetic 3.csv,1884,observation
B143EAE3-8A22-51F5-8437-7CC5FEB3582F,observation_synthetic 3.csv,1885,observation
34797483-6C4A-5E49-A339-D32403BF2E05,observation_synthetic 3.csv,1886,observation
79B1C09C-D760-5B02-A431-1EC2C77103F1,observation_synthetic 3.csv,1887,observation
E83EA550-C52A-5126-9B8D-ED088F7444AB,observation_synthetic 3.csv,1888,observation
3D4CC824-F6B6-5C99-A7FE-AFCDA4ED93B1,observation_synthetic 3.csv,1889,observation
95067859-0228-5320-962D-8E6BDC9BC2E8,observation_synthetic 3.csv,1890,observation
93C4AB9A-20FF-5C2F-9F0E-8054AA6945CC,observation_synthetic 3.csv,1891,observation
52AF440E-C11D-5C8D-A87E-1CBE8CE3C80E,observation_synthetic 3.csv,1892,observation
426B7EBD-BB18-565E-B9B5-9F449EC00A02,observation_synthetic 3.csv,1893,observation
ADB4FC99-EAF3-5D7C-A105-C790D9EB443A,observation_synthetic 3.csv,1894,observation
CAE5C539-2F54-512C-A0EB-AC00B8EBD8B4,observation_synthetic 3.csv,1895,observation
94E31B61-F5C4-56D5-A98D-4EDBA1EE1197,observation_synthetic 3.csv,1896,observation
BB2207A2-6B48-56C3-8ABB-F98E51BFA4DB,observation_synthetic 3.csv,1897,observation
2AAE03E4-70D0-5938-B096-EC194A76E4BF,observation_synthetic 3.csv,1898,observation
D56B7094-EC96-5B9A-AA8C-6DF8CC51E66E,observation_synthetic 3.csv,1899,observation
0186C138-86C0-50A3-9AE5-0E0A04EB663E,observation_synthetic 3.csv,1900,observation
0720A33C-F216-5BD6-B710-806EF06A1A11,observation_synthetic 3.csv,1901,observation
39AC0E59-5E94-5419-A5FB-A7A9763F11D3,observation_synthetic 3.csv,1902,observation
A0B8485C-AA92-5B3A-8221-DD68B688E002,observation_synthetic 3.csv,1903,observation
0C47E584-5D4A-5C01-8F1B-90DF87AC08D6,observation_synthetic 3.csv,1904,observation
CF092936-FF22-5885-B8A2-1B244D199EE5,observation_synthetic 3.csv,1905,observation
1A3E8D88-33B0-59E3-B335-A26CDB782AFB,observation_synthetic 3.csv,1906,observation
5B1291E9-9597-5163-8384-ADA080C33640,observation_synthetic 3.csv,1907,observation
83234F13-7B6E-5198-9C34-A9902F898900,observation_synthetic 3.csv,1908,observation
9ABC00AE-3F93-5B22-A379-213E03AFECE1,observation_synthetic 3.csv,1909,observation
715B0200-DA11-5A5C-8D02-3FDE9697A075,observation_synthetic 3.csv,1910,observation
7F033BD5-97A0-5E2E-86A7-D17BD1B32A9D,observation_synthetic 3.csv,1911,observation
4C68447E-020C-52B4-8494-BEB92E26AE8C,observation_synthetic 3.csv,1912,observation
5A553B9F-6EF8-5B75-9B7F-68F2222AFA3F,observation_synthetic 3.csv,1913,observation
851777C3-A1E5-56F8-8903-8F496B9DFD69,observation_synthetic 3.csv,1914,observation
E5586144-EC13-5EF9-83FF-290742775269,observation_synthetic 3.csv,1915,observation
441F9A33-F5CF-5953-ACFC-59A04A4D9B96,observation_synthetic 3.csv,1916,observation
E92B4AD5-A292-59D8-913A-E734E1405749,observation_synthetic 3.csv,1917,observation
E2EDC5E5-B20A-5A9C-A493-102D29B05843,observation_synthetic 3.csv,1918,observation
151E71AA-010C-5B2F-9585-BE2FA5102DF6,observation_synthetic 3.csv,1919,observation
36DE931A-7002-5776-9EA2-C8B36521DDF8,observation_synthetic 3.csv,1920,observation
5781AE10-1840-5584-AE92-1595CE117D32,observation_synthetic 3.csv,1921,observation
3B763ADD-C1AD-5D76-8CC9-F353709F8709,observation_synthetic 3.csv,1922,observation
F5EFB898-F27F-5869-A481-6E6E9A4240C7,observation_synthetic 3.csv,1923,observation
DD812662-2942-5360-B88A-4FD3BC3E4F0A,observation_synthetic 3.csv,1924,observation
62323904-B875-56CC-B516-ABDE20E5BBC2,observation_synthetic 3.csv,1925,observation
8871E8C2-27A1-5DD9-A1D3-705E9AAA0EBF,observation_synthetic 3.csv,1926,observation
29C8CB87-8FCD-573D-8F03-8D071C0F6F60,observation_synthetic 3.csv,1927,observation
E8F0CD98-A6C2-59EA-90F6-FC664F4891B0,observation_synthetic 3.csv,1928,observation
8C7A5F99-17E0-5B34-8B81-6E6B7ACA5BB4,observation_synthetic 3.csv,1929,observation
498D2747-90A1-5CD2-BC75-4277E9B2A565,observation_synthetic 3.csv,1930,observation
DE9DBDC5-6574-59C1-A377-53710AF79D58,observation_synthetic 3.csv,1931,observation
1B78658E-9647-50EF-A33E-E3C5863B0A6D,observation_synthetic 3.csv,1932,observation
58481986-7A19-5603-8EAE-33EB10627D2E,observation_synthetic 3.csv,1933,observation
CACA7D2C-2FA2-5BE1-8751-EF89DC3C46E4,observation_synthetic 3.csv,1934,observation
934651A0-E8D9-51C6-B680-13F75DC24EE5,observation_synthetic 3.csv,1935,observation
684A426E-634C-5496-A00F-67941974DEDC,observation_synthetic 3.csv,1936,observation
196F2BD7-EC35-5596-BC8D-EB363A5CEEAC,observation_synthetic 3.csv,1937,observation
030344E2-BC5D-56A7-AEF6-C6A5E8E0FC03,observation_synthetic 3.csv,1938,observation
8A482E2E-1080-50A9-B368-E14CABE9584D,observation_synthetic 3.csv,1939,observation
06FCF444-9655-5B06-90CB-2191A37F3409,observation_synthetic 3.csv,1940,observation
2AECA400-FC7B-590E-9DC7-E54FECD48DCF,observation_synthetic 3.csv,1941,observation
B3E8CBC5-A1ED-5C36-9590-60A26FF729DB,observation_synthetic 3.csv,1942,observation
631CF406-159B-57E2-AA51-B972C1867359,observation_synthetic 3.csv,1943,observation
ACAD0075-7E2B-561E-B66D-DF8E9D7871DC,observation_synthetic 3.csv,1944,observation
DDA7294D-82E5-59FB-AE9B-646BA9910198,observation_synthetic 3.csv,1945,observation
EEFEDA03-CEBE-58AB-B0BE-0CAA74AB9F65,observation_synthetic 3.csv,1946,observation
4BECC530-8557-5274-8232-69016BEAEA7A,observation_synthetic 3.csv,1947,observation
962914E2-C250-5328-8EA7-8E92CB35CCCA,observation_synthetic 3.csv,1948,observation
57300D70-1320-5DAD-8854-D193BD79F9FF,observation_synthetic 3.csv,1949,observation
0D3A8EEB-AF04-53B1-831D-A6DF8BF03F6A,observation_synthetic 3.csv,1950,observation
B434FE13-A460-5610-B84B-9B29B9BDB736,observation_synthetic 3.csv,1951,observation
AE47D078-2990-55E0-88AC-9B3028292FF8,observation_synthetic 3.csv,1952,observation
2F6C5895-ED0C-554F-8780-EF44779864F0,observation_synthetic 3.csv,1953,observation
4B8EB8AD-2287-5CF1-AF7C-24A5AEFFA348,observation_synthetic 3.csv,1954,observation
45A6A229-68D5-55D5-8F43-A4999B68C3B6,observation_synthetic 3.csv,1955,observation
63F1C375-0572-58F6-80ED-484A3CD03BF7,observation_synthetic 3.csv,1956,observation
D0701648-CB80-547F-812D-EF617BFA7747,observation_synthetic 3.csv,1957,observation
EA8B1660-E431-5CC6-8AD1-8075202B0EAD,observation_synthetic 3.csv,1958,observation
D085A446-BD90-5F34-A6A5-26C5F9070571,observation_synthetic 3.csv,1959,observation
2DDB6564-8268-59AF-B94D-62EF758B6B0D,observation_synthetic 3.csv,1960,observation
AB5DD90E-2B33-53B0-9891-0EFE3FE963F3,observation_synthetic 3.csv,1961,observation
D8EEE6F3-8E48-5E54-A5BD-5B628F460B9A,observation_synthetic 3.csv,1962,observation
9A9983FC-A56A-534C-BC7C-22BF55144AE3,observation_synthetic 3.csv,1963,observation
351C86E5-7DE9-5D29-B89B-CC792AA5A15A,observation_synthetic 3.csv,1964,observation
4A041A4A-A91F-5CBB-94C6-8727D876620C,observation_synthetic 3.csv,1965,observation
59ABA778-44FE-549C-90F1-70D9DC7DCFFF,observation_synthetic 3.csv,1966,observation
D27CFF52-1D6C-51DF-85C7-5E4299CE3DE9,observation_synthetic 3.csv,1967,observation
1691885A-BC4C-5A89-B53F-3B86E0816625,observation_synthetic 3.csv,1968,observation
E60DA1FF-AC9F-5F07-A6DA-23AB5B36FEDB,observation_synthetic 3.csv,1969,observation
703E6689-669E-5511-A5BF-19FA293AAD4F,observation_synthetic 3.csv,1970,observation
F547E790-52AC-50EB-BE4F-9F1E56257ACC,observation_synthetic 3.csv,1971,observation
2081D628-C372-52D4-B5F2-9ADCC3F5449B,observation_synthetic 3.csv,1972,observation
045F6291-15A4-5228-882C-DFE5920F90E7,observation_synthetic 3.csv,1973,observation
B85A25EF-D442-586A-AB1E-70702637AC71,observation_synthetic 3.csv,1974,observation
316B94E6-AEF7-52CF-A190-F3853A92E72E,observation_synthetic 3.csv,1975,observation
395CE265-B875-5FC1-BC71-07073278231C,observation_synthetic 3.csv,1976,observation
7934090F-975B-5095-AA2A-12C3CCB68A58,observation_synthetic 3.csv,1977,observation
57BF1A8E-465D-53BE-BC75-58FAC0C5C6DE,observation_synthetic 3.csv,1978,observation
0FCBF0AF-198C-5B89-AB2C-A5BB94B3C9AF,observation_synthetic 3.csv,1979,observation
FD2D888A-FF4E-50CF-A329-01F470A77E5F,observation_synthetic 3.csv,1980,observation
37AC0C44-F3CF-540C-AC8B-B0253F4F1FD1,observation_synthetic 3.csv,1981,observation
B0BA7739-FD03-5E2F-9881-966860A1D203,observation_synthetic 3.csv,1982,observation
2E459D47-ACF8-5CF8-9485-774B60543F69,observation_synthetic 3.csv,1983,observation
9B79141E-A78F-5615-BF35-B9E29B212BA6,observation_synthetic 3.csv,1984,observation
90D88E39-C2BF-52E3-A8E8-D1A6FC4958C9,observation_synthetic 3.csv,1985,observation
BFB42187-B6FF-5818-9C21-435BA2C92562,observation_synthetic 3.csv,1986,observation
4ACFB9CF-74E4-5DDB-A481-18F5C058991E,observation_synthetic 3.csv,1987,observation
9765A063-50DF-5DD9-B19B-538A9AE0A10C,observation_synthetic 3.csv,1988,observation
F230449A-DA7C-5499-B4CF-9A7C035660B2,observation_synthetic 3.csv,1989,observation
0CD3EA27-61CC-5381-ADB1-2DFEAA125A45,observation_synthetic 3.csv,1990,observation
A272787E-5A14-5048-916B-AE87BC7D9F39,observation_synthetic 3.csv,1991,observation
3B4F99AF-B648-5402-83F3-A08B07D13A8D,observation_synthetic 3.csv,1992,observation
4B9CB71A-1E61-5D22-86F7-DDE524EA6218,observation_synthetic 3.csv,1993,observation
D5718D49-AA73-5C1E-8E73-55E84E25CA2F,observation_synthetic 3.csv,1994,observation
925994F7-2C88-5710-855D-5434A5EE5CEE,observation_synthetic 3.csv,1995,observation
478224AA-5ABB-51D5-A81D-6F9EC793D582,observation_synthetic 3.csv,1996,observation
98FE26F6-0A9D-564F-9E6F-9D203764870F,observation_synthetic 3.csv,1997,observation
0C997C27-EDA1-50E6-BE0F-2D664268C586,observation_synthetic 3.csv,1998,observation
8A92AC3B-5BC9-5BF4-914E-73F49071E526,observation_synthetic 3.csv,1999,observation
13A60AEA-B334-55D8-A75D-ED169A3437C9,observation_synthetic 3.csv,2000,observation
0775B386-EABA-5194-94CD-E75ECFE07777,observation_synthetic 3.csv,2001,observation
45349E5A-CD24-5444-BDC0-1B55514235BD,observation_synthetic 3.csv,2002,observation
6FCB8964-BBE1-5E54-B968-F78A8D8F1AFB,observation_synthetic 3.csv,2003,observation
219A775D-3775-5975-91DE-D001BC9EB826,observation_synthetic 3.csv,2004,observation
A15917A9-251F-5113-8369-C5B9CEC74C1F,observation_synthetic 3.csv,2005,observation
755975A4-5497-5E52-9536-983540756E93,observation_synthetic 3.csv,2006,observation
C7805A30-A0AA-5281-904B-4A006BED1F49,observation_synthetic 3.csv,2007,observation
CFAFBE98-AEFF-5A1B-A9C5-296AF789B85B,observation_synthetic 3.csv,2008,observation
62F3DCD4-45B1-52A1-8A0F-B7E46197F77C,observation_synthetic 3.csv,2009,observation
FD1736A6-A24C-5F12-BE8E-4E9924FCF3E1,observation_synthetic 3.csv,2010,observation
6CD463D6-B352-5A20-8635-412B07DD7B2E,observation_synthetic 3.csv,2011,observation
55997BFF-ED31-5DBD-B18D-7D0B0706CAFB,observation_synthetic 3.csv,2012,observation
D7295E99-B488-5DFE-A2E5-714BD35B66A5,observation_synthetic 3.csv,2013,observation
C466952F-D6AE-5624-9128-50BD38D3085C,observation_synthetic 3.csv,2014,observation
62A934A6-0BAC-51A3-8F3A-DFFE02FE4744,observation_synthetic 3.csv,2015,observation
E8FA06A6-CBCC-5D7E-9381-30F82D8AA609,observation_synthetic 3.csv,2016,observation
5642BAEA-6999-5C60-90E8-C75403ECE4FB,observation_synthetic 3.csv,2017,observation
C0F77C64-39AF-5656-86EE-0640DB935CAE,observation_synthetic 3.csv,2018,observation
E9A56134-3E91-531B-B3C7-FA394B2B5674,observation_synthetic 3.csv,2019,observation
492C0C1B-1878-5C2F-8CEF-2141E1A642BA,observation_synthetic 3.csv,2020,observation
3AB04EA4-A2FA-523C-B43A-9F16710A0836,observation_synthetic 3.csv,2021,observation
FEB14ED4-E0C6-5593-B025-6904CEF9433E,observation_synthetic 3.csv,2022,observation
4DF3193F-F03B-5777-BD2A-FDC160016ADD,observation_synthetic 3.csv,2023,observation
F4DE0281-6501-5CED-AF1D-59FDCD9204BB,observation_synthetic 3.csv,2024,observation
1335D0C2-D48A-5582-A040-F8DEF715B4A0,observation_synthetic 3.csv,2025,observation
10F8840E-56AD-5527-BB93-6766024317DB,observation_synthetic 3.csv,2026,observation
7F9652C8-5FE8-53F2-B9D5-33D35E3944EB,observation_synthetic 3.csv,2027,observation
A0C57128-AA69-5F09-A5DD-412208EB2F18,observation_synthetic 3.csv,2028,observation
AFC0E69B-5D1E-5A3B-9104-8E54545C784A,observation_synthetic 3.csv,2029,observation
DB4AD91A-55EF-5D19-80A2-CDAD0B6824ED,observation_synthetic 3.csv,2030,observation
5159FE18-2C36-5365-B963-6E25877CC20E,observation_synthetic 3.csv,2031,observation
8BD25CC2-3568-522C-A7EF-43F06C2476B6,observation_synthetic 3.csv,2032,observation
C271D416-68DB-51A5-B713-3C17C06C2826,observation_synthetic 3.csv,2033,observation
9B0590A4-F293-5147-BDEC-5B89CF72A1A4,observation_synthetic 3.csv,2034,observation
887F066F-9402-5B7C-B972-C89057DA141C,observation_synthetic 3.csv,2035,observation
12465019-3734-5F1D-B79C-E2EE392BFC34,observation_synthetic 3.csv,2036,observation
DA326A85-E1F2-549A-9A88-2E3B337AAB02,observation_synthetic 3.csv,2037,observation
1DE61DB3-A073-5381-BCCA-25F043A570D1,observation_synthetic 3.csv,2038,observation
BF0DFC27-9F7B-5CFB-B099-5DE8A87F5B57,observation_synthetic 3.csv,2039,observation
74BB0853-3FBA-5771-BC78-D1B9A11B3AE5,observation_synthetic 3.csv,2040,observation
AC0F7B55-4D6E-5EF2-828F-0D1D9FDA6E8D,observation_synthetic 3.csv,2041,observation
5C345E08-573B-5285-B4A3-C253CA341806,observation_synthetic 3.csv,2042,observation
5D4F5AD2-682E-5A59-89D8-8FB072BC3F6C,observation_synthetic 3.csv,2043,observation
637497FC-134E-5903-B6BD-9E228CF3C68E,observation_synthetic 3.csv,2044,observation
2A43A6C5-F39A-5F8E-9106-742BBDB113B9,observation_synthetic 3.csv,2045,observation
E2336AB0-9821-5953-A8BF-DDCA15985B1A,observation_synthetic 3.csv,2046,observation
99D3B86A-A520-591D-8DD8-086C600B1097,observation_synthetic 3.csv,2047,observation
6DC03869-736F-5D8F-8731-37ED8D78709C,observation_synthetic 3.csv,2048,observation
F984599B-1058-5683-9A6F-C287099B75F6,observation_synthetic 3.csv,2049,observation
31CDD268-BC07-5378-853A-9FEDC735566C,observation_synthetic 3.csv,2050,observation
78927E91-D3FE-5040-849F-8F7D9E9ED102,observation_synthetic 3.csv,2051,observation
6099AC54-A3CF-5DC5-9918-364384668C16,observation_synthetic 3.csv,2052,observation
5F01E4A3-9A52-5AE1-8AE5-5DAEE6D91F0B,observation_synthetic 3.csv,2053,observation
975FFFA7-6BB9-596E-92BD-660BFFE23AC2,observation_synthetic 3.csv,2054,observation
18A26F08-F636-5C6A-BD76-98BD76E34841,observation_synthetic 3.csv,2055,observation
3C044071-7363-52E2-9DEF-B3B0BC152934,observation_synthetic 3.csv,2056,observation
98464B89-4D11-5861-B106-896998D0A4F5,observation_synthetic 3.csv,2057,observation
14FC5C34-549A-54D7-95C7-84E8AC1EB6AC,observation_synthetic 3.csv,2058,observation
2D758D93-4632-559C-98F8-91F9A96BDF66,observation_synthetic 3.csv,2059,observation
6638D255-18FA-5A23-B8BC-AB110CD0363B,observation_synthetic 3.csv,2060,observation
0A934A5F-EC0C-5011-937E-B10B16DFA0D4,observation_synthetic 3.csv,2061,observation
7ACFA588-8578-5A75-8ED1-BC5252F37F1C,observation_synthetic 3.csv,2062,observation
CC2BDCF2-E388-5B9F-BB53-EBFE4BE632BD,observation_synthetic 3.csv,2063,observation
78F14498-4B04-5AC8-A9B2-3764D354A98B,observation_synthetic 3.csv,2064,observation
863E3129-F0BB-5708-AF66-B62A4E1461E1,observation_synthetic 3.csv,2065,observation
02EB362F-4407-5F5D-8814-59C679CDEBF6,observation_synthetic 3.csv,2066,observation
92C047C5-79F5-5658-9057-0DC2617B0D98,observation_synthetic 3.csv,2067,observation
B6BDE0A5-93F4-53CA-9FB6-E4ADAFFF25D6,observation_synthetic 3.csv,2068,observation
A571485A-170E-573F-876D-E113F11DC1BF,observation_synthetic 3.csv,2069,observation
2E0BF54F-A717-59B8-9195-D2C23425439D,observation_synthetic 3.csv,2070,observation
E1E5A2C5-04B4-5BE6-8444-68F61B280C04,observation_synthetic 3.csv,2071,observation
CEFC4354-CF6D-5848-BEF9-35A184776DEC,observation_synthetic 3.csv,2072,observation
5ABC1647-1B07-562D-AD2B-E2E7C6B3512C,observation_synthetic 3.csv,2073,observation
B3A8E500-2CF0-58DF-A5AD-DBDD69F25DA2,observation_synthetic 3.csv,2074,observation
B4A14E75-2D4B-5347-BA90-EDA812B247DA,observation_synthetic 3.csv,2075,observation
9DC05C29-7595-53FD-94FE-053FA43CB122,observation_synthetic 3.csv,2076,observation
33334F93-211B-5945-8DB1-AAE633F39003,observation_synthetic 3.csv,2077,observation
38CC48B3-71A2-5952-9993-409C5A23C53C,observation_synthetic 3.csv,2078,observation
64A67E07-56D0-5E4E-B045-6F777EE36A8A,observation_synthetic 3.csv,2079,observation
B658DD95-850D-5EF6-B82B-90AE76F5C977,observation_synthetic 3.csv,2080,observation
AABAFD99-323E-5064-8770-94A0B2FE86CD,observation_synthetic 3.csv,2081,observation
7330538C-2505-5DCE-AD84-8B9AB334A753,observation_synthetic 3.csv,2082,observation
07FCDF88-B88A-5EF7-94C5-CC9B35F3CECE,observation_synthetic 3.csv,2083,observation
9CBE3962-9627-5F17-AA10-648120B7ED96,observation_synthetic 3.csv,2084,observation
32301173-FE91-5C51-8CDC-39E5AAAFDF43,observation_synthetic 3.csv,2085,observation
8646C10D-588F-5285-BFFE-69C0F470A878,observation_synthetic 3.csv,2086,observation
0CB637F9-C77D-5F18-B476-85DC9C57E793,observation_synthetic 3.csv,2087,observation
500F8191-A89E-50FB-9AE8-4981676A3BCF,observation_synthetic 3.csv,2088,observation
7DCAB656-6BAC-549B-A925-646398FB8A4B,observation_synthetic 3.csv,2089,observation
04E2B65B-1A3A-5126-8EDC-0D2CE6F0BEAE,observation_synthetic 3.csv,2090,observation
C6F8373A-22C5-5247-829D-256B0763F8AA,observation_synthetic 3.csv,2091,observation
C91B5278-077B-59A4-8F4F-32EE12984AD5,observation_synthetic 3.csv,2092,observation
3E9EEA5F-D38C-53D7-9F5B-87AF8049C60E,observation_synthetic 3.csv,2093,observation
E0597E01-D051-59E3-938D-13FDE9EA2E04,observation_synthetic 3.csv,2094,observation
C81E2A0D-ADA0-54E5-B958-FDC5DE27523A,observation_synthetic 3.csv,2095,observation
FB389375-AF1F-5E23-8EFA-939BEE138119,observation_synthetic 3.csv,2096,observation
D9119999-F746-5695-8F7B-CCB05DE3E1CB,observation_synthetic 3.csv,2097,observation
19283A6E-E9FE-5172-B379-707AFB2FB592,observation_synthetic 3.csv,2098,observation
009C3729-D80B-5E39-B1FE-EE8C983F1D16,observation_synthetic 3.csv,2099,observation
490C9272-74DB-5912-BCD1-CDD0B5C03810,observation_synthetic 3.csv,2100,observation
D0B6983F-5C31-53DD-BAF4-407967C6E567,observation_synthetic 3.csv,2101,observation
8EFA0834-5892-505C-9B57-1E8ED2EB9FD0,observation_synthetic 3.csv,2102,observation
5E22CC66-B7F3-5669-8F9C-6D0906B844D9,observation_synthetic 3.csv,2103,observation
A86C10CE-7800-5A91-A435-07DBE54D6C90,observation_synthetic 3.csv,2104,observation
541EB5AA-1E6A-524B-BC49-864842698B45,observation_synthetic 3.csv,2105,observation
E747E402-5BD7-5F7E-ABD5-99A468E0AD9C,observation_synthetic 3.csv,2106,observation
25C2E095-BB8D-5FDB-8F6F-58D10A14A800,observation_synthetic 3.csv,2107,observation
731E6DE2-00DC-5005-8753-BA29D13B13BA,observation_synthetic 3.csv,2108,observation
BB4925B3-9761-507C-85E3-42970D22A439,observation_synthetic 3.csv,2109,observation
E5742072-9725-5D1E-9014-14FD529190CD,observation_synthetic 3.csv,2110,observation
DCD12BCB-C579-5306-9C44-52D64AC7C9FB,observation_synthetic 3.csv,2111,observation
3F84D8D4-01BF-50A8-84B7-00D63DA62C0E,observation_synthetic 3.csv,2112,observation
BBA5325B-873F-533B-BEC4-80EF52B21320,observation_synthetic 3.csv,2113,observation
B00A90DC-2FCF-5CD5-9642-AA333192979E,observation_synthetic 3.csv,2114,observation
B6787011-0B07-531C-BD44-5CEE5B753BF4,observation_synthetic 3.csv,2115,observation
77079384-9AEC-590E-9F96-166F12425802,observation_synthetic 3.csv,2116,observation
0EE2BD73-6AD9-5BC7-B9D8-CE06807B4C28,observation_synthetic 3.csv,2117,observation
EEEDA0C0-EBD7-5F4B-B212-202092A8263C,observation_synthetic 3.csv,2118,observation
F1B5E490-A77E-5972-A5CB-CDD17E5EE816,observation_synthetic 3.csv,2119,observation
212A51F7-59B2-532C-8790-AF6B720C580F,observation_synthetic 3.csv,2120,observation
7B4DF83F-483E-5A80-A700-91698A0872B5,observation_synthetic 3.csv,2121,observation
89112F40-8A1E-595F-8E33-2CFE7375734A,observation_synthetic 3.csv,2122,observation
9EB52CF6-F6FF-53C3-A471-81B58DD0B753,observation_synthetic 3.csv,2123,observation
2CFC08AE-4B87-5EDA-958C-6D7FB261377A,observation_synthetic 3.csv,2124,observation
1820C204-94AA-5C65-8C89-9045415FC9A5,observation_synthetic 3.csv,2125,observation
C00105FF-3F28-5390-8D96-309ADAB8A363,observation_synthetic 3.csv,2126,observation
51F697BD-15C2-51AD-8D70-5579D34C79C5,observation_synthetic 3.csv,2127,observation
D81B8BFD-645A-5216-B856-835CBE7643A1,observation_synthetic 3.csv,2128,observation
B2F46272-82F3-5DF6-97BA-A3AE9408E0D4,observation_synthetic 3.csv,2129,observation
5EC05DF0-4D2F-57EA-B3A3-B5D52AB30FFC,observation_synthetic 3.csv,2130,observation
048D35E7-7CFE-5AD4-8C84-8D06D531A998,observation_synthetic 3.csv,2131,observation
66CEC7B7-7003-5D5F-999C-0C6CAB8C2263,observation_synthetic 3.csv,2132,observation
93C6B84A-6589-5AFD-A8B6-C59D344B68F2,observation_synthetic 3.csv,2133,observation
637D7A5C-C41E-58F8-BA11-238D5F687AE8,observation_synthetic 3.csv,2134,observation
8002455C-EA6A-5AD3-B46D-1CE1EF934D33,observation_synthetic 3.csv,2135,observation
BD9A4B79-3192-503B-AC3E-6D10FB0DBE1C,observation_synthetic 3.csv,2136,observation
BEBF3F03-55AF-54FA-9366-E8AAA98D5A2A,observation_synthetic 3.csv,2137,observation
3ECFA7F1-4CF2-5E2B-B824-51C4BA17D49B,observation_synthetic 3.csv,2138,observation
AF65878A-715C-5F7C-8908-A607D16502CF,observation_synthetic 3.csv,2139,observation
034831E9-76C8-5C8E-A7C6-FBCECA641C2D,observation_synthetic 3.csv,2140,observation
65AE5BC7-0FFB-589C-A086-883DE2DFD487,observation_synthetic 3.csv,2141,observation
F91C1F0E-E299-56B0-84DA-E1461488FF2D,observation_synthetic 3.csv,2142,observation
00F19165-08F9-5C02-8CB7-3BA4F357AC83,observation_synthetic 3.csv,2143,observation
3E7EE233-A28E-53D1-9600-B0AE473CCFFB,observation_synthetic 3.csv,2144,observation
B97092B9-1276-5D28-865C-ECB82250943C,observation_synthetic 3.csv,2145,observation
15A59402-8274-585C-8DF0-722ACD733795,observation_synthetic 3.csv,2146,observation
BFADF1D6-A7A4-57FB-AC36-41DAD7F1624A,observation_synthetic 3.csv,2147,observation
315F94B6-CDBD-55DE-AE4A-A87715A2BA9D,observation_synthetic 3.csv,2148,observation
D5871B1B-8952-532D-98C5-C5E5830BAF00,observation_synthetic 3.csv,2149,observation
CB35CDCC-0D59-5112-A88D-377EFAEC0EB9,observation_synthetic 3.csv,2150,observation
75112EDC-F112-5D85-9694-AD96CE82B653,observation_synthetic 3.csv,2151,observation
45746F8C-CEC5-52DF-AA3E-F33021619217,observation_synthetic 3.csv,2152,observation
EE321A22-5940-5D3E-ACD1-3E9BE5FCB9B9,observation_synthetic 3.csv,2153,observation
4F88799F-FCB9-53A3-A0EA-A389F4A0CF6F,observation_synthetic 3.csv,2154,observation
A4D323C2-6DE8-5C69-BE09-45660E2E4712,observation_synthetic 3.csv,2155,observation
734CE0F2-06C4-54D3-9B42-0EF6B5EC6BB2,observation_synthetic 3.csv,2156,observation
10C41874-119C-57B3-A786-C4577DABBEF3,observation_synthetic 3.csv,2157,observation
DB6ADB22-98F0-5668-B930-6ACC57E09843,observation_synthetic 3.csv,2158,observation
381C4942-D146-577B-A28B-FC6A9236E635,observation_synthetic 3.csv,2159,observation
98260605-1D75-509E-B4DC-FA6746B366E3,observation_synthetic 3.csv,2160,observation
9629B3C3-4867-574A-A831-2E4893300C79,observation_synthetic 3.csv,2161,observation
619347AF-2E74-566D-AEF8-61E08C07E5ED,observation_synthetic 3.csv,2162,observation
F46D1B1C-8812-5FDF-B976-7A928DF5DC26,observation_synthetic 3.csv,2163,observation
7B850513-BB04-54D2-8C28-DF9F543C0980,observation_synthetic 3.csv,2164,observation
71B64212-1598-5448-861C-F4EED5F7C859,observation_synthetic 3.csv,2165,observation
79FA5A08-E1AB-5FDA-8E20-22FD1821817D,observation_synthetic 3.csv,2166,observation
DB97B545-3992-5E4D-BCB0-D8B24CE2CBB5,observation_synthetic 3.csv,2167,observation
BB3E3421-C622-57E4-8DCE-5EB455EDBAF5,observation_synthetic 3.csv,2168,observation
FB35DC7B-2E00-52D2-A4BA-A8C74B7A4917,observation_synthetic 3.csv,2169,observation
E9ABA4F3-54E8-5675-946E-46FE5CC89EB0,observation_synthetic 3.csv,2170,observation
B879F1DB-BD7E-5FA0-A867-59C31451EB20,observation_synthetic 3.csv,2171,observation
40F3B1CF-B799-5AB4-99D4-394B1A559B2B,observation_synthetic 3.csv,2172,observation
18EB596E-5C02-5496-89EE-7C5B89FA76E5,observation_synthetic 3.csv,2173,observation
37074908-8B21-55BB-9AC9-B8B790524E64,observation_synthetic 3.csv,2174,observation
F9CD955A-73B0-5458-9ECE-94C13A959196,observation_synthetic 3.csv,2175,observation
BFFFC7D8-16E6-56FA-84E2-A090D253DEAB,observation_synthetic 3.csv,2176,observation
66A5B5BB-28C4-50B7-A542-9867A2F50435,observation_synthetic 3.csv,2177,observation
1E241E53-CAD3-5CB0-9D1C-1755A59B9A85,observation_synthetic 3.csv,2178,observation
E3BA43DD-58BF-55AB-87AE-FD3A2CE5A435,observation_synthetic 3.csv,2179,observation
27C0A81E-6D29-57F5-B36A-3132A60C8B71,observation_synthetic 3.csv,2180,observation
2FF13286-25F0-5EA2-8F18-8CE241DD5380,observation_synthetic 3.csv,2181,observation
0E8F1E3C-14B7-579C-A6C6-7370B885BAFE,observation_synthetic 3.csv,2182,observation
3CCDE5FF-6817-5BFA-BB8C-E51F989F1D17,observation_synthetic 3.csv,2183,observation
CD9225D8-E8D9-5F4B-85A8-39569A2D8C16,observation_synthetic 3.csv,2184,observation
4DFC9EB2-BED9-5892-91E2-4EC9B5E21466,observation_synthetic 3.csv,2185,observation
06962354-6812-53D8-B1D0-0155137E92A4,observation_synthetic 3.csv,2186,observation
4A2B8E31-944E-5B8A-8918-BE14E3668244,observation_synthetic 3.csv,2187,observation
570E606B-D82F-5945-B3BE-04E23334209F,observation_synthetic 3.csv,2188,observation
6F22C90D-28D0-5248-8862-E6708325D7B9,observation_synthetic 3.csv,2189,observation
ED95E47C-3ECF-5CBC-96A2-8B9211817D58,observation_synthetic 3.csv,2190,observation
4128A5EB-275F-5915-B0FA-EA1864210BD3,observation_synthetic 3.csv,2191,observation
64535014-1B78-554D-A964-3FA3A8B91E40,observation_synthetic 3.csv,2192,observation
D4F6CE4A-627A-5E40-9FC3-15C1053BC065,observation_synthetic 3.csv,2193,observation
BBCFBF09-2273-518D-A1B1-9E5534307AE2,observation_synthetic 3.csv,2194,observation
7354D7A9-8D73-5B54-A6CB-381B0A6B3AE7,observation_synthetic 3.csv,2195,observation
BFE84A62-FBD6-51F2-BD07-6A76FAB1D875,observation_synthetic 3.csv,2196,observation
83B75BD1-AC2F-5104-851E-3E9BB03B4907,observation_synthetic 3.csv,2197,observation
AC4DD923-A9B5-5628-ADD6-1C3A44530207,observation_synthetic 3.csv,2198,observation
891D6F73-471E-59D3-9A9D-D5DCF2A18D13,observation_synthetic 3.csv,2199,observation
0ED857AA-B031-5104-B93D-92DDD97E0075,observation_synthetic 3.csv,2200,observation
0FA7BC26-2F3F-5B40-A004-622E23106BEB,observation_synthetic 3.csv,2201,observation
404C7174-4904-5FC2-BEE8-40451690FE1E,observation_synthetic 3.csv,2202,observation
A55F8697-DF40-5B31-B42D-425075FBB3A5,observation_synthetic 3.csv,2203,observation
AE2FE9BA-155E-53D2-9860-C026907B0C3C,observation_synthetic 3.csv,2204,observation
1A3FF8A1-05FC-5695-8897-3CB69408E465,observation_synthetic 3.csv,2205,observation
EE5AA1CF-0BF4-5D58-8E11-DB825021FF91,observation_synthetic 3.csv,2206,observation
A9860BF9-A22B-50EB-BD03-6BDA6AC45C8E,observation_synthetic 3.csv,2207,observation
BD4E15A1-98D5-5A9A-BFE0-9E74F4B04410,observation_synthetic 3.csv,2208,observation
57CEA878-0424-561A-8200-C8AD78DFB18F,observation_synthetic 3.csv,2209,observation
6BAA7537-0C48-5063-B784-0BA5BADE0E60,observation_synthetic 3.csv,2210,observation
E048DCC3-62AF-525D-A106-0572F8871418,observation_synthetic 3.csv,2211,observation
990FB678-EACE-52C2-A1AA-95CF2FC7DA68,observation_synthetic 3.csv,2212,observation
6748D194-14C0-53A3-83A3-F0B6B714E6F2,observation_synthetic 3.csv,2213,observation
6C169CBA-BA0D-54ED-9889-A13FF7CD1B27,observation_synthetic 3.csv,2214,observation
FA85C641-981F-57A5-95F3-4D97F30A8715,observation_synthetic 3.csv,2215,observation
A2878CB5-5EB9-5DF9-98B2-38B2A56A4F5D,observation_synthetic 3.csv,2216,observation
B827D2B6-DAE3-5B30-86AC-A0E17DB59318,observation_synthetic 3.csv,2217,observation
F84F4AD7-2EF2-5B08-8F1B-9867DFC455C1,observation_synthetic 3.csv,2218,observation
6C860673-6F3E-5C1E-AF28-89D3D077E189,observation_synthetic 3.csv,2219,observation
E70528FB-687E-5D88-A806-7011C27BC1E6,observation_synthetic 3.csv,2220,observation
76FFDF29-256A-5FF8-B9E1-BE9158122198,observation_synthetic 3.csv,2221,observation
22F94602-8A80-587F-8AEE-B3CDB49D5515,observation_synthetic 3.csv,2222,observation
4EB0B889-3708-5FBD-9B78-A38E161F49FF,observation_synthetic 3.csv,2223,observation
04C8DA47-2526-5108-94C5-794C5E6E9F5F,observation_synthetic 3.csv,2224,observation
8E4E5D52-5843-5A87-928F-AA61C725BF5A,observation_synthetic 3.csv,2225,observation
83ECD25C-4FB0-5470-8BD7-504E263309CD,observation_synthetic 3.csv,2226,observation
205065BB-9B7E-58AB-94F2-83BCE7AE1F09,observation_synthetic 3.csv,2227,observation
8434B766-9D6E-5CD0-BA68-670589BC4789,observation_synthetic 3.csv,2228,observation
EF2B1880-B214-5C77-97F3-AD41927E6261,observation_synthetic 3.csv,2229,observation
32A65E95-B591-531C-A7F1-155D4C98967D,observation_synthetic 3.csv,2230,observation
86A89AE0-8E49-5798-A45B-24A41A9B92A0,observation_synthetic 3.csv,2231,observation
39DB1FC0-0239-5540-95CD-C9D22CA0BF5C,observation_synthetic 3.csv,2232,observation
A966E8F6-401B-5AAC-A49D-1E605D62204E,observation_synthetic 3.csv,2233,observation
84971FA6-2EF9-5BB9-8046-C99833681652,observation_synthetic 3.csv,2234,observation
E78BD266-0A49-5D4B-8556-18A2093D03D1,observation_synthetic 3.csv,2235,observation
25E579D3-BFE7-50A1-A7F0-E52CE69C4174,observation_synthetic 3.csv,2236,observation
58FBB0FB-3157-5D3E-8576-B3FAF5559331,observation_synthetic 3.csv,2237,observation
BAEFBF5E-3A7D-5925-8A97-DAFB2F4450E4,observation_synthetic 3.csv,2238,observation
7CA31C8B-CF9D-5018-A356-04080CAC30D2,observation_synthetic 3.csv,2239,observation
FB84CCE4-6315-5A0C-9CA1-E964F977693D,observation_synthetic 3.csv,2240,observation
6D87A650-DF66-5BE8-B4A7-45602FF7C4DF,observation_synthetic 3.csv,2241,observation
BBE1BCF9-DF2E-5711-A11A-A1CDF29B6704,observation_synthetic 3.csv,2242,observation
4795C48E-74CA-5772-9E29-61C005C55D9B,observation_synthetic 3.csv,2243,observation
1B444384-022C-5C61-8BA3-0D017422E1DF,observation_synthetic 3.csv,2244,observation
02E1BD88-410F-55E6-AD7C-B3BD686793F6,observation_synthetic 3.csv,2245,observation
02F0F08C-4018-5C07-B6F5-6AC54B12C58A,observation_synthetic 3.csv,2246,observation
C27CFE91-808D-5966-9F33-A39DD6CD0E8A,observation_synthetic 3.csv,2247,observation
E438AD38-16A3-5BB8-81D9-112CFE4DC53E,observation_synthetic 3.csv,2248,observation
A3EE41F6-48B2-5D3D-8BF0-34FEF90F5A3B,observation_synthetic 3.csv,2249,observation
B1D7A896-00AC-50F9-B5F6-74234911F209,observation_synthetic 3.csv,2250,observation
A1DE9CA2-5E33-5DCB-AF85-DB4E5BAF7646,observation_synthetic 3.csv,2251,observation
C9036598-55B0-55AF-BCEC-3CCC11EBAA80,observation_synthetic 3.csv,2252,observation
B36BC237-9886-58FA-98B2-86C5F5A05C3C,observation_synthetic 3.csv,2253,observation
946C46B2-8D27-5F39-B8A9-E75C181BEFBE,observation_synthetic 3.csv,2254,observation
A3D236FE-1DC5-5307-B533-3B741A9D0A0D,observation_synthetic 3.csv,2255,observation
DC50490A-000C-5792-9419-411C6954B3DE,observation_synthetic 3.csv,2256,observation
2C637A88-0BC1-59F1-943D-2160FFAAAFC7,observation_synthetic 3.csv,2257,observation
D679D8A4-49BE-5E2F-8024-699F3E9E80FB,observation_synthetic 3.csv,2258,observation
36E8B8BB-D47A-5297-A420-5E4E9ACEB2F2,observation_synthetic 3.csv,2259,observation
280C004C-20A0-5B15-A4A0-DA8F35926808,observation_synthetic 3.csv,2260,observation
85613149-9389-5E36-A56D-303B7855A617,observation_synthetic 3.csv,2261,observation
D1A914BB-1030-557F-8602-68C16DF93963,observation_synthetic 3.csv,2262,observation
F8A36ADF-5862-5A9B-8B49-AB87CD746AD4,observation_synthetic 3.csv,2263,observation
2DB13AEC-359E-54AC-B94A-55888AD4DAA7,observation_synthetic 3.csv,2264,observation
E8FB7365-CF45-5572-A9FA-7929F7FB2A68,observation_synthetic 3.csv,2265,observation
237C70B3-A454-5F9E-ADB3-2E9462D747BC,observation_synthetic 3.csv,2266,observation
2C93A3A3-6627-5DCE-A6A2-491EDA457BCC,observation_synthetic 3.csv,2267,observation
EFDA2AE6-72C4-5872-978D-DB4C43367A07,observation_synthetic 3.csv,2268,observation
BAA065AC-77D5-5CA0-A279-7E8A826FAF0C,observation_synthetic 3.csv,2269,observation
1FFEE03E-EA32-5683-9DC9-E79E8B03B5BB,observation_synthetic 3.csv,2270,observation
04EAF5DC-5392-5A9C-BD94-BB076B6659EA,observation_synthetic 3.csv,2271,observation
F286098D-C96F-51C3-86A1-8ECC8D2BFC31,observation_synthetic 3.csv,2272,observation
24905AE7-F19C-595D-BF77-545678842C98,observation_synthetic 3.csv,2273,observation
158117A5-D957-578C-879D-1EDA336F26E8,observation_synthetic 3.csv,2274,observation
E984C588-0613-5F0C-A4DB-887A92DCFB1B,observation_synthetic 3.csv,2275,observation
46EB7246-3475-5749-AFF2-8D5E512C6611,observation_synthetic 3.csv,2276,observation
292D988D-0CDC-59C1-9EF5-DF3F34BE771C,observation_synthetic 3.csv,2277,observation
47DDA4E2-082B-5A11-8D7E-B105E0486BED,observation_synthetic 3.csv,2278,observation
340272CE-4967-5C36-A229-62FC7417D1B8,observation_synthetic 3.csv,2279,observation
E3F48305-A41F-5E91-8BC4-BD21DF3C4982,observation_synthetic 3.csv,2280,observation
2B50C5C8-F6E8-5A27-843C-B203321CDC12,observation_synthetic 3.csv,2281,observation
CC551548-3049-5C89-80CD-632F686A46AC,observation_synthetic 3.csv,2282,observation
22FEC3DA-FBEF-517B-9006-A35A5D2FA5FE,observation_synthetic 3.csv,2283,observation
87BD5B28-D13B-538F-8B98-A5E76B47126E,observation_synthetic 3.csv,2284,observation
46A1D71B-A912-5E77-B497-E11FE3E0300E,observation_synthetic 3.csv,2285,observation
4B86B50E-5C68-53D1-A0C9-3C8D9DE955E6,observation_synthetic 3.csv,2286,observation
E095932E-7CB8-5829-AAFE-A755F23FDE09,observation_synthetic 3.csv,2287,observation
2B5498CF-CBC7-5AC7-AB23-8555A67B955C,observation_synthetic 3.csv,2288,observation
FC87953C-530E-5D12-8EA5-A0DF8A05B5F1,observation_synthetic 3.csv,2289,observation
BB89F120-CEC5-5BAF-92BC-A200B4AB6612,observation_synthetic 3.csv,2290,observation
DBDBAA39-FF05-5AED-919A-09B4B22737A9,observation_synthetic 3.csv,2291,observation
EE0CB810-FA73-5119-8090-F55F532E2E32,observation_synthetic 3.csv,2292,observation
4E5B1942-F2E1-57AF-BF08-7B0AF0F6B6A1,observation_synthetic 3.csv,2293,observation
EED4F5E7-369F-584F-95D3-4BE51808EAF8,observation_synthetic 3.csv,2294,observation
0BD4CD3E-2780-5094-BEC4-73F6EC1923FF,observation_synthetic 3.csv,2295,observation
E26910D1-50B6-59E8-997B-E071B6DB9A91,observation_synthetic 3.csv,2296,observation
B854F0CC-6F3F-542A-8F86-BB9FC5FA83FC,observation_synthetic 3.csv,2297,observation
9810103A-39D0-5D59-9824-C755C1701848,observation_synthetic 3.csv,2298,observation
A35D2A25-96E0-5F5B-AA3A-567F62D97EC4,observation_synthetic 3.csv,2299,observation
CD08673B-4C34-5822-A490-89212920CC60,observation_synthetic 3.csv,2300,observation
F46490BA-DDF5-549F-BBB2-55C4DD2D4A4B,observation_synthetic 3.csv,2301,observation
09C34F2E-B798-5CFC-889B-D9F8594673E6,observation_synthetic 3.csv,2302,observation
C3016FD9-22EB-542C-8CE7-6850E4E1E0C1,observation_synthetic 3.csv,2303,observation
019D99D2-FDA6-5645-97FC-D58290B9AEF1,observation_synthetic 3.csv,2304,observation
AA24E88F-2189-5C36-BFD5-A49982ACB784,observation_synthetic 3.csv,2305,observation
5927FEA4-DC66-516F-9D31-26AD12A148D1,observation_synthetic 3.csv,2306,observation
E43B9D69-1800-579B-A052-64DE3541A029,observation_synthetic 3.csv,2307,observation
1C16CD6E-0D61-534F-A954-4091779F3AFC,observation_synthetic 3.csv,2308,observation
4021B33E-25F0-50C9-ACE0-5223232A3732,observation_synthetic 3.csv,2309,observation
1839BFB9-54A6-5865-A21B-3595808CFE25,observation_synthetic 3.csv,2310,observation
D1403AE6-E3D2-54D8-BFD4-EE955162577B,observation_synthetic 3.csv,2311,observation
BF3B459C-240F-5F72-B189-1E40B69E2E8D,observation_synthetic 3.csv,2312,observation
CF1FB9BD-8FD5-567D-BA1A-07F4C3C1A81D,observation_synthetic 3.csv,2313,observation
FF63CFEF-C4E2-5D1B-AFA0-44A505CA884F,observation_synthetic 3.csv,2314,observation
17D92AA3-4C06-5F8A-8B51-C99C235BF842,observation_synthetic 3.csv,2315,observation
FEA8493B-099A-50F0-BC8B-89B58DCCE88C,observation_synthetic 3.csv,2316,observation
B29E26FE-9554-5A17-835B-2E380F37456D,observation_synthetic 3.csv,2317,observation
C2EBC477-3D88-5371-A875-A5479965EE6B,observation_synthetic 3.csv,2318,observation
98063E63-1A01-5A3D-96A3-8893B4B9AF5F,observation_synthetic 3.csv,2319,observation
915C7311-CF3E-5571-954B-DAAD5FDACC13,observation_synthetic 3.csv,2320,observation
52383E2C-33E1-5D57-92B7-A17C7D938894,observation_synthetic 3.csv,2321,observation
1B595452-4E8B-589E-ACDD-686247FD24C1,observation_synthetic 3.csv,2322,observation
5A71D626-349E-5109-BE27-274049967B11,observation_synthetic 3.csv,2323,observation
42CFDA41-A272-5D4D-A3D7-D2F0988FA913,observation_synthetic 3.csv,2324,observation
6DFF51CE-F3B3-572A-9DA9-80BE76B97463,observation_synthetic 3.csv,2325,observation
E0764C6D-4835-5A58-8836-4456081C5A19,observation_synthetic 3.csv,2326,observation
58A94D11-49DF-5063-B799-3600BC1700BC,observation_synthetic 3.csv,2327,observation
FC7AD9CD-EC53-5BC0-B7A2-ACE8C19C4B9C,observation_synthetic 3.csv,2328,observation
DA50D211-761F-535E-8AD6-6A6291B2A8DF,observation_synthetic 3.csv,2329,observation
352C86BD-F5AD-5571-B5CF-5D2FD29887A8,observation_synthetic 3.csv,2330,observation
F84265E2-4308-5EC2-A1C0-6BE76FCC3C71,observation_synthetic 3.csv,2331,observation
1433A8D6-13AD-5837-89EB-A0AC2A537B50,observation_synthetic 3.csv,2332,observation
21AA213D-B73C-5B76-9DD6-4FF9546CFF57,observation_synthetic 3.csv,2333,observation
22934BBE-368D-5226-B075-2F84B284C757,observation_synthetic 3.csv,2334,observation
0DC3ECA6-FB45-5E7D-9CB9-5F1209967E8F,observation_synthetic 3.csv,2335,observation
435900ED-8D34-504A-B037-D5FC592F3FAD,observation_synthetic 3.csv,2336,observation
5B399E6C-535C-543B-AED2-3024D98582DA,observation_synthetic 3.csv,2337,observation
50039B56-80F7-5736-9E30-09468AC83975,observation_synthetic 3.csv,2338,observation
BC9574C5-8A68-50C7-BF04-8D3E52B87120,observation_synthetic 3.csv,2339,observation
850AF7EE-B9D6-50C7-AECD-429AB99DA0EE,observation_synthetic 3.csv,2340,observation
EB33FE11-12A0-5455-B564-37085ECB0242,observation_synthetic 3.csv,2341,observation
7DCE770E-4D93-510F-8A67-1118085A6DF5,observation_synthetic 3.csv,2342,observation
F63EF384-6439-55F6-B577-6C2B4BC6F46F,observation_synthetic 3.csv,2343,observation
13D20063-8775-5E33-A911-6C22FAFF50DC,observation_synthetic 3.csv,2344,observation
63633719-35F3-57C5-BA61-9AB121625004,observation_synthetic 3.csv,2345,observation
AA7F785E-D29E-5B4E-98ED-E2E537621728,observation_synthetic 3.csv,2346,observation
24B6815E-D981-50A3-839A-E43E86861025,observation_synthetic 3.csv,2347,observation
D56AA8AE-BBDD-5167-A767-026C3CCB4DD0,observation_synthetic 3.csv,2348,observation
C2C50D5B-BB52-5342-91B6-BFC350A10A19,observation_synthetic 3.csv,2349,observation
6111DACF-59B5-5A0B-85AF-BCDB98E168E6,observation_synthetic 3.csv,2350,observation
FA069F69-0E4E-54C7-B4E3-FEE96322E58C,observation_synthetic 3.csv,2351,observation
35C78D7D-B89F-55DB-80EC-9E3A2C83960B,observation_synthetic 3.csv,2352,observation
29350CDD-8024-53C7-8B0A-3B58C707A982,observation_synthetic 3.csv,2353,observation
AF3E2ACB-A8D0-5017-98F1-A63693996F87,observation_synthetic 3.csv,2354,observation
2A07FECA-D36A-5794-969D-BC5E936E61E6,observation_synthetic 3.csv,2355,observation
1CBE548F-398E-5045-ACC9-E14DCFBF7DA4,observation_synthetic 3.csv,2356,observation
C65B55E9-0786-5EDC-8982-E4F6464F6269,observation_synthetic 3.csv,2357,observation
B1AFB2C2-D5B4-5C13-9CD6-F15056B9091F,observation_synthetic 3.csv,2358,observation
8DD981C7-177A-5BD8-B508-6E8D8EBC530E,observation_synthetic 3.csv,2359,observation
505B0094-4900-5A7B-B052-46CA98C9C98F,observation_synthetic 3.csv,2360,observation
A80E2714-956C-5DD1-A5F3-D46B23B36452,observation_synthetic 3.csv,2361,observation
7FB468A7-E636-56E3-850A-3C7E094A142E,observation_synthetic 3.csv,2362,observation
A55928FC-DD88-548B-93FC-62C4B9638C3C,observation_synthetic 3.csv,2363,observation
A7A37E56-4636-5310-9339-BB71113BB357,observation_synthetic 3.csv,2364,observation
85677FF2-76AF-5086-AC6E-9AEB7BC4F9B3,observation_synthetic 3.csv,2365,observation
53668297-715B-5D0F-B32D-CB35414B51E5,observation_synthetic 3.csv,2366,observation
1EB10232-CA4A-5EA6-B131-9655FE95D45F,observation_synthetic 3.csv,2367,observation
EFB988FB-8AFD-5D61-8FE8-7631D54364A9,observation_synthetic 3.csv,2368,observation
4B3281F4-DDEA-5118-B85C-02C9236AA5DB,observation_synthetic 3.csv,2369,observation
C593370B-39A7-5376-82EC-2C0A7915D644,observation_synthetic 3.csv,2370,observation
73F683E2-F6CE-5650-8C0D-9350C9180C0C,observation_synthetic 3.csv,2371,observation
E683E0B4-08C4-5A7A-9861-6AA3789F3E13,observation_synthetic 3.csv,2372,observation
61F28352-E14F-5115-A210-EF4E668B0D84,observation_synthetic 3.csv,2373,observation
802E3FD6-5680-502A-9C03-2243A32C5B91,observation_synthetic 3.csv,2374,observation
B0B584C4-75A8-5675-8F66-ECD108047736,observation_synthetic 3.csv,2375,observation
89431B1F-A7F0-5C27-A505-A5046E2EB3BB,observation_synthetic 3.csv,2376,observation
2F3EE96A-7D28-53F4-8990-88827BEE1C6C,observation_synthetic 3.csv,2377,observation
658ACB07-8EFC-5FA4-8F5B-09C95395B82B,observation_synthetic 3.csv,2378,observation
C730DC64-8559-5B93-89A8-6FD049B15784,observation_synthetic 3.csv,2379,observation
AF5AB678-1F4D-57BA-8B13-0D911C7EEE75,observation_synthetic 3.csv,2380,observation
35042174-9536-518B-934D-80EBE8908AD6,observation_synthetic 3.csv,2381,observation
A7496EC0-1E7D-5029-9365-568AFCD0E0BA,observation_synthetic 3.csv,2382,observation
7F118A48-4E5B-566F-87CE-E133D626B1C0,observation_synthetic 3.csv,2383,observation
3A053991-608D-5095-AAFE-3035B0EFF130,observation_synthetic 3.csv,2384,observation
F06E8399-7E1F-56BE-AAF2-05BBD988AD6E,observation_synthetic 3.csv,2385,observation
7A139306-A1FD-5214-B45D-B8B0EC180D91,observation_synthetic 3.csv,2386,observation
EB9207A8-9820-5F8A-94A2-4E6E4D8F3415,observation_synthetic 3.csv,2387,observation
E1DBD966-2472-56DF-8DD2-CD816220BC8A,observation_synthetic 3.csv,2388,observation
FB9AE2C3-52CA-5844-89EE-A0D4FD9F3763,observation_synthetic 3.csv,2389,observation
E2590CD6-A267-52E5-BCDA-AF1E59360632,observation_synthetic 3.csv,2390,observation
CBEF1F50-8664-5350-9E49-762349BCE4E2,observation_synthetic 3.csv,2391,observation
1F519B7C-0874-5F83-99EE-8B15D31792AF,observation_synthetic 3.csv,2392,observation
F60F5CE8-1D9E-54A0-9349-0D99BE189C9A,observation_synthetic 3.csv,2393,observation
BD606DAE-6BEB-5267-A138-E23100AC4A43,observation_synthetic 3.csv,2394,observation
EE5F4DD7-B918-59C4-86D1-B005AFAB10A6,observation_synthetic 3.csv,2395,observation
F938F2A6-9573-5FA3-9B8D-BCF81B5439E4,observation_synthetic 3.csv,2396,observation
EF483B23-947E-5FC9-BD50-2D1F8EF5E517,observation_synthetic 3.csv,2397,observation
E6040BBE-2729-5759-8F4A-32E7BB8BA4F9,observation_synthetic 3.csv,2398,observation
C7EC0752-C00C-5A01-9D19-BC453CB3CF96,observation_synthetic 3.csv,2399,observation
41E08456-0B47-5FDD-B45A-68EA72912E63,observation_synthetic 3.csv,2400,observation
F497C691-1732-544A-A4A6-8FA9D55031D3,observation_synthetic 3.csv,2401,observation
5C2E8E33-5A80-5E98-B866-E2CC6256D3E9,observation_synthetic 3.csv,2402,observation
3D14EE61-20F5-5E4A-BD68-9C3A1394EC62,observation_synthetic 3.csv,2403,observation
A6260A80-273B-51B0-93DB-B8716F7FB6B8,observation_synthetic 3.csv,2404,observation
FF1E8A74-478B-53A4-B378-7DB1B4654751,observation_synthetic 3.csv,2405,observation
2D8E80B8-1209-58EE-B319-174D1F798C81,observation_synthetic 3.csv,2406,observation
93AD44C2-3905-5537-9AAA-3BF8BE076FC6,observation_synthetic 3.csv,2407,observation
83708B0C-1A0F-51E3-8301-645E803237DB,observation_synthetic 3.csv,2408,observation
0F5983D9-FCD4-5F1B-BA3E-B8427B72489B,observation_synthetic 3.csv,2409,observation
53262FBA-7091-5261-ABAF-CFCB0C0DBAA1,observation_synthetic 3.csv,2410,observation
44AEDAD8-8E86-5C45-B5F4-3775378F5EE1,observation_synthetic 3.csv,2411,observation
AF515097-6803-53CB-854B-927910F98391,observation_synthetic 3.csv,2412,observation
F7DB2F1B-4D92-5D26-BD6C-2915E0401B57,observation_synthetic 3.csv,2413,observation
2ED40A84-AC19-503C-91C6-E90E8B9B2C6A,observation_synthetic 3.csv,2414,observation
B4DAFAAD-FFCA-5D25-A03A-7E0D255D8B6E,observation_synthetic 3.csv,2415,observation
40431AB7-6971-525D-BC10-4EA43608BADC,observation_synthetic 3.csv,2416,observation
2304AA61-D76E-5FD3-B161-5ADF56210625,observation_synthetic 3.csv,2417,observation
D13822ED-5957-5A33-B2C6-383B491D5D9F,observation_synthetic 3.csv,2418,observation
2E280812-98C5-56F3-BCDC-2CD4395D93F5,observation_synthetic 3.csv,2419,observation
C230627D-4B45-58B6-A863-328F3BA4824E,observation_synthetic 3.csv,2420,observation
9DF21B8D-CBC2-5B6D-8354-93E2259371D5,observation_synthetic 3.csv,2421,observation
82859AF9-9779-503B-B433-07CB3FEEE358,observation_synthetic 3.csv,2422,observation
CA9DCD38-5A55-5620-A7CF-4B7720071C39,observation_synthetic 3.csv,2423,observation
32A511B7-BAE5-50D1-969F-49BAC057A07F,observation_synthetic 3.csv,2424,observation
74E94F5F-51EA-5D34-B241-EC587BC32A2A,observation_synthetic 3.csv,2425,observation
A19EDFCE-E70D-5C0B-BE09-4F7E99B842CF,observation_synthetic 3.csv,2426,observation
3B6D0BB3-E0C0-5B89-A708-9610135F47AE,observation_synthetic 3.csv,2427,observation
EEAEC373-B885-5749-B1D1-25ED99C69E45,observation_synthetic 3.csv,2428,observation
1140B2C7-EAA5-5C40-99A5-451DFD70CB33,observation_synthetic 3.csv,2429,observation
04D16DE0-BD15-5055-861A-7D28D884FFD3,observation_synthetic 3.csv,2430,observation
38D2B99C-9EA6-5D85-9036-514F5C54FA5E,observation_synthetic 3.csv,2431,observation
E818247B-B654-5A4C-87E7-91E141ABAE7C,observation_synthetic 3.csv,2432,observation
68673AEA-49F7-51B1-BEF4-BAC2159DF37E,observation_synthetic 3.csv,2433,observation
6403B6E5-BD27-5DB7-B79F-DFBEBB2BC58D,observation_synthetic 3.csv,2434,observation
6CD9CC5A-E695-59FC-ABD6-B1856A737685,observation_synthetic 3.csv,2435,observation
CB3F83A0-3087-553E-B1D2-3B51FE0272CA,observation_synthetic 3.csv,2436,observation
1440C62B-C95E-536F-99D1-E4667F254F5D,observation_synthetic 3.csv,2437,observation
F7827D2B-1AC3-5210-93C4-428B0F84EA78,observation_synthetic 3.csv,2438,observation
EDC2030B-0853-58CE-A1A9-C6FC6BAFA86E,observation_synthetic 3.csv,2439,observation
9B301BDB-4804-5A2B-8864-F9D78F30ED2F,observation_synthetic 3.csv,2440,observation
72C0D992-BA04-5ECF-B1D0-34143D1CA282,observation_synthetic 3.csv,2441,observation
9C693C84-0068-5364-8952-8C322C4707BF,observation_synthetic 3.csv,2442,observation
01B887BC-192E-5F29-9765-79B3E9D2517D,observation_synthetic 3.csv,2443,observation
1AEEB3D0-136B-50F4-BF1B-4340105D514F,observation_synthetic 3.csv,2444,observation
DBE170BB-3CCC-52AE-87D0-DC6424FE4698,observation_synthetic 3.csv,2445,observation
53EFC2AD-0918-543F-95C8-5A8FE7E85A0D,observation_synthetic 3.csv,2446,observation
85AEB3BE-2D93-57AD-A2D5-DD5F97DD8C5F,observation_synthetic 3.csv,2447,observation
097E1939-50C7-5088-8D72-14D4F2F53B8C,observation_synthetic 3.csv,2448,observation
DD225D61-A58F-5054-84C0-BFAC0CF46F1B,observation_synthetic 3.csv,2449,observation
DF224653-4B3B-52A0-B98D-106241315E9F,observation_synthetic 3.csv,2450,observation
186E53D8-28DD-5A63-993D-605A7F178F74,observation_synthetic 3.csv,2451,observation
09D8656E-D90C-50A4-BFDB-A546BBB79171,observation_synthetic 3.csv,2452,observation
451E85DC-FD7D-51C6-B9E8-0EC2C9A18CC0,observation_synthetic 3.csv,2453,observation
9DB5062A-7E52-56E9-A33A-DE41483CFA62,observation_synthetic 3.csv,2454,observation
27C304B5-6C4F-55DF-9FE4-8048A91FC865,observation_synthetic 3.csv,2455,observation
0B1A7C59-D61D-5B6F-AF39-37BE2B23E4C4,observation_synthetic 3.csv,2456,observation
93FFF41F-27E8-563B-BD60-9848E9B003C2,observation_synthetic 3.csv,2457,observation
5632F7E1-DB82-5CDB-9CF7-310508635F1A,observation_synthetic 3.csv,2458,observation
7E72F890-11F9-5E43-986F-72716EE6D39D,observation_synthetic 3.csv,2459,observation
55CC938D-FAD4-5F09-99AA-ABF45A910C8D,observation_synthetic 3.csv,2460,observation
EB54C2D3-3738-531C-BA98-9A4B4E085237,observation_synthetic 3.csv,2461,observation
211F7EE4-FA0B-5E20-8882-23F8D3A74D04,observation_synthetic 3.csv,2462,observation
FCBC8473-67AF-5BD8-9B37-7E84F0D5BCF5,observation_synthetic 3.csv,2463,observation
71F9E588-F274-5A04-B3EA-A97FE771B486,observation_synthetic 3.csv,2464,observation
CBBDC20E-2EDC-5213-9B17-21EE488992C3,observation_synthetic 3.csv,2465,observation
A8AF7B91-A086-51DA-BF99-21D18BA1EB21,observation_synthetic 3.csv,2466,observation
17CBC569-4802-53FC-91C0-1C3BC93A4816,observation_synthetic 3.csv,2467,observation
0936DA75-73B4-57FE-B681-643417A86173,observation_synthetic 3.csv,2468,observation
5AF36C6C-D5F1-577E-BF3F-B34D9565EE09,observation_synthetic 3.csv,2469,observation
66D97522-200D-59E8-9A99-FA23F0E5E5C8,observation_synthetic 3.csv,2470,observation
647C532E-8610-549E-8A7F-2060E387FE17,observation_synthetic 3.csv,2471,observation
608DC4A0-C3C4-5D8A-8055-E36A7BDBD661,observation_synthetic 3.csv,2472,observation
5D62ECE6-DC67-56BE-B5BD-6991F3C47595,observation_synthetic 3.csv,2473,observation
E0D0DA71-E727-5C4F-84CC-8CAC9FC254B5,observation_synthetic 3.csv,2474,observation
59BF2A3D-4971-5436-82DC-0AACF5FE69E6,observation_synthetic 3.csv,2475,observation
00B76C7F-B197-5155-8E4E-AE8B59040006,observation_synthetic 3.csv,2476,observation
AAF735F6-F7B4-50FB-8441-A210BA5D8024,observation_synthetic 3.csv,2477,observation
5FB63B84-6554-521D-A5A3-CA395C3EEC0D,observation_synthetic 3.csv,2478,observation
AE7690A5-0DDD-5B85-AA92-4E33CA40D7D4,observation_synthetic 3.csv,2479,observation
ADC9D589-4E77-50E4-B2D5-8F272010C0AA,observation_synthetic 3.csv,2480,observation
3E3840C2-58C3-52DD-9B25-71D3B970EF91,observation_synthetic 3.csv,2481,observation
2E0D63F9-1457-57F5-9535-7D6C7DA40E9F,observation_synthetic 3.csv,2482,observation
9DBBD4C7-6DB1-5ED6-9FF2-1FF85E515445,observation_synthetic 3.csv,2483,observation
0F67166E-B4D0-5273-87A8-D66B447B24EB,observation_synthetic 3.csv,2484,observation
5095F9D2-2497-5020-9644-B49137670D59,observation_synthetic 3.csv,2485,observation
DA27F624-9D6D-58E2-BA67-1F53D7F610EB,observation_synthetic 3.csv,2486,observation
541BD3A1-BF89-5F15-8A28-F07435395F81,observation_synthetic 3.csv,2487,observation
50BDF10D-8B2D-56B0-AB71-C7B7CC8B518D,observation_synthetic 3.csv,2488,observation
59730BDC-0FCE-5DED-BCB0-2CDC6BCD2963,observation_synthetic 3.csv,2489,observation
7FCC1BF8-4556-55E3-BD49-AC777E9AFC6C,observation_synthetic 3.csv,2490,observation
D2597BDC-9FEB-5D3E-A965-8E4B21DE86BD,observation_synthetic 3.csv,2491,observation
A0196CDE-3CD2-5F66-8F1E-65F5E619B1D3,observation_synthetic 3.csv,2492,observation
0D374F50-917D-5D89-9C3E-B5A605224464,observation_synthetic 3.csv,2493,observation
55E613BA-1FBC-501F-9553-1FC1DB8B03F4,observation_synthetic 3.csv,2494,observation
CB8B3B3B-7CA8-5559-AB25-EAEAD75B9135,observation_synthetic 3.csv,2495,observation
CF3BC42C-B524-570D-88D8-B7DED0537735,observation_synthetic 3.csv,2496,observation
7270E2C3-8329-5D06-A280-AE08B8C7BE24,observation_synthetic 3.csv,2497,observation
F5F0697F-0860-5409-9039-D406F07902A8,observation_synthetic 3.csv,2498,observation
D9D141BE-8F05-5A90-B414-402E4F7260A0,observation_synthetic 3.csv,2499,observation
5E773BD3-9747-50BC-8C98-0FCF076623E3,observation_synthetic 3.csv,2500,observation
CC29EA33-B92E-5C96-AC66-CF142F7B81F6,observation_synthetic 3.csv,2501,observation
1B6814D5-B3A6-5981-B9EB-9878866F39EF,observation_synthetic 3.csv,2502,observation
7D78FEC5-3BA8-585C-94D8-82F69CAAA2AF,observation_synthetic 3.csv,2503,observation
FFA8A229-E825-5F61-AB2D-22D86A14D738,observation_synthetic 3.csv,2504,observation
EE9A0BB7-86F2-5AC9-96F7-C5A724C4DDCC,observation_synthetic 3.csv,2505,observation
8D17F490-8D09-52A6-88BC-0E5187380009,observation_synthetic 3.csv,2506,observation
353B1D20-8DDA-55AC-B1D5-278D6D9884C1,observation_synthetic 3.csv,2507,observation
DC9C938F-1B77-54DE-A21D-52B7F79D5584,observation_synthetic 3.csv,2508,observation
132F7D35-ABF1-52C8-97B0-3B60C3B2D1A6,observation_synthetic 3.csv,2509,observation
A9F540B0-8B78-506D-9F39-F770A29FCB44,observation_synthetic 3.csv,2510,observation
478BC562-6487-5154-967B-06A792B1F13A,observation_synthetic 3.csv,2511,observation
5A102BA0-CD07-5568-91DE-C83B7A00239F,observation_synthetic 3.csv,2512,observation
7399C465-3214-5E42-BF3E-323A0956250D,observation_synthetic 3.csv,2513,observation
DB569CE0-90B1-52E7-AD2A-E133A695ABD8,observation_synthetic 3.csv,2514,observation
CA63712E-86FE-56C4-8701-6E07CBBB5732,observation_synthetic 3.csv,2515,observation
26F19564-83C3-5146-8D9B-AC20FB3F83EF,observation_synthetic 3.csv,2516,observation
132DE8BF-2E07-5218-B0F1-C4B0B60DCD45,observation_synthetic 3.csv,2517,observation
9695C1FE-AB95-5CA6-82DA-E0B0F2BA74DB,observation_synthetic 3.csv,2518,observation
0EAD7101-0386-5215-8B7B-F447795EF019,observation_synthetic 3.csv,2519,observation
995121C1-7F79-5D46-AC7F-9F75CE432798,observation_synthetic 3.csv,2520,observation
0B86D250-0A90-5631-BC0F-9F6FC5FFE905,observation_synthetic 3.csv,2521,observation
B04B513C-7E41-5620-A132-4313EB2B4EFA,observation_synthetic 3.csv,2522,observation
CA1CF9D9-592F-5892-B142-A92CF82237FB,observation_synthetic 3.csv,2523,observation
6D76F645-6D7C-5068-AE57-67EBBFA315A5,observation_synthetic 3.csv,2524,observation
FDAC4B38-4C39-5D71-87CE-C608E5CD37AB,observation_synthetic 3.csv,2525,observation
23360850-2292-5555-94D0-7F810B87DA37,observation_synthetic 3.csv,2526,observation
55FA63F8-04FF-51D8-8692-986CF26FBDEA,observation_synthetic 3.csv,2527,observation
5F7718E3-0B84-5B46-876F-C3DC5BB2421D,observation_synthetic 3.csv,2528,observation
53FA2B59-0211-5A6C-AC53-C260EC22AD9C,observation_synthetic 3.csv,2529,observation
FE468F35-2F35-5D41-89FE-A8AD847A156D,observation_synthetic 3.csv,2530,observation
61E029CC-216B-5309-8B3C-50AB617337CD,observation_synthetic 3.csv,2531,observation
4A82D39D-A976-529E-9156-2CAFBC2A34DB,observation_synthetic 3.csv,2532,observation
0A608ECA-725C-553D-85B6-5C477596E033,observation_synthetic 3.csv,2533,observation
B33F9E7B-D580-5647-886F-0417CE5F924C,observation_synthetic 3.csv,2534,observation
EDA6ABED-1DF9-5111-AB9B-59DB5ACF5101,observation_synthetic 3.csv,2535,observation
7AA10D2B-8EF6-5719-AE2D-0FE77E777993,observation_synthetic 3.csv,2536,observation
7EE63BFF-2932-55D7-94E7-291400CDE9B6,observation_synthetic 3.csv,2537,observation
FC308236-92D0-56EE-ABB3-FEE2E1F6643E,observation_synthetic 3.csv,2538,observation
592FCCDC-FE27-5FCF-8274-DB2E4CC72749,observation_synthetic 3.csv,2539,observation
AADC133D-B56A-5A47-9C46-38CB08443DA1,observation_synthetic 3.csv,2540,observation
6AF29F6B-DB1F-55B0-B54D-266DE2D32F79,observation_synthetic 3.csv,2541,observation
A311D3A7-0D6F-5B67-8C0A-77D2BB509C51,observation_synthetic 3.csv,2542,observation
8E372651-6D66-5AD6-A98E-E30344A1249D,observation_synthetic 3.csv,2543,observation
8698ED7C-5D4D-5E85-AFEC-4AE8ED657837,observation_synthetic 3.csv,2544,observation
EF1DC02E-200F-577B-8522-84BC18A5FF75,observation_synthetic 3.csv,2545,observation
C3D2ED12-1A76-5DC1-983F-E0C21902C6E1,observation_synthetic 3.csv,2546,observation
5F864844-8FC5-51BA-9138-8BF8481A0E99,observation_synthetic 3.csv,2547,observation
22EAC97A-A306-5934-BC5C-F274A3E14AC8,observation_synthetic 3.csv,2548,observation
4BA90382-89FC-564F-AE04-32ED3731EC5A,observation_synthetic 3.csv,2549,observation
3828F28D-B0D1-51A3-A4C2-4412E3A95D1F,observation_synthetic 3.csv,2550,observation
BE280A09-4419-5AE8-BD1C-B39592426AD7,observation_synthetic 3.csv,2551,observation
18768AE8-2694-546A-9733-AF31CDAAD217,observation_synthetic 3.csv,2552,observation
D10C040C-CAEF-5B84-B7EC-7B70717E3D1B,observation_synthetic 3.csv,2553,observation
B374D19E-513E-57D5-B40E-0D12DAAAB90F,observation_synthetic 3.csv,2554,observation
46D2E82D-5E31-5A4F-8AD1-BA1C40FB4370,observation_synthetic 3.csv,2555,observation
64A234DD-0E8D-5EC5-95C9-BED4481AA605,observation_synthetic 3.csv,2556,observation
C028052A-8D8A-5A85-9E0F-4FAC42A72B41,observation_synthetic 3.csv,2557,observation
C6504C82-9A84-5CDF-826D-1BFE44A89813,observation_synthetic 3.csv,2558,observation
467E354C-FA41-5BE8-ABDD-B464338DA14D,observation_synthetic 3.csv,2559,observation
5ACDEC95-F481-550D-9870-A33E51D19BAF,observation_synthetic 3.csv,2560,observation
FC358805-0BE4-5ED5-9308-D1AF2BD48158,observation_synthetic 3.csv,2561,observation
376B262C-DD3E-5CC8-9E06-63A21D5649D6,observation_synthetic 3.csv,2562,observation
B1C27C93-DEBF-593A-9346-4BE07CE42324,observation_synthetic 3.csv,2563,observation
B065BE8E-75E3-5DB4-89EE-911A21FD1CF7,observation_synthetic 3.csv,2564,observation
9A7E09D3-ACFC-523B-BD2D-B026312B5E1F,observation_synthetic 3.csv,2565,observation
FEFA7A47-7286-5272-91F1-2409F8397838,observation_synthetic 3.csv,2566,observation
7D8C89B1-B187-51EA-BBAE-CD37BA45EB66,observation_synthetic 3.csv,2567,observation
4A0A518E-8E69-5AEE-A7E0-BFB184522749,observation_synthetic 3.csv,2568,observation
01024C25-AD25-5DC8-922D-FEFC5DDD0AF8,observation_synthetic 3.csv,2569,observation
EF0D1E04-C459-566B-BE5A-8FF021FFA7B1,observation_synthetic 3.csv,2570,observation
143C997C-0EEC-5140-B6EF-4F99819B3693,observation_synthetic 3.csv,2571,observation
D4C140B1-15F4-575C-89A9-ADF163B2D146,observation_synthetic 3.csv,2572,observation
20008D8B-C635-5C04-9527-9D02129ED15B,observation_synthetic 3.csv,2573,observation
DAC73B92-6FD7-518C-93A8-39FF368A7A33,observation_synthetic 3.csv,2574,observation
504754BD-88C5-58DE-9825-C0F529C0ABF0,observation_synthetic 3.csv,2575,observation
86E29739-3A3A-5DE3-92CF-E755EDA91ABA,observation_synthetic 3.csv,2576,observation
6DBCCE75-C325-52E7-AF97-753993FCDA42,observation_synthetic 3.csv,2577,observation
175C8E26-C5CA-58EF-B68A-9A123721CEE3,observation_synthetic 3.csv,2578,observation
71A4CC54-A03C-50C5-823B-64F31024B2ED,observation_synthetic 3.csv,2579,observation
BBDA5148-F777-59D4-B23D-215493DF4518,observation_synthetic 3.csv,2580,observation
7E965AF5-5266-545D-9851-DB3290B77AA4,observation_synthetic 3.csv,2581,observation
ED480C13-036E-594F-919E-79E005713DAE,observation_synthetic 3.csv,2582,observation
F95556CB-B261-5D52-9A10-3EE2F2C22B85,observation_synthetic 3.csv,2583,observation
D8F91A42-CED9-5239-B9AD-AC7090F966B4,observation_synthetic 3.csv,2584,observation
D2E25AD4-CCCC-5D31-B7E5-AA7F52DCF113,observation_synthetic 3.csv,2585,observation
B9AE0EBD-64D5-5989-9DCA-B5C8C94D5DF6,observation_synthetic 3.csv,2586,observation
A25CCF28-35CB-57D2-844F-226DE78AE47F,observation_synthetic 3.csv,2587,observation
428F7C56-4745-52D3-B307-EC7D3B7FA9EA,observation_synthetic 3.csv,2588,observation
75589CA3-D7E0-585B-A56B-562E532932DA,observation_synthetic 3.csv,2589,observation
1A04217E-A5F5-5142-B8B5-709E244DE4FF,observation_synthetic 3.csv,2590,observation
041AC089-DE54-56E6-AEAC-1006D4EE2BE0,observation_synthetic 3.csv,2591,observation
F91211BE-52BD-57A4-906C-53855ECFBC7B,observation_synthetic 3.csv,2592,observation
50B1F07D-0471-5CA4-9EB1-0A22D21A5AD5,observation_synthetic 3.csv,2593,observation
400D1C25-6230-5EFF-8A34-30CEFF45E6D5,observation_synthetic 3.csv,2594,observation
AA266231-2BF5-5B11-96B6-1A28BA55C009,observation_synthetic 3.csv,2595,observation
067A5C9E-AF52-5861-AD0B-9C391B6929A4,observation_synthetic 3.csv,2596,observation
91656787-764D-556F-B14C-580F42EE0F7B,observation_synthetic 3.csv,2597,observation
37D0B4EB-9411-59E0-AE8B-17E46B027225,observation_synthetic 3.csv,2598,observation
C248AD92-3E58-541D-BD37-5DEC66F60552,observation_synthetic 3.csv,2599,observation
D4066F69-2972-5ACE-AC41-7F024A443FD7,observation_synthetic 3.csv,2600,observation
7F1DB775-01D2-51B5-9163-B56A12B81458,observation_synthetic 3.csv,2601,observation
1F0B127F-81FF-5547-9133-3353D47EA20F,observation_synthetic 3.csv,2602,observation
A771CCFB-C505-51EC-8438-0276CEAA8427,observation_synthetic 3.csv,2603,observation
BEEAFA59-1401-5461-97E8-4223628C9FA5,observation_synthetic 3.csv,2604,observation
6021304A-F0F2-501E-AB68-13598E7DDB1C,observation_synthetic 3.csv,2605,observation
6CEE3161-F48E-5C5F-A578-299EA5203881,observation_synthetic 3.csv,2606,observation
46FE00CF-E5BF-5083-A3D8-CE56E76D6B0E,observation_synthetic 3.csv,2607,observation
21933A03-ECEC-56A4-A9FC-0995FEC379BE,observation_synthetic 3.csv,2608,observation
8BFC0008-8554-5FE8-90E2-1A3850FA6E45,observation_synthetic 3.csv,2609,observation
72A56F57-BF28-59F4-A190-33A717BC559E,observation_synthetic 3.csv,2610,observation
7DC584C2-505F-50D5-AFFE-13DF78E53523,observation_synthetic 3.csv,2611,observation
ED972244-8878-5F23-AFF7-F476390A992C,observation_synthetic 3.csv,2612,observation
E7C426FA-170A-5F95-A98D-2F804F99AE3D,observation_synthetic 3.csv,2613,observation
1831B106-0B66-5750-AB99-0E6713334372,observation_synthetic 3.csv,2614,observation
9695F341-7A53-5F52-801E-37CE44DACF4C,observation_synthetic 3.csv,2615,observation
261C65C7-DF1B-5577-977B-EFF3EFABA63F,observation_synthetic 3.csv,2616,observation
3CB24B50-33B7-5685-AF64-B9B29EDE451B,observation_synthetic 3.csv,2617,observation
36B78674-A8CE-5CA2-A1F8-A79CDDDC5D96,observation_synthetic 3.csv,2618,observation
F528EC6A-2F6B-5BC1-A3F5-CA261888D21F,observation_synthetic 3.csv,2619,observation
82571963-A6D3-5ABE-BCBE-2452329E6C27,observation_synthetic 3.csv,2620,observation
084F17F5-1B1F-59DC-BCA4-1985CFC265D4,observation_synthetic 3.csv,2621,observation
D514C411-1F3E-53F1-B6D2-A3F3CD9807AB,observation_synthetic 3.csv,2622,observation
8EB1FFA8-BD96-556E-AA53-624B5A002AB4,observation_synthetic 3.csv,2623,observation
B46CC700-59B2-5037-98AA-502BA579AC6D,observation_synthetic 3.csv,2624,observation
6CC8F011-208D-57AE-A23B-2E1F938C040E,observation_synthetic 3.csv,2625,observation
1C5C2EBF-19F5-5BCB-8677-98960755E441,observation_synthetic 3.csv,2626,observation
C78453AB-7F63-5ABD-8E60-A567D3317C47,observation_synthetic 3.csv,2627,observation
4DB6E4DF-1DD8-54D3-AAB1-E62924AD5D91,observation_synthetic 3.csv,2628,observation
39F3610A-DB16-5714-B953-3F9A8120ADA6,observation_synthetic 3.csv,2629,observation
20B2045D-9CA6-517C-AA14-ED00EB546506,observation_synthetic 3.csv,2630,observation
D4498FA7-5AF1-5FCD-B6E7-AA8AF3BDC4A0,observation_synthetic 3.csv,2631,observation
EE940232-A9C5-5D80-BA56-0F192D60F2B8,observation_synthetic 3.csv,2632,observation
443BC40D-0B01-5A31-8215-BC04EE0B782F,observation_synthetic 3.csv,2633,observation
4A34B5C6-02EF-5D56-9CB5-58AF9CD79A3E,observation_synthetic 3.csv,2634,observation
262569A3-3D20-51DB-A7F5-6A09EA3E99EC,observation_synthetic 3.csv,2635,observation
53419323-F1CF-518F-A4CB-AB1144847FBC,observation_synthetic 3.csv,2636,observation
027DCFBC-F3F9-59F5-986C-9AF8CF4DAFA4,observation_synthetic 3.csv,2637,observation
2931B9EA-95A6-5DEB-AA21-C6A8BADFE54F,observation_synthetic 3.csv,2638,observation
3AE193A2-5F59-5DB5-98A4-6224C8EFA8BE,observation_synthetic 3.csv,2639,observation
34E23284-601F-5580-8FB7-300B31980463,observation_synthetic 3.csv,2640,observation
FE7A8B1B-A39F-5E77-8E83-0F52FD2DC0E4,observation_synthetic 3.csv,2641,observation
B81D6755-D5AC-54B3-AAF2-A67FAD75A544,observation_synthetic 3.csv,2642,observation
DE2A36B1-1A0C-5CCE-866C-40B5CF7D1D06,observation_synthetic 3.csv,2643,observation
4B3002DF-31CE-5335-AEBC-106164BBABDC,observation_synthetic 3.csv,2644,observation
307D6CE5-6631-5116-986E-B22ED51F2BBC,observation_synthetic 3.csv,2645,observation
BD33DCB1-EB7C-5C06-94EB-0FBA17561540,observation_synthetic 3.csv,2646,observation
1A0F116F-C741-5C1C-ACC7-FBB4F662A026,observation_synthetic 3.csv,2647,observation
8935C71B-3610-520C-AEAB-40D2EC7CB58B,observation_synthetic 3.csv,2648,observation
C151CE5F-21F7-5D0B-9C74-C8789D9ACCDA,observation_synthetic 3.csv,2649,observation
4F6F568F-59CA-5062-86B2-78E0B42EFBB0,observation_synthetic 3.csv,2650,observation
9EFAD68D-5FEB-5A7C-83F3-2C1AB0C253AE,observation_synthetic 3.csv,2651,observation
C4CAAA35-055C-52B9-877E-25366232F3D7,observation_synthetic 3.csv,2652,observation
D5152FD9-4A76-538C-94C0-8B45A3C8F3B1,observation_synthetic 3.csv,2653,observation
F6094EEB-8200-5C35-B69A-2F5B338E029E,observation_synthetic 3.csv,2654,observation
F1663D26-16F7-53F7-B5B3-5F5BE6DE0E0B,observation_synthetic 3.csv,2655,observation
4AF3037A-44AA-519D-9145-9EB84F58152D,observation_synthetic 3.csv,2656,observation
3A0D9979-DF0D-563C-8A5A-4B60169A806D,observation_synthetic 3.csv,2657,observation
BBEDB120-0B4B-57B1-909C-3F63BA9AC9CC,observation_synthetic 3.csv,2658,observation
4708B603-AD74-5CBC-8EBD-3C036B22758A,observation_synthetic 3.csv,2659,observation
FE0CA152-334E-5ABF-B8A7-C235E60B86C5,observation_synthetic 3.csv,2660,observation
13E58B1A-60B2-5F55-9DA2-5200BAF66798,observation_synthetic 3.csv,2661,observation
A7FAF32A-EFA4-5081-A2F0-E662157431BE,observation_synthetic 3.csv,2662,observation
9913A4A6-01FD-5ECD-8596-9F960F24F5D3,observation_synthetic 3.csv,2663,observation
C62C2252-87C7-5C60-B33D-C5B18F395532,observation_synthetic 3.csv,2664,observation
D2287F53-8C8A-527E-9C5F-854FBE4731BA,observation_synthetic 3.csv,2665,observation
E18D8439-4F9E-5639-BDDE-994380B1F785,observation_synthetic 3.csv,2666,observation
E8C57FD3-4308-5F23-98B4-7A002FD13103,observation_synthetic 3.csv,2667,observation
86B6852E-D99F-557A-9372-BE12551D417C,observation_synthetic 3.csv,2668,observation
715D2E17-F7D0-5CA0-9C59-CB4A583913FE,observation_synthetic 3.csv,2669,observation
EA1BBE12-570D-58A4-B031-14DFBE58148A,observation_synthetic 3.csv,2670,observation
4B74F0CF-81A5-5FED-9A43-41334A07A745,observation_synthetic 3.csv,2671,observation
251BA079-C5D9-5C91-8755-CDBC55547ECA,observation_synthetic 3.csv,2672,observation
ABA88B2E-A87B-5889-B0E7-CEA21E31925D,observation_synthetic 3.csv,2673,observation
589D2A5F-D4E0-5D2C-8679-C433F183FB12,observation_synthetic 3.csv,2674,observation
7CBBBB8F-1BD3-5EE4-A18E-752D872DBC7D,observation_synthetic 3.csv,2675,observation
3063CAF4-1293-5EA1-BB01-75F7286DFAFF,observation_synthetic 3.csv,2676,observation
3A3D482C-14BD-5E3A-BE06-2DD70E3A69AD,observation_synthetic 3.csv,2677,observation
4A0DBBD4-00C5-5215-91B2-97B3BFAF9715,observation_synthetic 3.csv,2678,observation
E4BADB91-D540-5658-BC20-415E2C918C8A,observation_synthetic 3.csv,2679,observation
D9814192-D78D-5C83-818C-4BD26C9609DD,observation_synthetic 3.csv,2680,observation
2B781EA9-7FE3-559F-9E28-0438B2CF722A,observation_synthetic 3.csv,2681,observation
12A5687D-A9F2-597B-B74D-173C60D4AB49,observation_synthetic 3.csv,2682,observation
3C766629-8A16-587F-A533-08B173E4D1F7,observation_synthetic 3.csv,2683,observation
84917B4F-B382-5D90-AEA0-8F72477C2E28,observation_synthetic 3.csv,2684,observation
975C9FF0-9D50-5B1D-89C4-AB7E6AC456CC,observation_synthetic 3.csv,2685,observation
2DB29FD3-663D-5A90-8611-BD4ABEC6F658,observation_synthetic 3.csv,2686,observation
368653BE-76A0-5A02-A38E-2B48B4103F11,observation_synthetic 3.csv,2687,observation
C24A1715-86DB-500A-9DAE-8CF840767C2A,observation_synthetic 3.csv,2688,observation
E5795291-DA2E-5E92-8A9C-745C07D8C79D,observation_synthetic 3.csv,2689,observation
E40C87B8-D8C0-505D-8777-6D5372F4B583,observation_synthetic 3.csv,2690,observation
5B5187C8-D03A-58C8-B06C-9DA1FE974606,observation_synthetic 3.csv,2691,observation
D16FDD30-DF9F-56B0-A390-6AE9E44D5390,observation_synthetic 3.csv,2692,observation
4B1A45F8-83C6-5601-B034-87FA947827AE,observation_synthetic 3.csv,2693,observation
A91F8B67-41EE-5362-B75F-49C12A16FDFA,observation_synthetic 3.csv,2694,observation
A7E0B7F9-A82E-5299-8331-EC57923EFB81,observation_synthetic 3.csv,2695,observation
3582101D-81A1-5FAD-B1D9-E7EA87574832,observation_synthetic 3.csv,2696,observation
D56D89DC-828D-5EEE-88F0-4B8D7BE2A74D,observation_synthetic 3.csv,2697,observation
6D27D217-E7EC-5B0C-B339-50B30525802F,observation_synthetic 3.csv,2698,observation
E303F1FF-F8A5-5EFE-BE8B-28DF9D41DC0F,observation_synthetic 3.csv,2699,observation
18660BBC-8AF3-55A5-833C-592C524BF90F,observation_synthetic 3.csv,2700,observation
715B13E9-934A-5921-B1D9-91B7E7EB7A13,observation_synthetic 3.csv,2701,observation
E2DBEDD5-6EB7-508D-9A14-4E9469B777B6,observation_synthetic 3.csv,2702,observation
0D23F567-55D9-5FD7-AB97-D8DDAD80FA6F,observation_synthetic 3.csv,2703,observation
77EFD0EC-788E-50A7-99BC-B26096BC06B7,observation_synthetic 3.csv,2704,observation
0E599400-AB7F-562E-9C64-DD5EA6D8E408,observation_synthetic 3.csv,2705,observation
A1F68429-A1F0-5336-BEA3-D0089ECF0E79,observation_synthetic 3.csv,2706,observation
E99D032D-5321-541B-A6C2-492C9DD2891F,observation_synthetic 3.csv,2707,observation
B4A32153-895B-5E92-899F-41C8F8CB9315,observation_synthetic 3.csv,2708,observation
43A819DA-F5C1-5FED-B0A4-BC7D09A6AE71,observation_synthetic 3.csv,2709,observation
3B7FF4E5-994B-5640-B009-90E336E0CD1D,observation_synthetic 3.csv,2710,observation
0B6FE66E-4267-5953-BBB5-15C738DF1E27,observation_synthetic 3.csv,2711,observation
DAAAFD31-7299-5370-BAC0-AD300E16F968,observation_synthetic 3.csv,2712,observation
DA808E09-D6DD-574A-AFE6-834F628079B5,observation_synthetic 3.csv,2713,observation
E3A97B83-0E22-5B80-8354-7BABF5A17EB2,observation_synthetic 3.csv,2714,observation
B68E8476-6818-5DE5-9DC1-14B167F3B742,observation_synthetic 3.csv,2715,observation
001D3379-6A2B-5327-8B1E-F11D19C62B33,observation_synthetic 3.csv,2716,observation
0ED8F6F1-2607-51B5-B22D-E5D03A6EF1A2,observation_synthetic 3.csv,2717,observation
BA1446A7-87DE-5127-8227-362270B968BC,observation_synthetic 3.csv,2718,observation
12D099C4-3A93-5B83-81A2-1601A7B9ADDC,observation_synthetic 3.csv,2719,observation
337A4358-88D8-5DBA-89A6-806373DC0EDB,observation_synthetic 3.csv,2720,observation
83DA4485-1BEB-54BD-B259-E84E5DE3B863,observation_synthetic 3.csv,2721,observation
C0523964-EE76-5A9A-9ED6-B65B5386FAE3,observation_synthetic 3.csv,2722,observation
C35FED4A-8F31-57D9-9730-663F0F373510,observation_synthetic 3.csv,2723,observation
BD8CD186-2A1C-5F82-86CA-E7847D2DC135,observation_synthetic 3.csv,2724,observation
C9471A6E-C8DE-5EB8-8415-A2CBD40D64A6,observation_synthetic 3.csv,2725,observation
39941E33-6615-5FAB-9DD1-6FA2875B536D,observation_synthetic 3.csv,2726,observation
F803BDFA-408F-58C1-B83C-2E251F6C3150,observation_synthetic 3.csv,2727,observation
69088038-7190-59AD-A4D5-6CC2A6A16837,observation_synthetic 3.csv,2728,observation
2569EEE8-84F8-5DBE-96DD-68C3D1BD4BE9,observation_synthetic 3.csv,2729,observation
810D58BF-DA38-5284-A6E5-73AA0F9926B7,observation_synthetic 3.csv,2730,observation
74D61D27-4818-5B3B-B779-62A9A6647A1F,observation_synthetic 3.csv,2731,observation
0FFB1D96-A3AE-5CE9-9EFB-A2A8F7518426,observation_synthetic 3.csv,2732,observation
AB47C82F-DA8A-5DAA-8D66-7B6661EABD3C,observation_synthetic 3.csv,2733,observation
09AD1E9D-B081-5EF3-AB00-9B73E10C7651,observation_synthetic 3.csv,2734,observation
294444DC-885B-50A3-807C-B22839D065B2,observation_synthetic 3.csv,2735,observation
716C5369-A9D8-5D5F-8904-8DFA5A9C36C5,observation_synthetic 3.csv,2736,observation
958E1DB0-ABD5-57F3-A706-6CB24CF2E93F,observation_synthetic 3.csv,2737,observation
55D14872-E8CE-59A6-BEA6-5F7AB9AC3BAF,observation_synthetic 3.csv,2738,observation
B0044F46-1118-5233-B327-49C4C54E9FE1,observation_synthetic 3.csv,2739,observation
59E30D77-7698-5BB4-BB4C-4C8712950E5F,observation_synthetic 3.csv,2740,observation
3639C997-3484-5707-BD96-CD41C988D94C,observation_synthetic 3.csv,2741,observation
6F305B57-4B5F-52CB-AB2A-642C27FFD709,observation_synthetic 3.csv,2742,observation
3BDDB546-39EE-51FB-BBB6-71523E1DF3A7,observation_synthetic 3.csv,2743,observation
62EC3B7C-1528-55BE-8F05-C074324F5EAF,observation_synthetic 3.csv,2744,observation
98F66DB9-A6F3-5F7F-9086-EE296422F26B,observation_synthetic 3.csv,2745,observation
82AB0BA8-7FF2-5983-9E67-2944300E0536,observation_synthetic 3.csv,2746,observation
E599060C-2387-5308-A037-73AF23A5424D,observation_synthetic 3.csv,2747,observation
86D7A75D-664B-5776-B6D1-5E7D9F3A487A,observation_synthetic 3.csv,2748,observation
FF83C981-D1DB-55E5-9D05-6D63F2DCBC7F,observation_synthetic 3.csv,2749,observation
3BA700D8-94C6-5A22-A09F-1C750358937A,observation_synthetic 3.csv,2750,observation
C9E17F87-BFCA-5CFB-9463-AA921C059798,observation_synthetic 3.csv,2751,observation
4D33A09D-0364-5C65-8979-8D13746C468E,observation_synthetic 3.csv,2752,observation
E6F6D1CC-DB5E-56E7-9F49-8824459C0015,observation_synthetic 3.csv,2753,observation
ABC8C278-350A-562E-8428-079E847ED0AC,observation_synthetic 3.csv,2754,observation
F50CF36C-3FDB-5C30-B549-23B87C0D9A56,observation_synthetic 3.csv,2755,observation
6FC83A4F-B286-59EB-B5E3-70032B0DC2EA,observation_synthetic 3.csv,2756,observation
C5563F0E-0537-5CAE-916A-F32D9A894B2E,observation_synthetic 3.csv,2757,observation
8D06CD74-DE6D-5B70-9F90-DC4A1D668BAC,observation_synthetic 3.csv,2758,observation
FA7BE6B8-7014-5CED-8B5A-8659B0F4A9F7,observation_synthetic 3.csv,2759,observation
5CDD2C93-6EB2-59FE-82C9-F3C01EBF3C70,observation_synthetic 3.csv,2760,observation
186B2C42-F821-5C05-9E08-98C4E88A5986,observation_synthetic 3.csv,2761,observation
3D7283D8-F3D3-5952-A6A7-538A3252501D,observation_synthetic 3.csv,2762,observation
73FA2FAC-3F73-59BD-B764-0DE16FB97562,observation_synthetic 3.csv,2763,observation
C4F6FA3E-F1D9-5DCF-A4C7-A92D6F781D78,observation_synthetic 3.csv,2764,observation
2B947B4F-51DE-542F-B597-2538730D498C,observation_synthetic 3.csv,2765,observation
38487CEB-6628-5FB4-8E2D-4587FF2E9110,observation_synthetic 3.csv,2766,observation
E402204B-3A5C-5684-89F3-6033D6C04499,observation_synthetic 3.csv,2767,observation
CE1B55EE-B51E-551D-8B39-2C49C0D5BBCF,observation_synthetic 3.csv,2768,observation
731FE4D0-AB52-5B61-9BDC-CFBBBEDF55EE,observation_synthetic 3.csv,2769,observation
761B456B-CA0F-5173-884C-F1496CDC9A64,observation_synthetic 3.csv,2770,observation
4A842A34-4F3B-5F41-B03F-8B4D071CD422,observation_synthetic 3.csv,2771,observation
F18EAC85-F980-5E77-A233-C6E25AF6BD1A,observation_synthetic 3.csv,2772,observation
E1CB09DA-2F2E-5571-866C-F5F6F74F76E7,observation_synthetic 3.csv,2773,observation
6EB8CEE2-68F1-5800-808A-3F41FF34B536,observation_synthetic 3.csv,2774,observation
F277190D-5A54-5E6A-B665-115B2D438D35,observation_synthetic 3.csv,2775,observation
243F3636-28C0-5737-B8CF-FB7CB57C9647,observation_synthetic 3.csv,2776,observation
427AE80F-714A-51D1-A499-88BCEE3EF6A9,observation_synthetic 3.csv,2777,observation
4CB0B9C4-CE4B-5ADC-950F-6F9A98155A8F,observation_synthetic 3.csv,2778,observation
DEA4B3BF-D671-58FD-B804-20ABC165E3DE,observation_synthetic 3.csv,2779,observation
955EAD35-D3ED-513E-98B2-88D6612B291A,observation_synthetic 3.csv,2780,observation
2779C201-A86F-598D-9D19-0145D7566B4F,observation_synthetic 3.csv,2781,observation
6D999511-5247-551F-98AE-FADF89ECEEA3,observation_synthetic 3.csv,2782,observation
24C9D2D9-7825-52CC-91B6-884FA2291A6C,observation_synthetic 3.csv,2783,observation
BBA5C017-4BD4-5C15-9584-AFA7E9D97530,observation_synthetic 3.csv,2784,observation
F970809D-01DB-58F7-A2DE-98327BC60C01,observation_synthetic 3.csv,2785,observation
B6C61E62-2B10-5B74-BBEF-28E4F2A31B93,observation_synthetic 3.csv,2786,observation
CDE5726D-7207-55F1-991B-524B4935517A,observation_synthetic 3.csv,2787,observation
26AA74D6-6F84-5F60-B775-58AC8885B86A,observation_synthetic 3.csv,2788,observation
124EB0D0-A362-5F54-A3F5-C4E67C68E4F2,observation_synthetic 3.csv,2789,observation
D3CA21E4-AEE6-5765-A1D5-6709300AC993,observation_synthetic 3.csv,2790,observation
AE02C1A3-E8CB-5C86-AD65-21FF16AEB236,observation_synthetic 3.csv,2791,observation
13F74D39-E7F3-5A82-819C-CAE633414B56,observation_synthetic 3.csv,2792,observation
09B026C5-42CC-5ACC-88B5-A4A03ED978DF,observation_synthetic 3.csv,2793,observation
5B9F5A06-5AD6-53F4-8932-670A11E8B221,observation_synthetic 3.csv,2794,observation
65B44EA9-53AF-57C7-8EDB-4576CD98DBCF,observation_synthetic 3.csv,2795,observation
C7442F4F-CD39-58EE-B9F9-813BE077AD8C,observation_synthetic 3.csv,2796,observation
1FAD9CEA-C53E-5BB8-8FFD-2AFA696549DA,observation_synthetic 3.csv,2797,observation
B1E07FAA-E2F0-54C6-8F21-747498BBFD4E,observation_synthetic 3.csv,2798,observation
FAB1F37A-62C3-541E-8F09-43373C46C4CE,observation_synthetic 3.csv,2799,observation
DF9F4A80-BBFB-53C6-A8D3-C76CE322BEAE,observation_synthetic 3.csv,2800,observation
30F5789C-48B4-5319-9C2D-088787DE8209,observation_synthetic 3.csv,2801,observation
61B2307D-315C-59C7-9C74-056D7104AF71,observation_synthetic 3.csv,2802,observation
C2E38F1C-2FD1-59D0-B512-F38C86A7253F,observation_synthetic 3.csv,2803,observation
E98E3D0E-AE36-594A-8C69-E4D2E7F22A85,observation_synthetic 3.csv,2804,observation
AA4D60FB-E960-553C-BDAA-A83C29119649,observation_synthetic 3.csv,2805,observation
59D752E7-53E8-55B8-9C2D-669AA4F8BA49,observation_synthetic 3.csv,2806,observation
2E6746BB-6907-5F5D-88E4-1F5A3222E026,observation_synthetic 3.csv,2807,observation
7B163764-F354-5B9C-803E-2A23D0A8DC07,observation_synthetic 3.csv,2808,observation
9B27470B-1352-5C63-9DE3-2D9F95CF0B7A,observation_synthetic 3.csv,2809,observation
EFD44325-0D14-513E-9F53-A8057F3958AB,observation_synthetic 3.csv,2810,observation
85F9B6E4-F55C-5BB9-92BA-243C600E6064,observation_synthetic 3.csv,2811,observation
2057EE85-671E-523E-AFE8-055A26A544B6,observation_synthetic 3.csv,2812,observation
9C3B6153-9929-5FAF-997D-5B3177C0911A,observation_synthetic 3.csv,2813,observation
6E2ECCA2-E740-5425-8782-147B35685249,observation_synthetic 3.csv,2814,observation
58211668-56A3-560A-9B3F-B75B7337C51B,observation_synthetic 3.csv,2815,observation
779845BF-CB6B-5E7A-9BA1-DA4FF58ADFAE,observation_synthetic 3.csv,2816,observation
018B6C66-5D77-5A0F-9F00-433F489BA8B3,observation_synthetic 3.csv,2817,observation
C2616C1F-A812-54F2-A615-B66B90CFF477,observation_synthetic 3.csv,2818,observation
AD20F864-DE37-5BD1-8116-A30FA40FE083,observation_synthetic 3.csv,2819,observation
38D4173D-CE28-586A-93E3-28D1350BD838,observation_synthetic 3.csv,2820,observation
ED5C08AF-09E3-572E-AE8F-1CEB9B1956F7,observation_synthetic 3.csv,2821,observation
41FF832C-C160-5F6B-B4F3-8CC1AFCFBF0C,observation_synthetic 3.csv,2822,observation
B71116E6-2C36-5756-B8E7-13E068B09DC4,observation_synthetic 3.csv,2823,observation
98D80570-D80E-5467-89BB-420425A4A256,observation_synthetic 3.csv,2824,observation
03608A4F-CB27-56D3-B9A1-AC30854941C0,observation_synthetic 3.csv,2825,observation
CBBBDDF5-FC49-5602-BF81-8D94D6FF4EE1,observation_synthetic 3.csv,2826,observation
2FA52E44-BD9E-522E-BE70-36C825DF9490,observation_synthetic 3.csv,2827,observation
37B27422-3CC0-54A7-9BC6-48AA34DB12F5,observation_synthetic 3.csv,2828,observation
7E67C707-3DDF-5696-A69E-2D9CF929BF6B,observation_synthetic 3.csv,2829,observation
2101075D-C78E-5A57-BE92-8184CD3579E7,observation_synthetic 3.csv,2830,observation
285DAAC5-B8EB-5ADF-B672-F54C60667D56,observation_synthetic 3.csv,2831,observation
F90CB460-64F8-5048-977E-32A743AF4E7C,observation_synthetic 3.csv,2832,observation
6DE732A1-3485-5672-8751-228F00731F8A,observation_synthetic 3.csv,2833,observation
B655AC2E-F0C2-587D-A3B7-F61036B8079B,observation_synthetic 3.csv,2834,observation
28EAEB80-7E32-5B05-B3D2-3386365666AB,observation_synthetic 3.csv,2835,observation
C8542632-C136-5EB9-A0BD-D362F04758B5,observation_synthetic 3.csv,2836,observation
7684B0FE-6AFB-5F46-B287-828B35AA2FB4,observation_synthetic 3.csv,2837,observation
847A6D62-62EA-53EF-9AA5-3D293AF3C114,observation_synthetic 3.csv,2838,observation
02021B29-8184-5249-8C39-5759D9DE639A,observation_synthetic 3.csv,2839,observation
FC360A21-7CCD-5693-9D46-1113904904BF,observation_synthetic 3.csv,2840,observation
73B293E6-FC20-5647-A0E0-EA2999F7F874,observation_synthetic 3.csv,2841,observation
C57CC1F3-2C71-5341-A527-06B6438658DF,observation_synthetic 3.csv,2842,observation
8F368B26-CBFF-5AA0-A363-6B8F30460FD0,observation_synthetic 3.csv,2843,observation
DE5198DC-983B-59C5-A770-F78FA40DA69C,observation_synthetic 3.csv,2844,observation
5F64519D-9A8C-57C4-BA7D-6DA5BE87F872,observation_synthetic 3.csv,2845,observation
0F846ACF-0914-5DA9-8A91-5669084B5ACC,observation_synthetic 3.csv,2846,observation
828243F4-6D49-5414-B11D-74C634579BDA,observation_synthetic 3.csv,2847,observation
A8C6837C-94FD-525B-A237-04614D92A3C0,observation_synthetic 3.csv,2848,observation
A6C0AF63-F5A2-5ACA-9F99-79203F55F4DD,observation_synthetic 3.csv,2849,observation
3DF585C0-3EED-5298-BBAE-BCB637D7026F,observation_synthetic 3.csv,2850,observation
9F76D277-F61F-5CC9-B37E-F4A55174DCB6,observation_synthetic 3.csv,2851,observation
E24DD60E-FAE7-5241-8757-9B1225666F2B,observation_synthetic 3.csv,2852,observation
734BB573-81E3-5CD7-87C5-1B41193580E2,observation_synthetic 3.csv,2853,observation
4C227B14-2BFA-54C4-823D-9F884869221D,observation_synthetic 3.csv,2854,observation
04A5DDC3-38DC-51B3-9585-4FCB74C89787,observation_synthetic 3.csv,2855,observation
E3A0CAB2-9885-5C14-81C3-9F006CB841AF,observation_synthetic 3.csv,2856,observation
9D38FA30-978A-5E96-8D3A-311C86C46F02,observation_synthetic 3.csv,2857,observation
92068E92-6994-5FB1-9E7F-2F5236F5725D,observation_synthetic 3.csv,2858,observation
B121E3A2-AC2E-572E-ABA8-1FB2AA746C1E,observation_synthetic 3.csv,2859,observation
1A016725-7690-5518-9778-866574E7B5FA,observation_synthetic 3.csv,2860,observation
EEFDDF10-5F0D-5D39-8B76-06B09DB93A12,observation_synthetic 3.csv,2861,observation
633689D9-6DB7-569E-9CC4-5CD3C5C29710,observation_synthetic 3.csv,2862,observation
3E8F1C57-30B0-5F4D-9324-71FBDF8B9FD3,observation_synthetic 3.csv,2863,observation
8347C60C-6EC4-5D55-A27A-A17A08540394,observation_synthetic 3.csv,2864,observation
A2CD2BAF-FE26-5140-8661-A610D2017F6B,observation_synthetic 3.csv,2865,observation
53D3A749-BFED-5818-BAC2-9FC3C165045D,observation_synthetic 3.csv,2866,observation
3F13CF1C-A28F-5CEE-AAC4-E1E32F538BA3,observation_synthetic 3.csv,2867,observation
64862D05-A663-5ECA-8927-D46A5F7D8B4B,observation_synthetic 3.csv,2868,observation
BFA85B5E-A822-58F7-B862-A28E048ADE5C,observation_synthetic 3.csv,2869,observation
C35881BB-BDD9-5AD9-A400-193C85530791,observation_synthetic 3.csv,2870,observation
FFDD2E48-9C9A-528C-827C-4C92661430A6,observation_synthetic 3.csv,2871,observation
29E10196-0F8C-5A8E-8AAC-32E2DEECEB9D,observation_synthetic 3.csv,2872,observation
87F9B87C-3DDE-520D-9904-B01AC0B6E430,observation_synthetic 3.csv,2873,observation
D3D848D8-09B0-5B4F-8EC8-DC0EA796E4F3,observation_synthetic 3.csv,2874,observation
699A82C7-56C9-582C-87F9-0D9582255CC7,observation_synthetic 3.csv,2875,observation
1999EC0B-6DC0-536D-8163-DA34D3B8228D,observation_synthetic 3.csv,2876,observation
6BA8B0DA-58F7-5910-B950-4FFF1DE4D659,observation_synthetic 3.csv,2877,observation
D6ABE532-E024-53AA-9406-515CD7D2D9D0,observation_synthetic 3.csv,2878,observation
13E4423B-BD43-5783-86DE-5E674662D820,observation_synthetic 3.csv,2879,observation
4F35EEE7-1E44-507F-97C7-9CFD2045E1FD,observation_synthetic 3.csv,2880,observation
D63C056E-8BE4-5276-BBE3-333A1F1CE199,observation_synthetic 3.csv,2881,observation
7754B5BD-E28A-5E9A-82BA-08CE22B094FE,observation_synthetic 3.csv,2882,observation
BFC09B57-2CD0-5093-B082-608AC15A9508,observation_synthetic 3.csv,2883,observation
93A230A6-10A7-5B05-AEA7-96D09DD0D3FE,observation_synthetic 3.csv,2884,observation
815422E1-190B-5D84-AAD4-5355E3EAB66F,observation_synthetic 3.csv,2885,observation
F829C220-52CF-5F61-AD7E-ECDF43471ADB,observation_synthetic 3.csv,2886,observation
B3BB7283-1E80-5763-BC33-75437294C0C2,observation_synthetic 3.csv,2887,observation
8B610CEC-065F-5DF7-993F-359F5CA0162D,observation_synthetic 3.csv,2888,observation
669CF6FB-863F-5C92-906D-49EB8A899D38,observation_synthetic 3.csv,2889,observation
0DBE1311-210B-5BB7-86C7-18AA539863F3,observation_synthetic 3.csv,2890,observation
4CE63BE7-1C0F-5EA6-938A-5A252AB5916C,observation_synthetic 3.csv,2891,observation
5A1D5D5F-09DB-5BE5-8B7C-9267E9DFF011,observation_synthetic 3.csv,2892,observation
0767A861-814F-50C2-BFDF-7B28EDCD4454,observation_synthetic 3.csv,2893,observation
6998FC8A-814D-52E6-AB49-F7C52F1778EC,observation_synthetic 3.csv,2894,observation
0D516097-7FB7-5A40-86C9-558B4E8CBA00,observation_synthetic 3.csv,2895,observation
88CBF633-6F34-50D4-B369-48BDD5AB60F6,observation_synthetic 3.csv,2896,observation
33EE77BC-33E5-5E8C-90F4-7FA19DDECDA0,observation_synthetic 3.csv,2897,observation
D4669BD2-6557-56AF-8CD3-C1B8FAB746A3,observation_synthetic 3.csv,2898,observation
4E9FFBE7-0131-57C8-A3B9-4A9D64C62C18,observation_synthetic 3.csv,2899,observation
0B235A62-DACF-53B7-ACF8-F5C2A8D98AC7,observation_synthetic 3.csv,2900,observation
1DC6BE69-9C2C-527B-B46E-766210BFDD87,observation_synthetic 3.csv,2901,observation
322D2BB0-650D-5F15-AB21-306DCFBBEF88,observation_synthetic 3.csv,2902,observation
6655A2F9-AD3A-5815-B0C3-B4B07910F44B,observation_synthetic 3.csv,2903,observation
977B1133-2468-5CB5-BABF-AA8DECA3D1C4,observation_synthetic 3.csv,2904,observation
BBF1DF4F-1D05-5CFB-9015-89118057B6FC,observation_synthetic 3.csv,2905,observation
72DFD5BD-8D78-5DD7-806C-FDAE84E8C9C8,observation_synthetic 3.csv,2906,observation
2CAF0763-FA51-51BD-8B43-F626083D7BF2,observation_synthetic 3.csv,2907,observation
5576F528-3CE4-5899-AE73-17620BB5E437,observation_synthetic 3.csv,2908,observation
888CD7AF-02F3-512B-98CC-687A913B5AD0,observation_synthetic 3.csv,2909,observation
A87D8C1A-BFF6-56FB-BF3B-CD6EB67A903D,observation_synthetic 3.csv,2910,observation
2FF2AF76-2908-56B0-8ADD-056055E00F0B,observation_synthetic 3.csv,2911,observation
6EC528DA-D242-5EFA-8C98-EFC52D6E9A20,observation_synthetic 3.csv,2912,observation
05D81878-289C-596C-817F-17ECD68267CE,observation_synthetic 3.csv,2913,observation
6EE55CBD-FC02-5B75-B661-C71969A0F513,observation_synthetic 3.csv,2914,observation
B2740305-CD2D-501C-A965-23C68273EFD2,observation_synthetic 3.csv,2915,observation
279BD3E5-2E01-5572-AE1B-F312D7185611,observation_synthetic 3.csv,2916,observation
2A5A6BF4-532C-5EA8-BC52-8AFE58993875,observation_synthetic 3.csv,2917,observation
B1C82A32-6D0B-570C-A203-F2F1FCDCB981,observation_synthetic 3.csv,2918,observation
9EFFF286-88B1-5DF5-AC28-13E7AC68B95C,observation_synthetic 3.csv,2919,observation
FD33D768-E2AF-5EA1-827F-BE4D397466E6,observation_synthetic 3.csv,2920,observation
FF46A2F2-AEBD-5B0C-A13F-624A90C64F77,observation_synthetic 3.csv,2921,observation
358E2248-026F-56C6-8BFF-AD25598F301E,observation_synthetic 3.csv,2922,observation
BCF03411-98BA-56F4-AAA4-B3A6C4CBB26D,observation_synthetic 3.csv,2923,observation
5711D2A6-2123-5291-ABC1-026A87555998,observation_synthetic 3.csv,2924,observation
BD07B42E-6D04-5CA2-A08A-AE62C7F5B738,observation_synthetic 3.csv,2925,observation
0D55D469-22CE-5F10-840B-55696A30C786,observation_synthetic 3.csv,2926,observation
6CABBDF2-E523-50E9-B026-5211DBFEB8D7,observation_synthetic 3.csv,2927,observation
0E3BCEC7-EF5E-55DF-9D72-3FD95AE5FF3B,observation_synthetic 3.csv,2928,observation
F1DBBB22-DBBF-5AB8-9D22-23C981BC9F19,observation_synthetic 3.csv,2929,observation
5AB63B19-D767-5D68-A793-1F98DB96D560,observation_synthetic 3.csv,2930,observation
5A9CA831-1C97-5DD3-95A8-FE73F2AD963A,observation_synthetic 3.csv,2931,observation
682BDB76-0C4A-5633-9109-6E2B4AD3041F,observation_synthetic 3.csv,2932,observation
586175E1-B3EA-5D8E-BC89-7FE39229AB45,observation_synthetic 3.csv,2933,observation
86BD0366-D019-5BD0-8462-55E18FE9110B,observation_synthetic 3.csv,2934,observation
8D8725EC-207E-52EB-9886-70A4C923A29B,observation_synthetic 3.csv,2935,observation
1DC7B790-2A7E-5AFA-A34E-80DA482F41BC,observation_synthetic 3.csv,2936,observation
0DCB8988-30B5-56FF-9FC7-720C4AEA9FD7,observation_synthetic 3.csv,2937,observation
BA46D388-EB82-5E3E-B6D7-F67F418A1411,observation_synthetic 3.csv,2938,observation
078D5975-597A-571C-9D6C-2F11B9EE0B4D,observation_synthetic 3.csv,2939,observation
800B963C-17B3-5326-B31B-EE1156BC1667,observation_synthetic 3.csv,2940,observation
E7BEA87A-D2A1-5275-94A6-9C4163FC36F0,observation_synthetic 3.csv,2941,observation
879A6D6D-61AB-57E5-A4A6-0CCAD2E45F68,observation_synthetic 3.csv,2942,observation
968DD78B-E44C-5A2E-867A-A27E9EAEE1EF,observation_synthetic 3.csv,2943,observation
07089667-E4F2-50A5-84C7-94B886B7B319,observation_synthetic 3.csv,2944,observation
0EBA4465-E13A-550E-8829-934C08884567,observation_synthetic 3.csv,2945,observation
4950999A-356D-59A9-812A-FDF1087BAC5F,observation_synthetic 3.csv,2946,observation
1A8D35E4-886F-56F0-9432-2E3685911C3C,observation_synthetic 3.csv,2947,observation
A45A5A14-170F-558E-855D-F10EF870E0EB,observation_synthetic 3.csv,2948,observation
FA5492DA-E416-507A-AE0C-5F7C12EBD3C2,observation_synthetic 3.csv,2949,observation
46B34C5F-E3F8-58A8-B1D8-C6C15E8D30CD,observation_synthetic 3.csv,2950,observation
3A2A6166-0DFF-54E9-9854-2CACB068AAA6,observation_synthetic 3.csv,2951,observation
2DC1E8F6-270A-5DB8-B011-CEE1719D9A1C,observation_synthetic 3.csv,2952,observation
5EB070A9-6E44-503F-B1FF-A7C2E3A9D3BA,observation_synthetic 3.csv,2953,observation
F3D9CF37-6D3B-59CD-87B8-844AC9D6975D,observation_synthetic 3.csv,2954,observation
3FB8D859-FC6D-576F-91FD-78A176D3318F,observation_synthetic 3.csv,2955,observation
5A46AA57-BD0D-56F1-BF78-0E8C32931841,observation_synthetic 3.csv,2956,observation
F60A0902-CAB9-52EA-85BC-3BECF512A212,observation_synthetic 3.csv,2957,observation
0EC81FC8-78A8-5D53-A343-8A83C4CC9274,observation_synthetic 3.csv,2958,observation
4DAE6B48-D51A-5BCE-BA6E-C55F180D59F6,observation_synthetic 3.csv,2959,observation
F749F36D-8A9C-5D5D-9DDC-EFCEBDA3A1F8,observation_synthetic 3.csv,2960,observation
1F9DFEC7-3039-51C8-B575-1B4F840A1A83,observation_synthetic 3.csv,2961,observation
AEF56107-F190-53D0-BFB1-7644453F8BA2,observation_synthetic 3.csv,2962,observation
68830D03-6FCE-5A5D-9A6C-111E2A612CC4,observation_synthetic 3.csv,2963,observation
0FE217E0-DE6A-5A3B-A17B-63225176E294,observation_synthetic 3.csv,2964,observation
F1BE5F64-9708-55BF-990A-E1C4F00BB612,observation_synthetic 3.csv,2965,observation
2FD437F4-308F-53C5-85F8-903592015927,observation_synthetic 3.csv,2966,observation
77466026-8242-5EFD-8EE1-AA670DA4B48C,observation_synthetic 3.csv,2967,observation
CF41A7E5-82BD-5AA5-AF72-9D9020CBF52A,observation_synthetic 3.csv,2968,observation
BB4D3796-46F9-55CB-AEED-A0B65AAE3306,observation_synthetic 3.csv,2969,observation
9E807EEB-1408-5B2C-AE27-1F68B615C150,observation_synthetic 3.csv,2970,observation
A8BFADCB-FDE0-5BC2-A9FA-96A5D758A9C0,observation_synthetic 3.csv,2971,observation
13C3ECB2-12A6-58E2-9757-E7E53D23C00D,observation_synthetic 3.csv,2972,observation
4346390D-54AB-5EED-9A79-FEE2D3454C1B,observation_synthetic 3.csv,2973,observation
CA9BDFE0-ACBE-53C1-A1E0-505247BA7A1C,observation_synthetic 3.csv,2974,observation
FB4E37D6-307F-53B2-B6C4-579A42531F63,observation_synthetic 3.csv,2975,observation
36B336B1-E937-5C31-9C0C-E5C19F12E686,observation_synthetic 3.csv,2976,observation
40CB73B6-6D07-52A2-9451-8E938B43F667,observation_synthetic 3.csv,2977,observation
0794F45D-8B0A-54D3-96E4-60675E9CC36A,observation_synthetic 3.csv,2978,observation
35923923-8605-5D5C-B3CF-6781A2E4671F,observation_synthetic 3.csv,2979,observation
447C6B67-0D24-5994-A863-CD57FFD28023,observation_synthetic 3.csv,2980,observation
CD0BA3B2-58C8-5325-A850-1F36B4356DE2,observation_synthetic 3.csv,2981,observation
8612AF64-062D-5134-8FBB-AB2257AD1ACF,observation_synthetic 3.csv,2982,observation
7EBD94B5-EEBF-504A-A43C-05AD7846A514,observation_synthetic 3.csv,2983,observation
D2E3778A-D404-50B7-B655-D6A1B28FE996,observation_synthetic 3.csv,2984,observation
3B84D979-5433-592E-BF26-C4B821110CA4,observation_synthetic 3.csv,2985,observation
E0A9B842-2956-5FBB-BDB4-0E7AECCD8AB9,observation_synthetic 3.csv,2986,observation
C878F65A-87C8-5949-8101-FD7DD19EB186,observation_synthetic 3.csv,2987,observation
4F5F28B0-A486-5DA0-B365-4373A037AD0A,observation_synthetic 3.csv,2988,observation
9E83FDBA-4F46-56B9-8A9E-299D33ADDDD5,observation_synthetic 3.csv,2989,observation
AC01E4B9-6E91-555C-B075-ED01EA3E3D7A,observation_synthetic 3.csv,2990,observation
A7608B1A-A345-598C-993D-01A31363C0CD,observation_synthetic 3.csv,2991,observation
051DEF2D-C9B8-5744-A07B-F3DE2C9340FE,observation_synthetic 3.csv,2992,observation
5748844A-5984-5B40-AECD-EB439DA897D8,observation_synthetic 3.csv,2993,observation
789DFC0B-A268-5356-A0F5-AACCDAC8CE92,observation_synthetic 3.csv,2994,observation
EDC5A8E5-7C46-5C58-BC53-8A4B78BA2086,observation_synthetic 3.csv,2995,observation
D2DA4C39-0780-5C6A-98B2-4FA26FCADB85,observation_synthetic 3.csv,2996,observation
20702C18-982A-5C37-A9FE-6B460F5BC8A0,observation_synthetic 3.csv,2997,observation
CBB4214C-8A82-5508-9E78-D73916FFF899,observation_synthetic 3.csv,2998,observation
CB4E9270-DC65-563F-BDB5-746827BE6E4C,observation_synthetic 3.csv,2999,observation
D81D0906-F4EA-5239-81EF-7B055C8325C9,observation_synthetic 3.csv,3000,observation
3E11C34D-45A9-5A26-B0B4-B80ABC5D4D6A,observation_synthetic 3.csv,3001,observation
D13F502B-F044-571E-B997-DD4CCF07D6DF,observation_synthetic 3.csv,3002,observation
01B38567-024B-5E33-825D-6B3E9CF4FAEF,observation_synthetic 3.csv,3003,observation
9064DD17-767E-589B-9AAD-EF346EA1838A,observation_synthetic 3.csv,3004,observation
5CB113B9-74B2-530E-A255-E32B024F177F,observation_synthetic 3.csv,3005,observation
1D28F632-6131-587F-9987-191A13C0A5D4,observation_synthetic 3.csv,3006,observation
982D4A31-87AA-570F-B433-082E7D177199,observation_synthetic 3.csv,3007,observation
AA479201-D919-5E88-9A09-778EA2376B08,observation_synthetic 3.csv,3008,observation
A022C03D-BC03-58E4-9A86-6CD701D7042C,observation_synthetic 3.csv,3009,observation
C308B282-048F-5E69-A417-08732841EE11,observation_synthetic 3.csv,3010,observation
4BE25603-D67A-5F35-8438-2E2AF549E7C7,observation_synthetic 3.csv,3011,observation
2A33B00D-DE29-5751-BAF4-A7133D1755C9,observation_synthetic 3.csv,3012,observation
A822F083-71DD-5BE1-B216-E444A03E2719,observation_synthetic 3.csv,3013,observation
52649FCF-D75D-5EB5-91BA-791983FD5EDB,observation_synthetic 3.csv,3014,observation
51080403-ABDF-564F-8FC3-5B644ABF7CE6,observation_synthetic 3.csv,3015,observation
E6AA8219-1876-5F31-8C70-D2203515C2B5,observation_synthetic 3.csv,3016,observation
AF41F5AE-065D-5C12-9537-A9A0D3EF27DB,observation_synthetic 3.csv,3017,observation
4E9361E4-0DC6-5E33-BD07-8A08A1A1427D,observation_synthetic 3.csv,3018,observation
E0151849-C809-59F8-9955-A85776C6B4E4,observation_synthetic 3.csv,3019,observation
53B89A5D-59BF-5FD6-83FF-44E0EF156A1B,observation_synthetic 3.csv,3020,observation
F0EE1779-850D-5447-A974-E56CE485B4F8,observation_synthetic 3.csv,3021,observation
C39541AD-7580-54B2-A3DC-03A50D54CB3B,observation_synthetic 3.csv,3022,observation
7CFC3298-1D0C-5378-8D86-A00257C376E5,observation_synthetic 3.csv,3023,observation
AE2EF97E-F66A-5C7D-9491-BE3BEE3084C4,observation_synthetic 3.csv,3024,observation
035AB664-98D3-5CD3-8C29-83232DEDD80A,observation_synthetic 3.csv,3025,observation
AB325A3D-44B3-56CC-98BB-7E804005FA85,observation_synthetic 3.csv,3026,observation
F837A19B-E67C-5657-B130-F6D80160FB07,observation_synthetic 3.csv,3027,observation
6ED8AF30-EBE4-5647-9107-B4E2A1E48210,observation_synthetic 3.csv,3028,observation
94CFDD15-4FAE-533C-8A9D-9C7BE738EF91,observation_synthetic 3.csv,3029,observation
EEFBF453-A516-5BB1-AEF1-082F1675D43D,observation_synthetic 3.csv,3030,observation
77B7EABB-D5D1-5AEF-B136-5D69DF7A076D,observation_synthetic 3.csv,3031,observation
689A2F47-74B6-521B-842E-4AF2D85669A1,observation_synthetic 3.csv,3032,observation
F48FAC68-A743-56E3-8CF1-93A00DE69645,observation_synthetic 3.csv,3033,observation
B821C817-A62E-57C9-973C-924C23041785,observation_synthetic 3.csv,3034,observation
2167F6C0-7C93-5E57-8CCB-5179DC288A34,observation_synthetic 3.csv,3035,observation
27458E48-8B70-560F-B2C5-523E8478D3C9,observation_synthetic 3.csv,3036,observation
2B1BD18F-7C0A-5340-9372-9508B51A0846,observation_synthetic 3.csv,3037,observation
AEB8AE3B-1C3D-56B3-9B87-53DF0BBD4006,observation_synthetic 3.csv,3038,observation
82FA1128-1BCB-59ED-B31A-FFBCC78A6032,observation_synthetic 3.csv,3039,observation
404EE3E2-019E-58BF-908F-8C06FF622F8F,observation_synthetic 3.csv,3040,observation
39B1285C-E795-51C0-8E36-3B323F8DCD4F,observation_synthetic 3.csv,3041,observation
051EFC7D-D016-5A6A-8963-0C3395165D58,observation_synthetic 3.csv,3042,observation
4D0AA2D9-F0D3-53D9-AB98-F3E1603FF4B9,observation_synthetic 3.csv,3043,observation
C0020988-7D21-5EA8-8D89-61B393F94713,observation_synthetic 3.csv,3044,observation
0215C9CC-314D-5E26-87F1-C7B7ECD1CA65,observation_synthetic 3.csv,3045,observation
1DB5B588-3E59-5569-B134-6F54464CABF5,observation_synthetic 3.csv,3046,observation
8EC748E4-6529-55CA-B927-BAC94870EA44,observation_synthetic 3.csv,3047,observation
F422EFC7-4C00-581C-91C5-822622BABE16,observation_synthetic 3.csv,3048,observation
082D85C4-9AC5-5E9A-816E-B487D47EE0BC,observation_synthetic 3.csv,3049,observation
4B6C81C8-304F-56B1-BBC7-A9E7DD3453C0,observation_synthetic 3.csv,3050,observation
AC9ADC56-7F58-52C1-87B9-FB4749C1B7C1,observation_synthetic 3.csv,3051,observation
9DD4684E-94A5-5443-A5CC-9C1EA23A14C0,observation_synthetic 3.csv,3052,observation
721E2D3A-4BC2-5EB3-B875-27A0CCA51584,observation_synthetic 3.csv,3053,observation
255AAFE6-A8CE-55A1-AD0B-7F872708CB66,observation_synthetic 3.csv,3054,observation
70D2410B-471B-5547-A218-D992AF2D980B,observation_synthetic 3.csv,3055,observation
79A12DF3-0312-5B11-A668-AB8B53DCE98A,observation_synthetic 3.csv,3056,observation
1EA983F1-A26F-5F2D-8541-C7A4679ABF94,observation_synthetic 3.csv,3057,observation
786E2518-C7AE-5EC0-A8DE-C663D6365096,observation_synthetic 3.csv,3058,observation
223D542E-A812-50D6-BBFA-46901DAE4200,observation_synthetic 3.csv,3059,observation
F1A0F116-1262-584C-8807-9D4B36CDCFBC,observation_synthetic 3.csv,3060,observation
E1770199-135C-5D07-ADF2-816666317F81,observation_synthetic 3.csv,3061,observation
DBB3E143-D465-53EC-8145-3107CE5DCD89,observation_synthetic 3.csv,3062,observation
46C2CBD8-2114-57A6-8342-17ECBD7B6CB9,observation_synthetic 3.csv,3063,observation
D3C57499-0F50-5A7E-BC40-5E5031B9D1E2,observation_synthetic 3.csv,3064,observation
06AA6212-758E-581F-9D14-BCDCBCF4343B,observation_synthetic 3.csv,3065,observation
72A2B25B-DDEA-5B0C-BA31-85572B5DE078,observation_synthetic 3.csv,3066,observation
AED5E656-5BB9-5F41-9895-864E72D60569,observation_synthetic 3.csv,3067,observation
94638929-3C17-5165-9609-D780D97B1018,observation_synthetic 3.csv,3068,observation
D079A58A-E6EB-5A3F-A116-798F0319D2AA,observation_synthetic 3.csv,3069,observation
5475571E-BFF8-57F1-819A-3EE2CFC27CCC,observation_synthetic 3.csv,3070,observation
101BB729-BD45-5696-AE20-3051A523A2E7,observation_synthetic 3.csv,3071,observation
A615D2BF-6A8E-5F3D-A73E-C4F0E7547F35,observation_synthetic 3.csv,3072,observation
DB6DA0F2-F3BC-5ECE-AB65-C3807152D908,observation_synthetic 3.csv,3073,observation
905E3122-8DC7-5C25-8794-6BC74D30CBE8,observation_synthetic 3.csv,3074,observation
EF0DD869-6A94-5F80-99EF-954B099C2E28,observation_synthetic 3.csv,3075,observation
4D28C658-A4FA-5D23-9C6E-2EF34F5E7D48,observation_synthetic 3.csv,3076,observation
D7E4EE4F-9010-5B18-9D99-3A77EFFF6242,observation_synthetic 3.csv,3077,observation
B9E75BC6-BEDF-560F-88B1-882841CD309B,observation_synthetic 3.csv,3078,observation
81493A86-6B1A-561D-94DC-39E8F5EA3BA7,observation_synthetic 3.csv,3079,observation
671F5401-4C9D-5BD2-8D14-E7BE9A92EE5E,observation_synthetic 3.csv,3080,observation
4134952F-34F9-5A6C-A175-15F2C1658C9C,observation_synthetic 3.csv,3081,observation
6BA1FA68-AA30-5354-AD81-2FD6C3706AB7,observation_synthetic 3.csv,3082,observation
4D6233DF-7620-5266-B7DE-22BAE01BCC14,observation_synthetic 3.csv,3083,observation
519B5B1D-B69B-5426-8D9D-615668689FE0,observation_synthetic 3.csv,3084,observation
68184A82-3DF0-5D88-8B39-9B01E987B590,observation_synthetic 3.csv,3085,observation
14F13DF3-C8DD-55D3-B88E-BCDC4EC0F919,observation_synthetic 3.csv,3086,observation
ED8FB928-70D2-5161-A616-F1421B507B97,observation_synthetic 3.csv,3087,observation
CFE93C2A-DC9F-5CD3-9EFE-A81FF913BDEA,observation_synthetic 3.csv,3088,observation
32D9FCEA-1359-59E4-9395-629650B0F995,observation_synthetic 3.csv,3089,observation
5BC3D945-FE70-5EE5-974B-E207695E797A,observation_synthetic 3.csv,3090,observation
9FC4C24F-9C6A-5D0D-A470-C449885DA0DC,observation_synthetic 3.csv,3091,observation
23FBDF6D-D77F-5852-B74D-9928867C7755,observation_synthetic 3.csv,3092,observation
0FA44A08-82D0-5F5D-A795-4852427062F7,observation_synthetic 3.csv,3093,observation
CC80C269-DBDC-5A41-BD34-1F67CE7DECA1,observation_synthetic 3.csv,3094,observation
3BFDEE33-0A10-58FE-B463-43A8D2DEC3FE,observation_synthetic 3.csv,3095,observation
0FE4EB72-0E43-5402-B3E8-1A1E2CB690CB,observation_synthetic 3.csv,3096,observation
2E6703E0-2587-531B-B96F-5E76141270C7,observation_synthetic 3.csv,3097,observation
D079528E-774F-5C22-85E8-D02C2579AED4,observation_synthetic 3.csv,3098,observation
50D154EB-94E0-55E5-8A1C-58A9C96042F0,observation_synthetic 3.csv,3099,observation
272264D5-CC2B-5AAF-A8E0-462906F82A9B,observation_synthetic 3.csv,3100,observation
BC9DC294-985B-5D96-8D33-B0C18616D9F9,observation_synthetic 3.csv,3101,observation
98AFB9BF-DD47-5EF3-9FB2-4CB6F9B6CFBE,observation_synthetic 3.csv,3102,observation
6C2F611B-BAB6-540F-B17C-CDD39EA2B596,observation_synthetic 3.csv,3103,observation
27540C35-EE48-5247-8755-754E84EA94A6,observation_synthetic 3.csv,3104,observation
7034A81D-D0E1-5A24-BB5D-CC4DCF953695,observation_synthetic 3.csv,3105,observation
2C52D60A-F416-583B-A69D-007F9B14705B,observation_synthetic 3.csv,3106,observation
3A58B9ED-5F6B-5D0F-A6C4-2355E5F7100F,observation_synthetic 3.csv,3107,observation
8D2E4295-B530-564F-8549-9C2608306FE0,observation_synthetic 3.csv,3108,observation
5C33F9B7-83C2-530B-A2BC-BBD64E0C319F,observation_synthetic 3.csv,3109,observation
F3B67039-C68C-5232-AB78-28896FDE515A,observation_synthetic 3.csv,3110,observation
55F8711D-324B-5C79-A23B-11147656C4E5,observation_synthetic 3.csv,3111,observation
2537BDD6-2194-5812-AFD1-110AF4D2BE33,observation_synthetic 3.csv,3112,observation
E692584F-EA86-5006-B295-4F26D4C17018,observation_synthetic 3.csv,3113,observation
B9F19BC3-EC66-561C-A5E8-2A763943BB4A,observation_synthetic 3.csv,3114,observation
A6E6D80D-8FC9-57D7-9509-0E414A678D59,observation_synthetic 3.csv,3115,observation
FF0AEF05-B8EB-5452-AD26-B82670C5F5BF,observation_synthetic 3.csv,3116,observation
655B6114-7954-5F6D-A8AB-E91294767E28,observation_synthetic 3.csv,3117,observation
276C7F15-6F15-56ED-983F-66B9635B91B7,observation_synthetic 3.csv,3118,observation
86683AAF-28C3-51B9-8D89-6367BA0EBAF2,observation_synthetic 3.csv,3119,observation
E26F3E7B-777F-508D-BEEF-6BCEBD2490AF,observation_synthetic 3.csv,3120,observation
75C348DF-B54E-54EF-A265-EB1C93AAC92B,observation_synthetic 3.csv,3121,observation
AF8F6A7E-E16B-5A12-85B0-8555BFD07DDC,observation_synthetic 3.csv,3122,observation
06FD2F90-297D-52A1-B8DC-C40D6EF945A1,observation_synthetic 3.csv,3123,observation
FCEAD787-17E2-5BE8-B63D-3F60C0ADB7EF,observation_synthetic 3.csv,3124,observation
7C891CFF-D33C-5628-AC1C-7A2265DFD5B9,observation_synthetic 3.csv,3125,observation
B8FA34B0-DE0C-5EAD-83D7-1BDC5C376024,observation_synthetic 3.csv,3126,observation
4C47BC49-1767-5F60-9679-6C3544A57006,observation_synthetic 3.csv,3127,observation
27FEFB05-F7A1-5814-8CAD-7C4914EB9EEB,observation_synthetic 3.csv,3128,observation
8AE39990-2A27-5AF9-B314-FFA9F0D47EA9,observation_synthetic 3.csv,3129,observation
C5A92875-FB8E-5516-940D-84AD77171A1D,observation_synthetic 3.csv,3130,observation
EE8240DC-C303-55F0-BFE9-EE6B168F4E33,observation_synthetic 3.csv,3131,observation
E91DD699-A80F-5FED-A2D8-8F334C4CEAE7,observation_synthetic 3.csv,3132,observation
4AF1F446-DCC5-50F8-AA36-E601A852063D,observation_synthetic 3.csv,3133,observation
2E75A0D8-7946-579D-97F9-6F5C6A625DDB,observation_synthetic 3.csv,3134,observation
616A0369-88AC-501B-BA41-9160401783DC,observation_synthetic 3.csv,3135,observation
18ABF5E5-4C0E-5A79-9C1D-FD9773BE83C5,observation_synthetic 3.csv,3136,observation
6BD781F8-3433-5254-B03D-9383CCCA123C,observation_synthetic 3.csv,3137,observation
1AA4393F-DB55-5D15-BBE8-852D9EF84885,observation_synthetic 3.csv,3138,observation
5C803A4D-38DF-5A0B-9BBB-00D67D44BF94,observation_synthetic 3.csv,3139,observation
9AF98F34-F853-5CB8-B996-7F69E0F418D0,observation_synthetic 3.csv,3140,observation
DD0771BC-9CBE-5FB3-A6FD-0C2DE8A05C14,observation_synthetic 3.csv,3141,observation
CE681550-78F9-57A0-9711-529948B5B93C,observation_synthetic 3.csv,3142,observation
9EDD34FC-F87D-5A35-9629-337AAB545A83,observation_synthetic 3.csv,3143,observation
8337F6FB-4799-5D60-8C5E-45AAC4937BD7,observation_synthetic 3.csv,3144,observation
4FFEF869-C405-5805-8F82-0D0B60F7A453,observation_synthetic 3.csv,3145,observation
272CF247-FABF-5724-B1C2-3B21CA23A224,observation_synthetic 3.csv,3146,observation
6E633C80-AB2F-5A30-A96C-06F96F32D53A,observation_synthetic 3.csv,3147,observation
9630CEBD-E02A-5B17-A5D9-ECDDFBA9F298,observation_synthetic 3.csv,3148,observation
BEAE8C1B-BD4F-5FBC-819D-318C5E4A62CB,observation_synthetic 3.csv,3149,observation
4908A30E-BAA5-585E-81AD-775935188942,observation_synthetic 3.csv,3150,observation
AD09F308-0474-5E8D-A7B0-7147B5B2D3A9,observation_synthetic 3.csv,3151,observation
983A5E71-5185-529E-82EF-FEEB875E98BD,observation_synthetic 3.csv,3152,observation
A7D05C6B-661E-5140-92A6-7233958093FD,observation_synthetic 3.csv,3153,observation
0924D12E-B6F4-53DD-BDDA-ED2EE34E82E8,observation_synthetic 3.csv,3154,observation
5CF478FD-ECF9-513F-BB4E-D2D45117181E,observation_synthetic 3.csv,3155,observation
D6115C6A-603B-5A11-B274-A04F085E12AF,observation_synthetic 3.csv,3156,observation
64FEBA0B-B28B-567D-B168-5950F2867F7D,observation_synthetic 3.csv,3157,observation
645DF269-2F6F-5C9D-85D9-EB1B3AC68B1B,observation_synthetic 3.csv,3158,observation
0E8E0B91-2CF8-5440-9B2C-EF516FF06630,observation_synthetic 3.csv,3159,observation
B53F049E-8857-5B9E-BF57-58830778AF89,observation_synthetic 3.csv,3160,observation
C70AE5EB-D0F6-580B-BE38-A5B8F5BB75AF,observation_synthetic 3.csv,3161,observation
86A8DC5A-A857-5202-917D-45D5C6B4ACF6,observation_synthetic 3.csv,3162,observation
4E126099-7C77-5993-B5F0-CC76A47E8D24,observation_synthetic 3.csv,3163,observation
1E7D89BC-4503-5D28-A93B-AEDE2B129907,observation_synthetic 3.csv,3164,observation
F50CCB5A-CEE8-540B-BB2A-E8D1CEA0E8EE,observation_synthetic 3.csv,3165,observation
0DE4803A-B0CC-53B8-94CB-53132A49D4BC,observation_synthetic 3.csv,3166,observation
CC9DFB3D-6EE1-510B-890E-C291CD800938,observation_synthetic 3.csv,3167,observation
281EE122-496E-510B-AEC5-60E6FE6F9860,observation_synthetic 3.csv,3168,observation
33EC6C4F-F1BC-508E-ACDF-1DF8B3B0BE18,observation_synthetic 3.csv,3169,observation
6A5D23F2-A8AC-5AB2-B371-0088AFDB3A88,observation_synthetic 3.csv,3170,observation
4E7DD99C-BE70-5D49-B417-244A61CB8BBA,observation_synthetic 3.csv,3171,observation
8C03EC17-DB7D-57D2-B718-39E2A1D71F05,observation_synthetic 3.csv,3172,observation
0DDA08C5-7BBC-58F0-A5BD-97D623D52559,observation_synthetic 3.csv,3173,observation
6EC16F8B-D97B-5FF3-9747-93B9943E0B73,observation_synthetic 3.csv,3174,observation
5FACA84A-1F70-585A-AA11-64A915D964D6,observation_synthetic 3.csv,3175,observation
D2A5FB27-08C3-5BB7-88CB-165535308DC2,observation_synthetic 3.csv,3176,observation
F0FC2B10-D42E-5A37-AFE5-BDC6730155FD,observation_synthetic 3.csv,3177,observation
4A5B6799-A608-5D75-A23D-E2E0BE2E9475,observation_synthetic 3.csv,3178,observation
AC7B12C5-7201-59D9-95A6-08AF63A6E2FD,observation_synthetic 3.csv,3179,observation
051D1F20-6621-52F3-A929-968B7830967F,observation_synthetic 3.csv,3180,observation
9593779B-DA98-5344-8D77-F73CCA23F6A4,observation_synthetic 3.csv,3181,observation
29CA7BBC-1A15-561A-A295-89D046340148,observation_synthetic 3.csv,3182,observation
12DB10EE-1767-5BC5-895A-567C82A52612,observation_synthetic 3.csv,3183,observation
351CBF30-4162-50C7-8915-CB39F776F4C4,observation_synthetic 3.csv,3184,observation
1C29557A-5E45-5C44-A2DC-27E813566FA6,observation_synthetic 3.csv,3185,observation
7F019ADA-8C5F-51BE-99FC-D0D08F4B5CF5,observation_synthetic 3.csv,3186,observation
1C3CE682-43D2-54C6-ACB2-A8BF832E3BB0,observation_synthetic 3.csv,3187,observation
92A547B0-9566-5718-8F13-C8450DC865D6,observation_synthetic 3.csv,3188,observation
29D92C78-DE03-5CB4-ADB6-BA9886F46397,observation_synthetic 3.csv,3189,observation
3F0E9176-021A-5A88-B9BC-58C5BE31F445,observation_synthetic 3.csv,3190,observation
B558B5A8-FFDA-5FB6-A180-DB122AE57BB0,observation_synthetic 3.csv,3191,observation
944736B6-0B07-58CB-B832-C218FE14F763,observation_synthetic 3.csv,3192,observation
AB2CFB31-0F46-59A2-8768-86B59F434AEC,observation_synthetic 3.csv,3193,observation
15C4556F-A797-531C-80D5-E52E3802DEB7,observation_synthetic 3.csv,3194,observation
F6076793-CBC1-5CF4-8927-122606271E5D,observation_synthetic 3.csv,3195,observation
9C93CD1C-3234-5BBF-850C-14237BEFDC2B,observation_synthetic 3.csv,3196,observation
525C6FD9-9DD3-57B9-9D94-B93E91D52936,observation_synthetic 3.csv,3197,observation
BFB2B18C-F0C6-5428-BBE4-EE5A841322F3,observation_synthetic 3.csv,3198,observation
D660CA1C-5A9F-5834-9AC7-CC68A6B8FE47,observation_synthetic 3.csv,3199,observation
9A13FD02-A434-58C8-9D81-566BBC879549,observation_synthetic 3.csv,3200,observation
5B56D508-9982-5550-BF94-FBDBBD80F63B,observation_synthetic 3.csv,3201,observation
3E8AC869-B044-56B1-B9DB-2E9F525EC771,observation_synthetic 3.csv,3202,observation
309EE361-6379-53B5-8925-E90ED16A54D0,observation_synthetic 3.csv,3203,observation
BE3BA363-7D92-5BD8-9C5F-D93561A072BB,observation_synthetic 3.csv,3204,observation
A3CBA738-1C6B-5D29-928F-D841D394DA83,observation_synthetic 3.csv,3205,observation
BDC126CD-4DC2-50B8-A639-0D0811F05EA5,observation_synthetic 3.csv,3206,observation
F3DAC5FC-BD3B-50C3-B7C5-1BE78F8BA2DF,observation_synthetic 3.csv,3207,observation
DFFEBA40-BD02-5958-92A1-E943D924EA0D,observation_synthetic 3.csv,3208,observation
6F08015E-7E6B-55B5-88F0-9216933C1D14,observation_synthetic 3.csv,3209,observation
8737FE03-07ED-577B-98BC-AB70D5117B21,observation_synthetic 3.csv,3210,observation
245294C2-906E-539C-A047-663716B27AFB,observation_synthetic 3.csv,3211,observation
0FC43498-9CE8-5726-99D8-8C048976EE7C,observation_synthetic 3.csv,3212,observation
339A0FC9-6EEF-56F7-B5AA-45601FF07009,observation_synthetic 3.csv,3213,observation
CEF44A45-D82D-57CF-92F5-F4F08F1883DA,observation_synthetic 3.csv,3214,observation
C6847A5A-ACCC-5E28-8D67-83E47D746903,observation_synthetic 3.csv,3215,observation
E6C5C2F5-A075-5817-8D5F-120AECC868CA,observation_synthetic 3.csv,3216,observation
CE2B74D0-D44B-59C7-9FC4-458236F7F67F,observation_synthetic 3.csv,3217,observation
6D3E0FC7-C373-5639-ACA9-A878A199BDA8,observation_synthetic 3.csv,3218,observation
7A8ECDF3-AC7C-5425-8415-D96386C1A0E3,observation_synthetic 3.csv,3219,observation
8EF34417-033F-5DDE-8E64-4DFBA688C71C,observation_synthetic 3.csv,3220,observation
D9046C27-1C5B-5362-8098-1303352D5270,observation_synthetic 3.csv,3221,observation
01A11A46-9D0A-5D2D-97A6-47B639CB6ABD,observation_synthetic 3.csv,3222,observation
7057EEB3-A73F-5CD8-BE2D-718C33E96B57,observation_synthetic 3.csv,3223,observation
8254289D-9066-521C-942F-F48BD28AB380,observation_synthetic 3.csv,3224,observation
20CDD605-5B9A-52EF-8677-CA1C5DF1A789,observation_synthetic 3.csv,3225,observation
35A9DF1B-46E5-5579-B410-BCDD8DF53AD0,observation_synthetic 3.csv,3226,observation
20A6110C-233C-5959-8608-7230D48CD7C4,observation_synthetic 3.csv,3227,observation
593726A1-1CA6-571B-935C-1B31E921F392,observation_synthetic 3.csv,3228,observation
2DB68486-6106-57A5-8A1B-A653E6919365,observation_synthetic 3.csv,3229,observation
6F191066-0A68-5229-815C-FDB5D53F979A,observation_synthetic 3.csv,3230,observation
1E0E218D-12AD-584D-AED7-0D6CD305E603,observation_synthetic 3.csv,3231,observation
8BF7FB66-CAA5-54BB-B094-5A80E62C789E,observation_synthetic 3.csv,3232,observation
FBD99A24-5CBB-5645-95BB-F1639460ED09,observation_synthetic 3.csv,3233,observation
0A371236-279F-524D-BE62-18C5B059A1A8,observation_synthetic 3.csv,3234,observation
78E92155-BA5F-5B7E-B716-8C4E136AD1F8,observation_synthetic 3.csv,3235,observation
EDDCE32B-8D4D-5D7B-9B92-50557C043F52,observation_synthetic 3.csv,3236,observation
1752AD9C-EB44-50C3-BB1C-1D5DBD66BDD0,observation_synthetic 3.csv,3237,observation
091901C1-2F1B-509F-B0B0-8EB10E84DFBD,observation_synthetic 3.csv,3238,observation
C21D7921-CF5D-5708-981A-A786BC2D3FCC,observation_synthetic 3.csv,3239,observation
53C80242-CD57-559B-BDDE-88D9A1BDE23A,observation_synthetic 3.csv,3240,observation
C6364E87-F1CE-5163-A4F7-3B900579BC23,observation_synthetic 3.csv,3241,observation
AFD3038E-64E8-5872-8E73-9334FA8A7923,observation_synthetic 3.csv,3242,observation
DECB9EED-312B-5385-9E7F-1EF36A70D67C,observation_synthetic 3.csv,3243,observation
7DF38601-A648-5F57-82FF-78B09415C82F,observation_synthetic 3.csv,3244,observation
B01BB687-45C0-5390-8C9C-78EE90452F3A,observation_synthetic 3.csv,3245,observation
CF7DBCFC-E345-52ED-ACA7-0368351062ED,observation_synthetic 3.csv,3246,observation
4824010C-8CAB-5B2D-97AA-45A9DCC02C8B,observation_synthetic 3.csv,3247,observation
760D3A55-DE9F-5A70-9DE5-232F9A8CF881,observation_synthetic 3.csv,3248,observation
4BDB27A2-3455-5534-A603-9E1D33EC0A18,observation_synthetic 3.csv,3249,observation
02411346-BDED-5C24-80BE-5481A8E7CCA3,observation_synthetic 3.csv,3250,observation
54C57AEE-0589-5733-8943-6AA96D390770,observation_synthetic 3.csv,3251,observation
CCAE305C-2295-5C0F-BE01-65F2566C1E8F,observation_synthetic 3.csv,3252,observation
49933470-0936-58B9-BF9E-EF09CC679EAB,observation_synthetic 3.csv,3253,observation
CACB9B7F-7E18-5397-A8B7-CABA82FA0F4C,observation_synthetic 3.csv,3254,observation
51B192AE-A53E-5264-A87F-07CE4344761E,observation_synthetic 3.csv,3255,observation
19E2D0CF-4BE9-5457-A158-9F300AE0C6A6,observation_synthetic 3.csv,3256,observation
3BC907C7-9935-55BA-B763-455E003DAA8E,observation_synthetic 3.csv,3257,observation
8352918A-288E-57B3-BFC6-C69C531265CD,observation_synthetic 3.csv,3258,observation
A7B691EE-FAC1-58E5-A6B3-443E3B36DD6B,observation_synthetic 3.csv,3259,observation
F238575E-04B3-5D8D-BED8-42D4FF664B10,observation_synthetic 3.csv,3260,observation
0C16248C-27C8-5D91-BF55-F1E6F751DAAE,observation_synthetic 3.csv,3261,observation
F965DA4D-8C7D-5554-B0DA-2AE5FCC1AF55,observation_synthetic 3.csv,3262,observation
EF702442-69A4-5624-A5BE-98C0F08A9FF1,observation_synthetic 3.csv,3263,observation
7BF1B6E0-E6D4-589D-B3D7-90DCCD4C3D12,observation_synthetic 3.csv,3264,observation
F8FFEB6F-61CF-5CA3-B689-03D307CFD132,observation_synthetic 3.csv,3265,observation
4CDA35FA-9232-5A03-B67A-5D29C0AE788B,observation_synthetic 3.csv,3266,observation
40D7087E-75C7-5D8A-8F4C-3AB7517FD471,observation_synthetic 3.csv,3267,observation
2879B9AF-A100-5D12-B788-8AD95D1EA4BD,observation_synthetic 3.csv,3268,observation
19FB8302-A3B1-55AB-9BCB-ACDEDC3D08FC,observation_synthetic 3.csv,3269,observation
34D1640C-757E-5CD8-822A-518F2F6E4DDC,observation_synthetic 3.csv,3270,observation
39D8D17F-23F6-554C-9507-E3A6B7A3333F,observation_synthetic 3.csv,3271,observation
A690DFE2-746A-5B33-9A94-67B5ABF06D28,observation_synthetic 3.csv,3272,observation
8C7BB454-2354-53BE-BDC5-54B2266EABA4,observation_synthetic 3.csv,3273,observation
F4969078-234A-5DCE-B4E9-E638C31B58CD,observation_synthetic 3.csv,3274,observation
C595E204-3D58-593E-9BF3-9448F26AC4EB,observation_synthetic 3.csv,3275,observation
9320D831-2EF7-5496-9D21-7840B18BAC0D,observation_synthetic 3.csv,3276,observation
090550A1-DE63-5E81-937F-E8B3FB150701,observation_synthetic 3.csv,3277,observation
BDB59159-B23B-577D-9295-6BC4CFC6553A,observation_synthetic 3.csv,3278,observation
00A193A1-4BBE-5057-8D4C-6058B9B7AE89,observation_synthetic 3.csv,3279,observation
5685811F-33F4-5C3A-AC89-8CF4A905A344,observation_synthetic 3.csv,3280,observation
DD47A0BF-4CCB-56BF-AB82-CF7E40007ED2,observation_synthetic 3.csv,3281,observation
A1A7FBD4-2329-525B-9292-7ED8DCD0F3FA,observation_synthetic 3.csv,3282,observation
F5127419-BED1-542B-8766-D312CDDED6D2,observation_synthetic 3.csv,3283,observation
51C14F01-17C0-5128-80A8-AE5EC13B03EC,observation_synthetic 3.csv,3284,observation
AEFDC09B-364A-55A6-B2C4-D3E21D13EBB4,observation_synthetic 3.csv,3285,observation
F66C8F77-62B5-5B5E-977E-8C7CF0F49758,observation_synthetic 3.csv,3286,observation
07E671DD-F2D2-51D8-8610-EF2827C27618,observation_synthetic 3.csv,3287,observation
856FD837-41C9-53F4-ADC2-4F0B45E503CE,observation_synthetic 3.csv,3288,observation
1C0536C1-BF4E-5CCD-B4D5-927A15F08519,observation_synthetic 3.csv,3289,observation
A94F848F-691F-59BB-8998-DCDA66A92035,observation_synthetic 3.csv,3290,observation
8D8F1676-D517-5AA5-99AB-FD672B97CD0E,observation_synthetic 3.csv,3291,observation
3DD616B1-EB1E-5E49-A797-5A1DAA26AF71,observation_synthetic 3.csv,3292,observation
CF0E65B7-A584-571C-BDBB-A4EF6764FF55,observation_synthetic 3.csv,3293,observation
211E8F14-1DC4-5930-A835-3A973A9F3195,observation_synthetic 3.csv,3294,observation
C1CC0982-6BFB-525B-9DA7-AA0CA02E7E7C,observation_synthetic 3.csv,3295,observation
47A3AB4C-096A-5F82-9AA9-DC25A8D7F5D3,observation_synthetic 3.csv,3296,observation
4EFEFAD6-FCB8-5CD0-A6FD-736F5880A165,observation_synthetic 3.csv,3297,observation
576E4D6D-3C08-5F68-864C-098041ADB7A4,observation_synthetic 3.csv,3298,observation
8EF19882-C535-5880-A1C5-CD127B52866E,observation_synthetic 3.csv,3299,observation
3430F1F1-55F5-580E-B376-4EFA414A6F4B,observation_synthetic 3.csv,3300,observation
EC7A71EA-FC45-5206-B921-A5E5AF164825,observation_synthetic 3.csv,3301,observation
48D3D8D4-E456-529D-96E3-AD1501876949,observation_synthetic 3.csv,3302,observation
82C1F1BC-99F1-5ADB-A69F-3BEE28441551,observation_synthetic 3.csv,3303,observation
72C86EF4-D88C-50BB-AFC4-786DC0AB309E,observation_synthetic 3.csv,3304,observation
E3C50D30-5CD8-5C06-B66A-304EA9667165,observation_synthetic 3.csv,3305,observation
589D4852-EA76-5C14-BF58-3A67D084F0A6,observation_synthetic 3.csv,3306,observation
3031ED0D-0DCB-5138-8E59-604CEE784FE3,observation_synthetic 3.csv,3307,observation
45531FD2-9DB8-5BF4-A060-025D9100BF6E,observation_synthetic 3.csv,3308,observation
B2721026-26D5-5F01-95A9-36492C195F6D,observation_synthetic 3.csv,3309,observation
9A255134-7577-570A-8A8A-9C409A0BDCF6,observation_synthetic 3.csv,3310,observation
C960C921-95BA-5596-BBD7-32E231852A55,observation_synthetic 3.csv,3311,observation
0E0F3433-E59D-595F-902F-E918B46FD76A,observation_synthetic 3.csv,3312,observation
30EBFE4D-3016-5D07-B25F-E5B0AAD2C85A,observation_synthetic 3.csv,3313,observation
171FF18F-7BF4-55A5-A6F4-1B85B8F32EB1,observation_synthetic 3.csv,3314,observation
AB400D4A-B36F-5BEF-AF75-47A2ACB1FB55,observation_synthetic 3.csv,3315,observation
71317A0B-B912-510C-962E-3AF6BFAAC74E,observation_synthetic 3.csv,3316,observation
9BB73635-72CA-5291-BE4B-8AF9456F1F2C,observation_synthetic 3.csv,3317,observation
72BAA10E-426B-50A8-AFC9-6BF9D88AD571,observation_synthetic 3.csv,3318,observation
F3924FCD-3D69-5706-93F5-A521DD073C39,observation_synthetic 3.csv,3319,observation
7EB82103-09E6-532A-89D4-AC79C6890776,observation_synthetic 3.csv,3320,observation
827122F9-DA21-5642-A919-DD887ED9B6F4,observation_synthetic 3.csv,3321,observation
65E2B1BA-7219-59C3-91C4-8F10355C9B20,observation_synthetic 3.csv,3322,observation
CDF1E71C-207E-56AB-927C-D6F5E8F20F7F,observation_synthetic 3.csv,3323,observation
73DC99D3-6475-5AB3-87FD-C68BF6829C62,observation_synthetic 3.csv,3324,observation
70D130F4-E73E-5231-A3F2-3A7025BFDB61,observation_synthetic 3.csv,3325,observation
29152F50-7760-50A4-ABEA-E4DBFEE8EAE2,observation_synthetic 3.csv,3326,observation
A3FA0FD5-219D-5BCB-A6B1-3BCDF4AE72A4,observation_synthetic 3.csv,3327,observation
62AEDC35-2C09-520D-AAB5-B63CB98E0AFD,observation_synthetic 3.csv,3328,observation
42E9E21A-3F3B-5E56-AC23-2CDEDAA8794F,observation_synthetic 3.csv,3329,observation
63AB47B3-55CF-5FA7-BF30-D1801F7F6B6D,observation_synthetic 3.csv,3330,observation
F50BC090-7AA8-5244-936E-17D7FC05DFED,observation_synthetic 3.csv,3331,observation
1DEFF2A6-AEC4-599E-9A17-7C1817E03486,observation_synthetic 3.csv,3332,observation
9DEFC1AA-7379-5238-81EE-BC65630D8B2C,observation_synthetic 3.csv,3333,observation
A8809664-BFAA-5483-92B0-BA004FC6A80A,observation_synthetic 3.csv,3334,observation
463987C2-7E76-5318-9686-499244C42403,observation_synthetic 3.csv,3335,observation
90F9C79A-6A57-5F12-91EC-7ADE6623AA58,observation_synthetic 3.csv,3336,observation
EF9BFC15-95E6-5E4D-A399-238CE03C27E9,observation_synthetic 3.csv,3337,observation
B6A02EED-549D-562D-94ED-7BA16E4FBC8D,observation_synthetic 3.csv,3338,observation
FE6493D1-4FBA-5AA3-B693-06907A54F225,observation_synthetic 3.csv,3339,observation
4B002FCD-94E2-537C-8B9A-A5AAD9F97DF6,observation_synthetic 3.csv,3340,observation
618B6A60-084F-5E67-8987-0F788C93D8BC,observation_synthetic 3.csv,3341,observation
153BD641-B476-5B7B-A200-E740EA45C9F8,observation_synthetic 3.csv,3342,observation
11073154-4505-580F-8F45-16A731B49DF3,observation_synthetic 3.csv,3343,observation
BA55A01A-0999-5A9E-A1A7-6C690A5516BA,observation_synthetic 3.csv,3344,observation
C977EC79-BF3B-5F3C-A869-F353BC9E8618,observation_synthetic 3.csv,3345,observation
2EC98D52-E3BD-5C9F-B175-4B4C5A29484D,observation_synthetic 3.csv,3346,observation
DB3F6309-9794-5F5C-929F-298938FF838D,observation_synthetic 3.csv,3347,observation
764A78E4-7975-55D6-B14C-0061A69B2999,observation_synthetic 3.csv,3348,observation
4897CA89-9918-59DD-B668-255D3D9A85F8,observation_synthetic 3.csv,3349,observation
59FAB4A4-98F5-5F4C-9A34-731D460F4735,observation_synthetic 3.csv,3350,observation
8643525A-5ED6-58CF-A9DB-6592B2EBC3B0,observation_synthetic 3.csv,3351,observation
9EF2DB03-A3E4-542D-BA90-D1EECC83A63C,observation_synthetic 3.csv,3352,observation
1F7A5FE8-18EB-5D90-A066-44A39685F03B,observation_synthetic 3.csv,3353,observation
0B7D0557-CC16-5C05-86EE-97A34EA7D2BE,observation_synthetic 3.csv,3354,observation
43C429F8-E60F-5FA1-ACCC-58EBAA0EBDB4,observation_synthetic 3.csv,3355,observation
FA6F62E7-705F-5249-B771-E134842FB97A,observation_synthetic 3.csv,3356,observation
141F5A3B-C1DF-5DB7-AB32-01B3A5C42EE4,observation_synthetic 3.csv,3357,observation
3CD60D9C-28B3-5D86-A95D-0F63FEE3396B,observation_synthetic 3.csv,3358,observation
AE776358-59D1-55AA-8763-EDEEF9A9771A,observation_synthetic 3.csv,3359,observation
9E443019-3DD1-534D-B147-9DCF5DF77261,observation_synthetic 3.csv,3360,observation
9B23593D-BCB3-5F52-961F-FA08D1E4A27E,observation_synthetic 3.csv,3361,observation
75DA89D2-74AC-5F49-AC91-10C70F2DF830,observation_synthetic 3.csv,3362,observation
F87943E1-F144-592D-85AF-7E3246EB6CAE,observation_synthetic 3.csv,3363,observation
02098B48-6242-5D3C-8063-971C03021D36,observation_synthetic 3.csv,3364,observation
95D6BC32-C322-5097-B6D2-294379037480,observation_synthetic 3.csv,3365,observation
071DE54B-BB13-5806-8DB5-A97E1D1CB1A6,observation_synthetic 3.csv,3366,observation
42C1D52E-85A7-5408-AA69-3E60B741B42D,observation_synthetic 3.csv,3367,observation
1C3A6248-A461-5EB9-BE4D-D520D3BFD938,observation_synthetic 3.csv,3368,observation
88F393CF-207E-5232-973F-0660FED28399,observation_synthetic 3.csv,3369,observation
399C5404-0209-508B-A38E-88C8E2BC6A6F,observation_synthetic 3.csv,3370,observation
4AEFA9CF-9771-55A7-999B-7494D3AC51A5,observation_synthetic 3.csv,3371,observation
BB1BCA62-4C67-54EC-AA30-64D29D4B14E5,observation_synthetic 3.csv,3372,observation
A07C47D4-9C95-5BEF-A90B-E6EB2E5D4C9B,observation_synthetic 3.csv,3373,observation
D1B9D1C0-215E-571E-9292-87DAFD83DC35,observation_synthetic 3.csv,3374,observation
B7A4C77E-CFB0-576C-A65B-3D3A3CF565A9,observation_synthetic 3.csv,3375,observation
6D873D38-55F1-5014-817B-903F3A65DAAF,observation_synthetic 3.csv,3376,observation
3A995CE2-C6D0-5CBC-86B0-2246F1825B43,observation_synthetic 3.csv,3377,observation
6E60124B-F4C4-5AE0-A360-69AA065E1E4F,observation_synthetic 3.csv,3378,observation
56112112-6B2D-53A6-A1FA-1854BE94E550,observation_synthetic 3.csv,3379,observation
182CBD95-E7A2-5FCE-A953-C64AC6DF356F,observation_synthetic 3.csv,3380,observation
7DB7058A-3791-5004-BB82-B0FA0E94B8F2,observation_synthetic 3.csv,3381,observation
41496F79-770B-52CC-A0B7-46734C9E3B32,observation_synthetic 3.csv,3382,observation
C3C4DC4F-02DF-5658-BA3F-22B22D8AEE7D,observation_synthetic 3.csv,3383,observation
087A54F2-D894-5817-BA20-DCE956E2B567,observation_synthetic 3.csv,3384,observation
2931A5AA-6054-5195-9233-B98DD21BF749,observation_synthetic 3.csv,3385,observation
916249C6-88AB-5E74-9B3F-F40BB185F38D,observation_synthetic 3.csv,3386,observation
800420E2-3D1F-5CCA-BBF1-F6CEDEB6E32F,observation_synthetic 3.csv,3387,observation
2DA316B4-BF83-5AEB-AC52-FB5196CD05E8,observation_synthetic 3.csv,3388,observation
C8D74EA7-50C4-5002-B356-3D93C09827CF,observation_synthetic 3.csv,3389,observation
1541A555-57F2-50A2-93C7-6AE99AB1D5A0,observation_synthetic 3.csv,3390,observation
E48A07CC-0DFA-5204-8F9A-74AE73A9F588,observation_synthetic 3.csv,3391,observation
4B1A2757-C914-594A-88D6-0C63D8DCE201,observation_synthetic 3.csv,3392,observation
3CFDE66B-071D-5C87-850A-C7E9A7E0DEE1,observation_synthetic 3.csv,3393,observation
15040F3E-A7A1-5C9C-B4F5-AC103533FAD7,observation_synthetic 3.csv,3394,observation
60A6182E-7A80-507B-82CC-F472AA296E55,observation_synthetic 3.csv,3395,observation
73293CBB-4F8F-58EC-AF10-15D2F1719BFE,observation_synthetic 3.csv,3396,observation
C92FC3E3-3190-53C2-A302-FAB1DE0E5650,observation_synthetic 3.csv,3397,observation
1AC39FF7-07E8-5BD6-BF51-5197170604E7,observation_synthetic 3.csv,3398,observation
D1767B81-BEEA-58CB-BBC7-E0FD6417DB8F,observation_synthetic 3.csv,3399,observation
6486E5E7-73F9-586A-8D5A-52986C3392CC,observation_synthetic 3.csv,3400,observation
7115D4D4-7510-5BFC-ACCC-168AACB56DFC,observation_synthetic 3.csv,3401,observation
12B08576-1B4E-51A6-A5ED-1948D7C06FC0,observation_synthetic 3.csv,3402,observation
F1A11BB9-3A71-5434-8743-9B630A53E3E2,observation_synthetic 3.csv,3403,observation
D02B0A81-354D-54B7-959A-2FD750F697A2,observation_synthetic 3.csv,3404,observation
4D53C26D-6927-5412-B56D-815F96B0A627,observation_synthetic 3.csv,3405,observation
CA18685C-90E8-5D83-A149-AFB9FE14C723,observation_synthetic 3.csv,3406,observation
BA61BD28-69D3-50C9-8A65-762A9F5E89CE,observation_synthetic 3.csv,3407,observation
E9C450D2-0A0D-55B9-B4FC-FDC2A4D2D307,observation_synthetic 3.csv,3408,observation
12DEB57F-C7CE-5FBF-92FF-0D045C3EAF4E,observation_synthetic 3.csv,3409,observation
9EAC4B9C-C20A-50C2-B4B7-CEBBF04D3A75,observation_synthetic 3.csv,3410,observation
678EE7AD-7FED-5B1F-AF01-73112C149B5B,observation_synthetic 3.csv,3411,observation
E9DEF539-1545-5BA9-B8BF-FECCD3997CB7,observation_synthetic 3.csv,3412,observation
BE257094-A867-5E37-98D4-C4DBC118A543,observation_synthetic 3.csv,3413,observation
024ED1B3-DE18-582E-96DC-A64486537A18,observation_synthetic 3.csv,3414,observation
EBA2FC32-9E53-5CAB-A057-E901D755C5C8,observation_synthetic 3.csv,3415,observation
5996219D-A788-5DAD-840A-D0D381ACF43B,observation_synthetic 3.csv,3416,observation
290327D7-9868-5701-B3BF-5D2037AD3174,observation_synthetic 3.csv,3417,observation
A4441AFD-D6CF-533D-9E5B-D2A49B2F1F06,observation_synthetic 3.csv,3418,observation
A4101C84-56EB-505C-8B17-0B433D0E3424,observation_synthetic 3.csv,3419,observation
A0693CCF-F18E-5C1F-85E4-8440FAFA4CC7,observation_synthetic 3.csv,3420,observation
7F6BF82A-6419-5F68-AB1C-8991D3C400F4,observation_synthetic 3.csv,3421,observation
57C4080E-0B3F-557D-8FAB-6CD1C7D1953F,observation_synthetic 3.csv,3422,observation
EA8472C5-D78E-50F0-A653-0E3F8EEAFDD4,observation_synthetic 3.csv,3423,observation
C089CF86-92A7-513F-B84A-744255A0E165,observation_synthetic 3.csv,3424,observation
C0518732-AE0D-5B5B-BFB4-369A17123E55,observation_synthetic 3.csv,3425,observation
106D571A-6819-533C-BDD4-1C92BAA0BA33,observation_synthetic 3.csv,3426,observation
34F924D5-057C-5A70-A51A-0D709DA6E713,observation_synthetic 3.csv,3427,observation
A031A117-80AD-56E5-A227-F254333F0827,observation_synthetic 3.csv,3428,observation
E211EEE8-BA82-583A-8F00-1E290503B99A,observation_synthetic 3.csv,3429,observation
81328174-2B36-5C1D-B5C6-71D24B5879B4,observation_synthetic 3.csv,3430,observation
85682213-B8FE-55AA-B41D-591A0740CAC7,observation_synthetic 3.csv,3431,observation
F1B70D3D-ECDD-527B-88EC-A8175B0C92B5,observation_synthetic 3.csv,3432,observation
1A2CDF58-93BF-5DE7-87B9-E2C9A5CBC9C2,observation_synthetic 3.csv,3433,observation
0B9D4E0A-E46C-597A-884F-054EFE27CF21,observation_synthetic 3.csv,3434,observation
FE0188C8-B241-541B-A2A1-B6CD1F37CC2F,observation_synthetic 3.csv,3435,observation
598C0F90-59FA-5C38-AF2A-93DA5584FDB4,observation_synthetic 3.csv,3436,observation
AAF2E8D5-D7EC-5FC2-B85F-C2E5B57819DC,observation_synthetic 3.csv,3437,observation
F820D98C-F04A-5DD9-8CDB-AA4A4A82618B,observation_synthetic 3.csv,3438,observation
082E9B41-309C-58B7-B160-3FDEE4D3CC11,observation_synthetic 3.csv,3439,observation
3C34DCBE-1251-5F03-B191-CB516E1B7FCE,observation_synthetic 3.csv,3440,observation
670DBAF8-FDC6-5610-B206-BC660E5C9B76,observation_synthetic 3.csv,3441,observation
03743018-1F6C-5F0D-9D20-BF8B4218E2D6,observation_synthetic 3.csv,3442,observation
98F0FBC9-DB80-58EE-95A8-F5D1689D7B9D,observation_synthetic 3.csv,3443,observation
516ED954-0C47-5F78-A535-B6A426864264,observation_synthetic 3.csv,3444,observation
092D2E56-8F0D-5766-B9E4-1B0A14B520D2,observation_synthetic 3.csv,3445,observation
D159380D-D580-5275-8931-08D0570E5CB8,observation_synthetic 3.csv,3446,observation
BF3062CE-5291-578F-BC23-6AE0C1CDAAA0,observation_synthetic 3.csv,3447,observation
32FAD334-3DBE-5433-969D-F8E7D76A3A21,observation_synthetic 3.csv,3448,observation
9DF1B8B9-E593-528C-8B7E-11D7C1D69F2F,observation_synthetic 3.csv,3449,observation
AB12BF53-FF96-5808-927E-E2300C10BDA8,observation_synthetic 3.csv,3450,observation
39F34B0B-0BA9-5E66-ACCF-D878DB9A60F7,observation_synthetic 3.csv,3451,observation
30C26078-3427-5D5B-BC38-9136AFC85A89,observation_synthetic 3.csv,3452,observation
562A2F2C-A1C5-54C0-B73C-0832ACF9CA36,observation_synthetic 3.csv,3453,observation
69B024F0-2A26-5C0D-98BD-A33ED6668D64,observation_synthetic 3.csv,3454,observation
32F3DC22-7F0F-5D17-AEB6-D90BD49CA044,observation_synthetic 3.csv,3455,observation
60074BD2-D102-5F0A-9D3E-79276B8AD74C,observation_synthetic 3.csv,3456,observation
C8414B48-102B-597D-923C-5E9042F5320A,observation_synthetic 3.csv,3457,observation
3599B6D8-352B-5999-BC35-0EBEE3D4064A,observation_synthetic 3.csv,3458,observation
E597B410-5887-553D-9CCB-2C68083FD61F,observation_synthetic 3.csv,3459,observation
7E3A3F18-1AFD-5E79-A042-2D067E48E7F2,observation_synthetic 3.csv,3460,observation
A3CBF45B-9A73-5BDE-99C8-637D2039474A,observation_synthetic 3.csv,3461,observation
44A7655B-2CC8-5BC7-8DB6-0FD8A68ACAFA,observation_synthetic 3.csv,3462,observation
A4ADC53D-E9B3-54A8-8FFE-890924DDAE9B,observation_synthetic 3.csv,3463,observation
6339BD1F-04DD-58B5-8E34-40B64FFD9C6F,observation_synthetic 3.csv,3464,observation
11B63F94-CCA0-5040-ACFE-FC7814BA8F49,observation_synthetic 3.csv,3465,observation
2D9ABDE6-6D08-5D51-AB0F-242099A836FF,observation_synthetic 3.csv,3466,observation
C406AC14-69B0-5B25-BC81-67BD9A44EDD6,observation_synthetic 3.csv,3467,observation
8DB89351-1436-5CB0-A5CA-ECD2FA8E4D2B,observation_synthetic 3.csv,3468,observation
F9789993-33D2-5D99-A41D-02A5D7E0A8AB,observation_synthetic 3.csv,3469,observation
2771D0D4-D16A-59F3-893A-8617D829106E,observation_synthetic 3.csv,3470,observation
A0C3CB1F-B2FA-5ABF-A5D9-E6209C3EF4CC,observation_synthetic 3.csv,3471,observation
EDD53A6D-3A73-57FA-915D-FDF33BC1AE50,observation_synthetic 3.csv,3472,observation
5E1FE7FF-4EC3-587B-97D6-59832262A2BF,observation_synthetic 3.csv,3473,observation
56EE1BEE-0F15-526F-8EE4-4DC2A06B6A32,observation_synthetic 3.csv,3474,observation
99E57E51-3836-5E2A-8853-77C4AA61B5E2,observation_synthetic 3.csv,3475,observation
D4D57B02-8EEC-528D-B1E1-A3F3BB77053A,observation_synthetic 3.csv,3476,observation
9548A887-B5C3-5FB4-BD66-6F70AC929FD6,observation_synthetic 3.csv,3477,observation
82270B45-9CDC-5328-BABF-AE0421EC9705,observation_synthetic 3.csv,3478,observation
8B2C029D-2926-5670-A9DD-464CAD1D1B05,observation_synthetic 3.csv,3479,observation
E07F90EC-D105-57C4-B100-E1B99B370F99,observation_synthetic 3.csv,3480,observation
6702B059-5FEF-5CA6-9C9E-B5ED883319A9,observation_synthetic 3.csv,3481,observation
D846D081-E1D5-5094-8518-5A68E04DF4BC,observation_synthetic 3.csv,3482,observation
CF51E805-1FE4-57D2-8A46-D59BC495BB0D,observation_synthetic 3.csv,3483,observation
3B7A1B93-B6FD-555A-BBA9-F034FF4D2EB0,observation_synthetic 3.csv,3484,observation
1564508F-6659-5266-B2A3-BA6054DDCC42,observation_synthetic 3.csv,3485,observation
BCA8DE43-4013-5C3E-852B-4E1E86D7B7FA,observation_synthetic 3.csv,3486,observation
EFA0AC37-8876-5A86-A87C-B9113A8947F1,observation_synthetic 3.csv,3487,observation
7EDBC99C-F2D4-5777-BCA7-4B8F99C85248,observation_synthetic 3.csv,3488,observation
F26D7BF5-9D6C-5795-824C-33C2DDACD35B,observation_synthetic 3.csv,3489,observation
951B7B5D-5475-53F2-AD0D-5FBC91AD4073,observation_synthetic 3.csv,3490,observation
FA946FDE-841A-56BE-8BCF-1DF7C6A83552,observation_synthetic 3.csv,3491,observation
74AEBD5F-80D2-51F2-85CA-B4CE615A1FFF,observation_synthetic 3.csv,3492,observation
C0C82814-D4EA-5D27-AFEB-0E9D6133ED37,observation_synthetic 3.csv,3493,observation
882123AC-3B60-58DA-B5BC-C8F4E89F56D8,observation_synthetic 3.csv,3494,observation
290E3AA9-783D-52D2-9F94-F1E43CDCB9B7,observation_synthetic 3.csv,3495,observation
55343355-274E-5A1F-B202-7AC310C2285D,observation_synthetic 3.csv,3496,observation
0447A693-D912-5B48-BBC4-A6FF2E3DF2F1,observation_synthetic 3.csv,3497,observation
1B405F45-0E8B-5BE9-B34F-0F3DC4A644F4,observation_synthetic 3.csv,3498,observation
3462E868-7A11-54E9-8EA5-444B05B24E2E,observation_synthetic 3.csv,3499,observation
430A6E0B-4B38-54E8-BF43-CF06B4D58EE4,observation_synthetic 3.csv,3500,observation
9AE80F09-A7DD-5543-95E1-1112CCFDFE7A,observation_synthetic 3.csv,3501,observation
0A4BD578-518E-591D-A8B3-4A16D57742A7,observation_synthetic 3.csv,3502,observation
141926DA-D14A-530F-94C0-EC96DFA4D78D,observation_synthetic 3.csv,3503,observation
4C798ED6-1E58-5EB4-AF4E-D0263C569E64,observation_synthetic 3.csv,3504,observation
FE83A9E3-2889-5BF7-8A9C-4DA01AFD0418,observation_synthetic 3.csv,3505,observation
2426F21B-817A-5EE4-9977-CB927706D0CD,observation_synthetic 3.csv,3506,observation
E7CC9AE2-D21E-5851-9468-59F53CA59ADB,observation_synthetic 3.csv,3507,observation
7EE79FBF-C035-5F0C-AB58-2FFADC30235E,observation_synthetic 3.csv,3508,observation
8851B017-181C-5629-BE24-E7ECA967D2D3,observation_synthetic 3.csv,3509,observation
F483846C-D330-552E-B459-92414C6F1EAA,observation_synthetic 3.csv,3510,observation
060ABCC0-BACA-585B-B8BD-687670AB2327,observation_synthetic 3.csv,3511,observation
727529EC-7C07-500D-9FDD-73DF65B25FDC,observation_synthetic 3.csv,3512,observation
82FE5C52-29A5-537F-899F-7C8CC3FD2A8D,observation_synthetic 3.csv,3513,observation
476E93DB-C8A8-58F3-86B1-6D170CE99B17,observation_synthetic 3.csv,3514,observation
5E095D7F-3DE6-552D-9C99-A11A05DD134F,observation_synthetic 3.csv,3515,observation
8C79D515-91B9-552D-B842-B530E0BBA31D,observation_synthetic 3.csv,3516,observation
B9325B52-5E5D-5D11-8CAE-0AE084C906E4,observation_synthetic 3.csv,3517,observation
A578E57A-CB2A-58ED-B950-92F23C7FD783,observation_synthetic 3.csv,3518,observation
CD18CF21-B96B-5966-BB15-A95918EDFDAA,observation_synthetic 3.csv,3519,observation
C9C142FE-3C77-580C-B65E-ABBAC281C0F8,observation_synthetic 3.csv,3520,observation
29ABDB5C-EB5E-52FF-9117-ED7609DFA552,observation_synthetic 3.csv,3521,observation
CCDFFB13-4223-519E-AD57-CF3C39BF6D36,observation_synthetic 3.csv,3522,observation
833472C3-1309-56D0-83A9-ECEBE34A4FFB,observation_synthetic 3.csv,3523,observation
3A1E8C85-87F7-58F9-BB07-DB4AB0F17EC8,observation_synthetic 3.csv,3524,observation
FD30FBB9-53C2-5ED7-94BB-F66DFD612327,observation_synthetic 3.csv,3525,observation
7A092C2C-4B4A-5C9A-BCA8-2AF5E30325EA,observation_synthetic 3.csv,3526,observation
82625274-973C-5932-A22D-A1731528C94F,observation_synthetic 3.csv,3527,observation
72B4C28A-3872-5115-87CE-A3DC0C89E7E3,observation_synthetic 3.csv,3528,observation
D0FDA524-2B5C-50F8-833E-5056E0CDE606,observation_synthetic 3.csv,3529,observation
2BD132B6-3979-5701-BEAD-78C64C708776,observation_synthetic 3.csv,3530,observation
72914CE5-833F-5BDE-9F95-607C053AA78C,observation_synthetic 3.csv,3531,observation
E1BAD144-2298-5776-BFFB-2614E5D59B3C,observation_synthetic 3.csv,3532,observation
FCC6F673-1650-539E-BD78-F50830D4830B,observation_synthetic 3.csv,3533,observation
88A69FC5-5A6E-5CD3-B642-46F38CB5EF31,observation_synthetic 3.csv,3534,observation
5AC66B28-A41B-5F22-AE5B-1061FE730434,observation_synthetic 3.csv,3535,observation
FD007F73-9920-592A-9675-E1C4701100EF,observation_synthetic 3.csv,3536,observation
1ADA3E8C-9D80-5059-846D-D680F7FCBB27,observation_synthetic 3.csv,3537,observation
AE813D64-81BB-506F-8F96-95397F99D08E,observation_synthetic 3.csv,3538,observation
A5C1C118-ECFC-5EE1-98AA-61021E795D61,observation_synthetic 3.csv,3539,observation
6AE3A1A1-7A2B-5765-BF4D-AB46186D6C4C,observation_synthetic 3.csv,3540,observation
6E29FBF9-1229-54CD-BD8E-714DFB00B9D4,observation_synthetic 3.csv,3541,observation
18C63DAC-72B5-5DA8-9875-F6ACD6C1A409,observation_synthetic 3.csv,3542,observation
D7963530-DD5C-5437-A240-DD1282369254,observation_synthetic 3.csv,3543,observation
D521FEA8-947A-5449-9E10-4797CE13EE0E,observation_synthetic 3.csv,3544,observation
56624B5A-CE4A-508F-931B-33622E3A7A7E,observation_synthetic 3.csv,3545,observation
D1D8A9B4-6BED-5B55-8BF1-EF772E187D90,observation_synthetic 3.csv,3546,observation
4054286F-5713-52A3-8EE4-BABD2345729C,observation_synthetic 3.csv,3547,observation
1DCCA43B-5414-5CE3-BC19-B97D6F2E32C3,observation_synthetic 3.csv,3548,observation
3F44B45A-8053-5AB9-8352-38911609B000,observation_synthetic 3.csv,3549,observation
3B7DFCF2-FCE7-57E5-982D-473EB4681190,observation_synthetic 3.csv,3550,observation
08F37F76-3303-53AB-AB9A-279E12447CB3,observation_synthetic 3.csv,3551,observation
62638336-D7C4-58A8-B687-9DCCD5BBAD95,observation_synthetic 3.csv,3552,observation
0E1771DC-7E95-5BDC-B7B2-E7295D48230A,observation_synthetic 3.csv,3553,observation
E4E18B0A-6136-563D-BC05-2C54A65F8DDF,observation_synthetic 3.csv,3554,observation
97B1AE93-CC79-59EA-9E10-660300520044,observation_synthetic 3.csv,3555,observation
35CF3C87-F80F-5BC6-B0E6-73C0477F1AE9,observation_synthetic 3.csv,3556,observation
F9CF1E00-AA0A-53CC-838C-44F27C64448C,observation_synthetic 3.csv,3557,observation
A41A22E3-A636-5E01-AA53-0A44E863EEB7,observation_synthetic 3.csv,3558,observation
B73A1C57-988D-540C-88AA-ECA8E06A70E8,observation_synthetic 3.csv,3559,observation
1162A853-D007-508B-8035-1C6C0B5C8963,observation_synthetic 3.csv,3560,observation
72615B20-74DF-5A93-B772-8756BD997BEE,observation_synthetic 3.csv,3561,observation
DD4B7057-7B95-5D00-BAE7-FB697535CB11,observation_synthetic 3.csv,3562,observation
6F8696D0-5E11-5B5B-99A8-E93493E1BC60,observation_synthetic 3.csv,3563,observation
CE0CE0E2-5EAF-5518-9807-198AFA172C82,observation_synthetic 3.csv,3564,observation
7AF6A2CB-EBA1-52F2-B14C-727B5E9A7CB9,observation_synthetic 3.csv,3565,observation
D4D219B2-9297-5E60-91C3-4DF24F73F22D,observation_synthetic 3.csv,3566,observation
9B5267B8-23DE-5CC8-822D-D1BE5E0140D2,observation_synthetic 3.csv,3567,observation
0F0ACE5D-7116-5DC9-B731-8D43CE182943,observation_synthetic 3.csv,3568,observation
69F3DE67-11E1-5C99-9BA5-6E239866DDEB,observation_synthetic 3.csv,3569,observation
9C47F7F8-BA77-5F65-9EE2-E96FB6A696C0,observation_synthetic 3.csv,3570,observation
70424C9F-6DBB-57B1-9787-82F5E243393C,observation_synthetic 3.csv,3571,observation
896CC388-8916-50E4-B458-ADE622926D26,observation_synthetic 3.csv,3572,observation
E0C14BA1-7878-580E-87B6-678C4B7C5598,observation_synthetic 3.csv,3573,observation
C7949559-B18F-53C0-8E0E-D4C21F159650,observation_synthetic 3.csv,3574,observation
193DFF6C-6F1E-538D-9FC8-B73D677808C8,observation_synthetic 3.csv,3575,observation
A3851A15-C588-585F-B073-445055EFBC3B,observation_synthetic 3.csv,3576,observation
4D3E0008-9AE7-5E2C-98CF-8099F48C7656,observation_synthetic 3.csv,3577,observation
E8ACE28A-B7CB-5CAF-93E6-38FB65C69ED8,observation_synthetic 3.csv,3578,observation
AF4531C5-221C-56DB-8D4D-234C09D5B5CF,observation_synthetic 3.csv,3579,observation
676A6AD9-DFD8-534C-AA8B-889795B9A678,observation_synthetic 3.csv,3580,observation
1FF5122F-2BEA-5B1D-BE62-A451CD115B44,observation_synthetic 3.csv,3581,observation
0B433C10-970A-5292-9D8D-2C58F9760616,observation_synthetic 3.csv,3582,observation
DCCC6A9D-90CB-5181-92BC-A28A98049E5E,observation_synthetic 3.csv,3583,observation
95E33979-A843-5C8A-89EB-9901838593A1,observation_synthetic 3.csv,3584,observation
FF329ADB-1146-5776-AD64-1C10DD6612BE,observation_synthetic 3.csv,3585,observation
44D44125-5EEC-5B5B-9B9B-21439637A3C4,observation_synthetic 3.csv,3586,observation
3020B801-03D7-52D8-B0CA-98A77E42B263,observation_synthetic 3.csv,3587,observation
2B12DAC5-D128-522E-8206-01377071463D,observation_synthetic 3.csv,3588,observation
85187AE1-6820-57D9-B0E4-57C087DC52D2,observation_synthetic 3.csv,3589,observation
FB190DF2-EB30-5936-87F9-C4A766AF0632,observation_synthetic 3.csv,3590,observation
F190A6D3-FDA2-5361-8E10-6BB93D544C56,observation_synthetic 3.csv,3591,observation
46D1C747-7C4B-51F1-AA48-E7493F42CFA8,observation_synthetic 3.csv,3592,observation
FC051ACF-B00F-5304-8B63-94FD4220F94A,observation_synthetic 3.csv,3593,observation
5B79C501-5BEB-5D42-BD2D-66FED18BF630,observation_synthetic 3.csv,3594,observation
71F29DD7-2E0B-5E0D-A8B9-A4C5821709AE,observation_synthetic 3.csv,3595,observation
393EE00D-06BA-5FC5-B5ED-E3478C314407,observation_synthetic 3.csv,3596,observation
E316083C-5DED-5ADA-8048-C6638366F7B7,observation_synthetic 3.csv,3597,observation
5DF15C92-18D1-5B51-9CF0-D84EB808489D,observation_synthetic 3.csv,3598,observation
0B14D977-F6EF-522E-8B4A-B839A094F57D,observation_synthetic 3.csv,3599,observation
12439E97-067D-5C0C-A37D-2CD5279F7508,observation_synthetic 3.csv,3600,observation
1EB179D3-E14F-5E55-BD41-81A87504BCA5,observation_synthetic 3.csv,3601,observation
3FF60E74-4D65-5748-BF36-11DA6BEF1044,observation_synthetic 3.csv,3602,observation
AD0815B7-2154-5826-A4ED-79D782CA0EA8,observation_synthetic 3.csv,3603,observation
0C1736F7-45B6-509C-9A91-F368FA0F222B,observation_synthetic 3.csv,3604,observation
9DF1F111-62B0-5356-8F1F-39548E1F6BBB,observation_synthetic 3.csv,3605,observation
BE1B60C7-1F2B-5863-AB9D-BBEA9EAE5D34,observation_synthetic 3.csv,3606,observation
839FAC2A-8AFA-51E2-9B1F-54E0F60FE6A7,observation_synthetic 3.csv,3607,observation
F5CCF57B-6AB9-59CB-9947-E1889F45AC43,observation_synthetic 3.csv,3608,observation
95FDFD49-2A67-5630-8EA0-209A77A4270A,observation_synthetic 3.csv,3609,observation
5D3827AB-BB01-5615-90DA-CD1023A22DE9,observation_synthetic 3.csv,3610,observation
D53FCC87-5DB7-5E59-B393-DE29CF1F5707,observation_synthetic 3.csv,3611,observation
3575CB74-080C-569F-8CE9-AFAA6205EE95,observation_synthetic 3.csv,3612,observation
9014B9ED-76A0-54AE-BC03-65381E67F53E,observation_synthetic 3.csv,3613,observation
99CB0E60-5802-5FDC-8FEB-F5F3FAF24F4D,observation_synthetic 3.csv,3614,observation
B14A5104-72D9-577B-BB0B-03D7B42DC74C,observation_synthetic 3.csv,3615,observation
19C7989D-D91A-5D36-8EAE-B2FDB8AE3A0F,observation_synthetic 3.csv,3616,observation
9C5AD4EF-EFDD-581D-957A-6F0D5F6CB8C1,observation_synthetic 3.csv,3617,observation
8060F638-9E62-5351-8D74-CC22D3EBACAD,observation_synthetic 3.csv,3618,observation
986EADA8-03C0-59A6-800B-73BB60524C13,observation_synthetic 3.csv,3619,observation
C1005982-01D4-5703-BFEB-9A2BC0D79644,observation_synthetic 3.csv,3620,observation
151D012C-0412-529D-925A-419E461544AC,observation_synthetic 3.csv,3621,observation
EA4059D0-A9CE-5965-A01D-A3932E9F1BA1,observation_synthetic 3.csv,3622,observation
BBCDB2EF-D7A5-5507-9D6C-4ECD2692F430,observation_synthetic 3.csv,3623,observation
23A7F5F6-081E-51DA-AD53-222F51732967,observation_synthetic 3.csv,3624,observation
3B1D7BFA-2217-526C-8940-E514F6C88588,observation_synthetic 3.csv,3625,observation
A19F9E3F-412F-5A4A-89BC-74FF76F41665,observation_synthetic 3.csv,3626,observation
D8BFBF16-1F5F-52B8-B3D5-A3C7B1D8FA11,observation_synthetic 3.csv,3627,observation
2A97482A-9FC6-537D-85E1-7F86FD72CAB8,observation_synthetic 3.csv,3628,observation
F2CA391B-BB25-5338-8010-FEECFE8226B9,observation_synthetic 3.csv,3629,observation
0FED8C4D-41A4-5F3B-9E5E-96D5AC5C9BD0,observation_synthetic 3.csv,3630,observation
B8E022C2-4285-5CC6-A69C-E3EEE03AFBBF,observation_synthetic 3.csv,3631,observation
0C269B93-C9AD-5DC0-A1E4-0AD2C58CBACF,observation_synthetic 3.csv,3632,observation
211CD887-7A37-52CC-9951-87FA24445C16,observation_synthetic 3.csv,3633,observation
3F152960-0300-504A-89D7-A1E95A093736,observation_synthetic 3.csv,3634,observation
810CD3AF-B753-51BA-B112-C20EEF3A38C9,observation_synthetic 3.csv,3635,observation
E966A207-4D1F-5744-A0C5-A58C51A2CA52,observation_synthetic 3.csv,3636,observation
7651F911-EDEE-509F-9CF0-5050BC04DF12,observation_synthetic 3.csv,3637,observation
FBF38C4C-871E-54A9-93B6-B0413E17F05D,observation_synthetic 3.csv,3638,observation
0777B2B0-3E28-53EF-BA1C-F6E894B70712,observation_synthetic 3.csv,3639,observation
DBCBC8ED-5ED7-5CB3-94FF-CDF5D52AE731,observation_synthetic 3.csv,3640,observation
5771F9F1-A6C2-5B01-B99D-2DAB7E13D314,observation_synthetic 3.csv,3641,observation
07F15D97-A770-53FB-B2B3-B040E7DEE0A5,observation_synthetic 3.csv,3642,observation
A06B0673-0782-583B-8E7C-63E2A62CD980,observation_synthetic 3.csv,3643,observation
A19C35CF-9875-5FE4-9F64-281B14D24587,observation_synthetic 3.csv,3644,observation
01CCDBD0-E017-5E2E-8446-A88BD80F93E4,observation_synthetic 3.csv,3645,observation
271A63FF-558E-5E4E-A810-C81527B38B71,observation_synthetic 3.csv,3646,observation
89CAB387-D49D-50B2-A968-1F715C83C3EC,observation_synthetic 3.csv,3647,observation
309939EC-9C37-5B52-867D-0781CEE5B3B1,observation_synthetic 3.csv,3648,observation
7F07147D-5716-5DE0-B9BA-B8A22F858A5E,observation_synthetic 3.csv,3649,observation
C49E728D-4CFA-50C4-8870-56791524B5DE,observation_synthetic 3.csv,3650,observation
23BF2563-766F-5C3C-A2A1-1FD5F1631500,observation_synthetic 3.csv,3651,observation
E262D1B0-05C6-5B85-8AB5-ADB2C3285AAB,observation_synthetic 3.csv,3652,observation
3EAB042B-133F-58E9-80B0-0A7C19A42B04,observation_synthetic 3.csv,3653,observation
0A1D9C10-6D4F-5FC3-B380-94F619A0D93A,observation_synthetic 3.csv,3654,observation
096C0708-C174-5702-A8B5-44883FFA5593,observation_synthetic 3.csv,3655,observation
B74C3E8F-46EF-54D8-8074-AADEF4598D06,observation_synthetic 3.csv,3656,observation
391DC3EA-E8D6-5B4E-A6CF-4D594C0D14B1,observation_synthetic 3.csv,3657,observation
EC715E5B-25A4-5C9A-81A3-F4293481A5CA,observation_synthetic 3.csv,3658,observation
EE0A4877-E534-561C-A68A-583C728E978E,observation_synthetic 3.csv,3659,observation
082E855A-C9E8-5734-A247-A770654DD832,observation_synthetic 3.csv,3660,observation
36B0D835-E584-5929-90FD-D5EBEF76AB5D,observation_synthetic 3.csv,3661,observation
E2D6075F-0D94-5073-AB1B-5EAE008D28CD,observation_synthetic 3.csv,3662,observation
BDDDBFA4-48CD-5544-B6EB-FEE3136B5825,observation_synthetic 3.csv,3663,observation
0771185B-85A0-568F-8FBA-B91DB2289045,observation_synthetic 3.csv,3664,observation
D2F2CB5D-209B-5FB1-9375-2F1A5E5E476D,observation_synthetic 3.csv,3665,observation
6608C7F0-63B3-5EF9-8619-9FD2B132B8A3,observation_synthetic 3.csv,3666,observation
964D203D-EE52-567F-9A5C-94FDD1775B15,observation_synthetic 3.csv,3667,observation
277A7134-FA5D-5C58-A758-221D021E55AF,observation_synthetic 3.csv,3668,observation
6256F9CA-69FF-55B6-BF63-618FEC1AC382,observation_synthetic 3.csv,3669,observation
7A9039C0-C9A5-5A29-96AA-497EB7C6CA3D,observation_synthetic 3.csv,3670,observation
B68EE69C-2F2A-525D-A31B-C45BAABD4731,observation_synthetic 3.csv,3671,observation
D8180DEE-B81D-58E6-B4FE-97B4C6212021,observation_synthetic 3.csv,3672,observation
BBA854D6-E25F-5FB3-A8BE-A32F60388944,observation_synthetic 3.csv,3673,observation
67A096E3-FC99-5F0C-B0D7-43870A848462,observation_synthetic 3.csv,3674,observation
5457DCAD-6EBB-5F8C-81C9-D1175506D2F4,observation_synthetic 3.csv,3675,observation
302EED05-CECF-55EA-B5B4-DE22D0D30C19,observation_synthetic 3.csv,3676,observation
9D20458E-9654-5215-8EE6-00C71BA95C4C,observation_synthetic 3.csv,3677,observation
8C53F784-4F67-5DC7-A910-D4E072C9857F,observation_synthetic 3.csv,3678,observation
F6AE829D-9DDD-5F93-B0C1-05E8DA9E9E2B,observation_synthetic 3.csv,3679,observation
02ABE5EB-58F3-558E-8354-8799B558B280,observation_synthetic 3.csv,3680,observation
66E425D8-1CA4-541E-979D-2EE47496B2A1,observation_synthetic 3.csv,3681,observation
C2B086D6-BA2B-5E5C-B752-E1C5713B0DC9,observation_synthetic 3.csv,3682,observation
D020185A-3B5C-5F89-AA1A-2BFF1708AB5B,observation_synthetic 3.csv,3683,observation
907AA399-65A7-5441-AC4C-D5C5DC34BD41,observation_synthetic 3.csv,3684,observation
F78A8702-DC74-58A2-9613-2913F732205E,observation_synthetic 3.csv,3685,observation
7AABA34F-DBEF-5A69-83CA-CF532A6D5FDB,observation_synthetic 3.csv,3686,observation
21C0246D-104A-5C22-90B9-F5DA613AA6A0,observation_synthetic 3.csv,3687,observation
2B0DE891-D34C-5989-92C1-E3C1A79D9D71,observation_synthetic 3.csv,3688,observation
4504C4E3-BE7A-52FC-A181-B79EF8DF641C,observation_synthetic 3.csv,3689,observation
39E769A1-DC55-5495-9B17-7A71FA71B917,observation_synthetic 3.csv,3690,observation
19F42720-444D-560C-B00B-ACED89F74095,observation_synthetic 3.csv,3691,observation
FC1F5C35-EE0C-599A-9341-0DBF03CEF7EA,observation_synthetic 3.csv,3692,observation
9E14F880-6518-52C9-AE76-9FD6594906BE,observation_synthetic 3.csv,3693,observation
E1B87893-DAD5-5706-997E-D9E4232B457D,observation_synthetic 3.csv,3694,observation
1FABDF7B-2D65-5F5D-A505-A7BA5167E8D2,observation_synthetic 3.csv,3695,observation
09DFD90D-6BBE-58DC-AE5D-11B13D87C6A1,observation_synthetic 3.csv,3696,observation
9347D671-FAB0-5686-9EB3-E2570B4BE193,observation_synthetic 3.csv,3697,observation
69DB9ED8-E005-5FE7-BA54-9C309925F5F9,observation_synthetic 3.csv,3698,observation
62D54D8E-4EC2-5690-81BC-FAFDCAF0EC4F,observation_synthetic 3.csv,3699,observation
F79F0962-2A9D-588A-91B2-354D83E18B77,observation_synthetic 3.csv,3700,observation
03A16741-FAF9-5BCB-ACFF-95E19A4F157D,observation_synthetic 3.csv,3701,observation
117EE4DA-A095-597D-8F96-8843AC540AD5,observation_synthetic 3.csv,3702,observation
FF4D02B3-BFD9-5E91-A7A1-04E82906CA5F,observation_synthetic 3.csv,3703,observation
1464205C-3017-53F3-8012-467378011073,observation_synthetic 3.csv,3704,observation
C63B88C7-65CF-5737-8273-83F1C5A6CC96,observation_synthetic 3.csv,3705,observation
55AE95DD-CB39-5C85-904F-EE23D700AE61,observation_synthetic 3.csv,3706,observation
82EBEC60-AA2B-5912-B0D5-6E3863F8DBCB,observation_synthetic 3.csv,3707,observation
30EB1835-0CA3-58AE-A143-DEA5342B2CF0,observation_synthetic 3.csv,3708,observation
3C0F1CC6-4591-5F8A-975F-7832BF52A355,observation_synthetic 3.csv,3709,observation
6415B23D-D098-5167-A891-BAF58963CABF,observation_synthetic 3.csv,3710,observation
5A8B33C7-ED95-5AF8-9D9D-466CFE15C5BD,observation_synthetic 3.csv,3711,observation
C534E38D-C759-574A-B2B6-6B3E89C9D17F,observation_synthetic 3.csv,3712,observation
1A1363B5-740E-594E-A95E-E9E3FB910328,observation_synthetic 3.csv,3713,observation
176FA2D4-2213-5D62-BD6F-B74EBF9B94BF,observation_synthetic 3.csv,3714,observation
9E946766-E43D-5165-81B6-EDDE7C196F07,observation_synthetic 3.csv,3715,observation
F8CF6EFE-49C2-5B8B-B970-1C8F5250435F,observation_synthetic 3.csv,3716,observation
9EF06742-F831-58A2-A7A9-3C2A03D1D251,observation_synthetic 3.csv,3717,observation
0365EF4F-E170-5152-9155-7D6AAEDBF75D,observation_synthetic 3.csv,3718,observation
91043E8E-B30F-58EE-9689-07292FEEED43,observation_synthetic 3.csv,3719,observation
2A1E1A59-ED2F-5EA0-AE38-D40969FD96FE,observation_synthetic 3.csv,3720,observation
1FA7F5D1-9E4D-5F53-AF0C-FAB23F328BCA,observation_synthetic 3.csv,3721,observation
AE6E7DC5-3C8A-5197-A3C5-28638276485C,observation_synthetic 3.csv,3722,observation
C4A78148-41A6-5E89-8BC5-238C04B48B8D,observation_synthetic 3.csv,3723,observation
E6A79EA4-A07F-5594-B2F7-EF32595B0265,observation_synthetic 3.csv,3724,observation
FAC6D64D-2544-583B-87F6-61206B6BAE23,observation_synthetic 3.csv,3725,observation
E16A1F73-7165-50E7-8743-08F21CB4E26A,observation_synthetic 3.csv,3726,observation
EC929B00-5C30-563A-8268-73EC5B2242B7,observation_synthetic 3.csv,3727,observation
171AC71B-6CE1-51BD-8672-20BFCA1F7135,observation_synthetic 3.csv,3728,observation
29C5B575-C142-5A7D-844D-2921B492EA33,observation_synthetic 3.csv,3729,observation
70E8A386-F6F4-5CFF-8024-C1CA4BE6776E,observation_synthetic 3.csv,3730,observation
27FE7B8E-81F1-5FE6-A310-FF485162BC46,observation_synthetic 3.csv,3731,observation
5F50BAE8-9D0A-58CA-8ABB-861F4C05D725,observation_synthetic 3.csv,3732,observation
3E48C627-7FCC-551B-9121-56858340B952,observation_synthetic 3.csv,3733,observation
533C0354-0059-5435-AD75-1C51C27DD1F3,observation_synthetic 3.csv,3734,observation
28E804A9-3233-50E1-9059-F4C36D487D0E,observation_synthetic 3.csv,3735,observation
9164619F-6454-5F21-8B48-FF77CD5D933D,observation_synthetic 3.csv,3736,observation
2C1DBA83-758D-547C-AB42-BEBEA245ED5F,observation_synthetic 3.csv,3737,observation
125A2E51-99D4-52AE-9AD1-8C371FA12D45,observation_synthetic 3.csv,3738,observation
AA6519BA-3C1E-521D-A866-4E0E31B6C586,observation_synthetic 3.csv,3739,observation
301D67A6-C5A1-5803-991F-E9299BB66B40,observation_synthetic 3.csv,3740,observation
B5153F2F-4E5C-59A4-81E7-A2D5ED877C46,observation_synthetic 3.csv,3741,observation
01F8E9DB-9B09-5D59-932C-FFFB2DAB75CD,observation_synthetic 3.csv,3742,observation
2FCEE279-3EDE-55A5-A7A8-5C2B750E197C,observation_synthetic 3.csv,3743,observation
283D90D6-06E4-53E0-8B07-882036B10C67,observation_synthetic 3.csv,3744,observation
EBE84A78-AE1A-5B63-A628-1F6220E82304,observation_synthetic 3.csv,3745,observation
1D1C58C4-5CAC-53D0-9ADF-60DF6C17262C,observation_synthetic 3.csv,3746,observation
60C0F7D7-28B3-5EDC-843D-14CF29A72313,observation_synthetic 3.csv,3747,observation
7A610F58-DAC9-5959-965F-CF8C32E8A7A5,observation_synthetic 3.csv,3748,observation
C89B33D4-F936-5938-AC14-33DD88F9FBB2,observation_synthetic 3.csv,3749,observation
44D570E5-DF04-5935-A6F8-1908AAAB6B45,observation_synthetic 3.csv,3750,observation
01576FF4-62AE-56A1-9609-506BD99275BC,observation_synthetic 3.csv,3751,observation
D839F130-1695-5473-A23B-0E6EA635F91F,observation_synthetic 3.csv,3752,observation
20B3DE23-0454-50AA-A25F-4DD62B5BE88B,observation_synthetic 3.csv,3753,observation
CED2BC51-1D16-5C3F-AC5A-FD28249ACC75,observation_synthetic 3.csv,3754,observation
E9E08E41-6F25-5BB8-858B-457E4E52DECF,observation_synthetic 3.csv,3755,observation
93EC5DF8-FD51-57F8-B2F1-ACD8431A380D,observation_synthetic 3.csv,3756,observation
0A786945-845A-5AE0-97B0-474ACBC6911E,observation_synthetic 3.csv,3757,observation
F4856EF9-1859-58EC-A73B-D1F4064CAABE,observation_synthetic 3.csv,3758,observation
8E6D77EC-41F5-5E09-AAFB-FAF7015C3AC6,observation_synthetic 3.csv,3759,observation
51C4C688-5741-5884-BE36-BFFFDD0485E4,observation_synthetic 3.csv,3760,observation
D8DD87E9-BC88-5B6D-A84C-36A12E9A827A,observation_synthetic 3.csv,3761,observation
F23C1705-3CD7-5C1A-9D0B-484972392E62,observation_synthetic 3.csv,3762,observation
B188A284-6AD8-5D46-A14C-12CA2E598DE9,observation_synthetic 3.csv,3763,observation
06B7D21C-4327-57E2-9387-B05CC3955292,observation_synthetic 3.csv,3764,observation
EA3D8165-0E7D-55C2-B933-E5CFFBB681EF,observation_synthetic 3.csv,3765,observation
C2B077B0-A6C4-5E82-ADD7-F5C01F05AF9E,observation_synthetic 3.csv,3766,observation
5DE4ABA1-DFB7-5089-B080-6BBA64E843E0,observation_synthetic 3.csv,3767,observation
150DE993-5707-56E8-A6F1-721CADA45F83,observation_synthetic 3.csv,3768,observation
62AFE829-B2BD-5CF7-8A6E-ED4552BDD224,observation_synthetic 3.csv,3769,observation
3DB43C1B-7B5C-5822-9584-7BC492B5353F,observation_synthetic 3.csv,3770,observation
5DDACB5A-F1C1-54E5-B792-6CDC207874E1,observation_synthetic 3.csv,3771,observation
C209079C-8EC9-5F0F-BB36-80CE3103D5FA,observation_synthetic 3.csv,3772,observation
C581B67C-0B72-5134-B7F5-734A2C2E9309,observation_synthetic 3.csv,3773,observation
DE1D7E79-2B7D-5B87-A2F5-7576705740A2,observation_synthetic 3.csv,3774,observation
149EA953-D74C-5CD8-9F25-FF4BFC8302AD,observation_synthetic 3.csv,3775,observation
F74FF0AC-637B-539F-89D9-3F76CB1B3EDD,observation_synthetic 3.csv,3776,observation
D4D4437C-C3C5-5C8E-A570-E108C6F2B461,observation_synthetic 3.csv,3777,observation
FD5342B2-F17E-51CA-BF00-1CA7242B41B2,observation_synthetic 3.csv,3778,observation
BAEFFF85-1A2C-5203-9F27-28DCA66CECAF,observation_synthetic 3.csv,3779,observation
384883A7-23A7-5D98-8329-55209B160FE5,observation_synthetic 3.csv,3780,observation
E16DF1FC-31B2-5A09-A486-3D680729AEAD,observation_synthetic 3.csv,3781,observation
82534552-0808-5C14-A0D3-549E720576F4,observation_synthetic 3.csv,3782,observation
0EB3A7A5-C366-5DB5-8BBA-AEC1C83E31FC,observation_synthetic 3.csv,3783,observation
180D78BE-2FC7-59AD-80FB-593903B632B7,observation_synthetic 3.csv,3784,observation
6FE122F2-AF32-51FC-8A7E-EA0BABDC65C2,observation_synthetic 3.csv,3785,observation
C1F7ACA6-616D-5DA1-AA7E-29F1CBD26761,observation_synthetic 3.csv,3786,observation
6D31F557-2EC9-529E-9B28-90CBE902F161,observation_synthetic 3.csv,3787,observation
E0686CCA-F035-56F7-88CC-5E99D91420CF,observation_synthetic 3.csv,3788,observation
F374C236-12ED-5125-BE44-FBBE2D200207,observation_synthetic 3.csv,3789,observation
E49F8F03-166E-5C29-9F60-9DB91FBFD0D7,observation_synthetic 3.csv,3790,observation
9C58FE49-00EE-5949-AC9B-4CAEB72BD3B2,observation_synthetic 3.csv,3791,observation
70E3ADA1-C4B8-5EA6-8949-068AC848AD32,observation_synthetic 3.csv,3792,observation
5C6C75EE-93A7-5BCE-B940-48A53F945EFF,observation_synthetic 3.csv,3793,observation
F3DB1BCB-D540-5909-8D0A-728C3EAD397D,observation_synthetic 3.csv,3794,observation
28A37D0C-294D-56BC-943B-B8F59EE6574C,observation_synthetic 3.csv,3795,observation
5E3CC395-13B6-515D-8AA4-4EBFA0D66885,observation_synthetic 3.csv,3796,observation
B28C277D-59E0-53C1-9942-335A04B15AAE,observation_synthetic 3.csv,3797,observation
B90A26F6-F3CD-5FDE-B503-D04E038BBEE2,observation_synthetic 3.csv,3798,observation
1FF2AA03-C84A-5917-8D6F-E48D6E19489D,observation_synthetic 3.csv,3799,observation
6AA65E68-6E60-5957-9CFA-DD45B9ABF69E,observation_synthetic 3.csv,3800,observation
F307AA50-47C4-5614-8444-A80C7B3DC6C9,observation_synthetic 3.csv,3801,observation
56480CED-0D61-5BC6-A02D-8D744B80AE28,observation_synthetic 3.csv,3802,observation
C69AEEB1-FB0B-5CAA-A826-A0C26E3DD06D,observation_synthetic 3.csv,3803,observation
D07952D9-7897-55A8-8CC8-8469BE87AA18,observation_synthetic 3.csv,3804,observation
2F42304C-16AD-5972-8BF7-8CE45A938313,observation_synthetic 3.csv,3805,observation
53A4D2A0-16FE-5080-8308-4BA86B0AAA74,observation_synthetic 3.csv,3806,observation
45EBDBAA-0665-5DC7-8ADB-E1AD8863FF77,observation_synthetic 3.csv,3807,observation
2CFB3B78-7CB9-5BD7-BD06-505A0DA28AD4,observation_synthetic 3.csv,3808,observation
6AED2E34-6AB4-5D6E-B6A4-60BEF027C195,observation_synthetic 3.csv,3809,observation
1D219DCE-AD21-5EDF-80E8-B302D0AFA771,observation_synthetic 3.csv,3810,observation
E79822DC-652B-5D05-B162-FE00D0F2F649,observation_synthetic 3.csv,3811,observation
965EFB82-62C3-52A5-811D-09E9077475FE,observation_synthetic 3.csv,3812,observation
BC2F76B0-AACD-5C45-9E93-55DB65D0FA80,observation_synthetic 3.csv,3813,observation
034DBCA0-8284-5AB5-BEBC-7031A3B89153,observation_synthetic 3.csv,3814,observation
4D110EE2-B231-5212-B85F-2FE280A098D1,observation_synthetic 3.csv,3815,observation
158B0B50-46AC-51B5-B72D-3BD58654BC89,observation_synthetic 3.csv,3816,observation
DFB900FC-E87A-5857-A8FC-53C30B4E97D9,observation_synthetic 3.csv,3817,observation
5A5332FD-8506-5E1D-94B6-3452B82A9069,observation_synthetic 3.csv,3818,observation
D02453D8-C034-546A-8F4A-98D72EFC9D5D,observation_synthetic 3.csv,3819,observation
FFEF8417-026D-53D4-ABDB-6C9D265EE83B,observation_synthetic 3.csv,3820,observation
9ADF03D8-4263-5409-A79F-2785EF2AD9E3,observation_synthetic 3.csv,3821,observation
3CB57B0F-7E79-5BEB-9945-056F2EFE342E,observation_synthetic 3.csv,3822,observation
6AF9B006-2838-571C-AF3F-9E7A5D090D9B,observation_synthetic 3.csv,3823,observation
DD742234-33A6-563F-ABE0-36C340619DF0,observation_synthetic 3.csv,3824,observation
B7F6AC35-55A3-52E7-ABE1-943AA0097A4E,observation_synthetic 3.csv,3825,observation
012D6D13-4E19-5565-9161-869DE9457C35,observation_synthetic 3.csv,3826,observation
DBAE0C56-CBC7-5675-AAB6-148B7E4933BD,observation_synthetic 3.csv,3827,observation
4E19F71D-4F58-5512-BF1B-97C32AAE2061,observation_synthetic 3.csv,3828,observation
2BD1CBEC-1875-5CD6-A2F6-D03BEB61E0FA,observation_synthetic 3.csv,3829,observation
A9B6D4FD-28A1-5056-BA4D-8ED2F01A56F6,observation_synthetic 3.csv,3830,observation
120A821A-DFBA-5ABF-A178-FD6054393C9A,observation_synthetic 3.csv,3831,observation
F65F374E-4774-5D48-AC74-1C24AA317352,observation_synthetic 3.csv,3832,observation
830882E3-3A13-53F4-9A72-3FF4E4F455BE,observation_synthetic 3.csv,3833,observation
B8DDE293-4EE6-5149-B871-003FEA7A501F,observation_synthetic 3.csv,3834,observation
5AD6209F-FEF3-5F68-BD32-CCD4661D7E17,observation_synthetic 3.csv,3835,observation
3F22F710-EBEA-5C86-AE8B-190FDCA6C161,observation_synthetic 3.csv,3836,observation
15B39A2C-3B32-5571-AD76-ADE141D49C7D,observation_synthetic 3.csv,3837,observation
770AE817-9FA6-589B-8613-589B6E9E3EDD,observation_synthetic 3.csv,3838,observation
A982C659-0554-5C45-867D-A66FEAE636CD,observation_synthetic 3.csv,3839,observation
C529120D-764B-5CF4-8C33-9F8ED2DE8F54,observation_synthetic 3.csv,3840,observation
8D8CF27B-7B02-5E28-B7AF-33359F3B591F,observation_synthetic 3.csv,3841,observation
7171C0DA-C2FA-592C-83AE-24D5C3E972BD,observation_synthetic 3.csv,3842,observation
CA86BBA3-784F-59F4-9084-C159AC40ACFE,observation_synthetic 3.csv,3843,observation
4B0DDA69-EEA9-5C32-8D1D-B35929915EB5,observation_synthetic 3.csv,3844,observation
C55B8C2D-B531-5941-8BA0-6DA62FA70610,observation_synthetic 3.csv,3845,observation
BB90756A-D469-56E0-B26B-FE68179EF4AB,observation_synthetic 3.csv,3846,observation
3A5ED5C4-AAA9-57BE-A026-F6A6749658E1,observation_synthetic 3.csv,3847,observation
DFA76A01-484B-54B4-B08B-F4DD5EDDDE17,observation_synthetic 3.csv,3848,observation
B68D985B-83E6-5DC0-AC5F-F52AE9333E4A,observation_synthetic 3.csv,3849,observation
A6C8EED8-2D50-5A90-A743-97E700276C43,observation_synthetic 3.csv,3850,observation
A28C7431-68EC-5382-8F4B-51B172EBA593,observation_synthetic 3.csv,3851,observation
DD23B19C-A653-539C-AA54-A2F3D631AF86,observation_synthetic 3.csv,3852,observation
F608B1C5-9589-5729-8821-0C7104FAC43F,observation_synthetic 3.csv,3853,observation
6D3FA264-4FF6-5552-AF09-68440ED92EA5,observation_synthetic 3.csv,3854,observation
24DAF65A-AF5E-536B-9892-F3376341070C,observation_synthetic 3.csv,3855,observation
E9BD12BC-199F-5FEE-8F21-3B0F87F41DB7,observation_synthetic 3.csv,3856,observation
547EF86D-55C0-5840-957F-63134015BCF7,observation_synthetic 3.csv,3857,observation
00DBCE93-C947-5C96-A40C-E6125B920EEC,observation_synthetic 3.csv,3858,observation
FDE06FD0-36F4-5BE6-8683-55A12525DE09,observation_synthetic 3.csv,3859,observation
3940B5FF-C704-5EBD-BD82-BAFA381CAF84,observation_synthetic 3.csv,3860,observation
DC52754C-FB96-5632-8080-9CF8BE0018A8,observation_synthetic 3.csv,3861,observation
4DBD0619-79D7-57C7-849A-581D7B95E990,observation_synthetic 3.csv,3862,observation
60BB8781-AA61-5C25-8EA0-F68AF2EF8A30,observation_synthetic 3.csv,3863,observation
72EF11C3-6A80-558D-B4B3-6DA63BE15DCB,observation_synthetic 3.csv,3864,observation
B85C9DE4-F067-5BC7-8D14-2A27EBBDAF33,observation_synthetic 3.csv,3865,observation
044E9214-5F1A-5D20-8CF6-403ADAC8FF94,observation_synthetic 3.csv,3866,observation
239AB8B9-7F3A-5BE3-859D-5E9DA75686C0,observation_synthetic 3.csv,3867,observation
15432438-BDC4-5444-90CF-BBF28515CAE0,observation_synthetic 3.csv,3868,observation
511C1145-A15C-58F9-9667-DC3A05935335,observation_synthetic 3.csv,3869,observation
E5DB4AA4-6CE7-550D-8314-2662F1C14F97,observation_synthetic 3.csv,3870,observation
29E11888-EA22-5CBE-AE86-67D1183EE64E,observation_synthetic 3.csv,3871,observation
AEC073A3-63D1-54C2-8489-D7D6CC585F06,observation_synthetic 3.csv,3872,observation
C6493B50-12EF-52F2-BC0A-9B3B4DDEB6EC,observation_synthetic 3.csv,3873,observation
D26F9FF3-6075-51B0-8570-72F4DDDA9C3D,observation_synthetic 3.csv,3874,observation
857295A8-F0DE-5981-8C84-354BCB4BA3BC,observation_synthetic 3.csv,3875,observation
91DC3BC9-01D2-5D09-AAC0-4EA99B2766FF,observation_synthetic 3.csv,3876,observation
5A3383B0-30ED-51B1-AA55-ADFBD9975BED,observation_synthetic 3.csv,3877,observation
2A9BF718-FE70-5CE3-96CB-1988B638AC66,observation_synthetic 3.csv,3878,observation
58B324F1-3D21-5DBE-93E6-36B5554B8BB1,observation_synthetic 3.csv,3879,observation
C51C5698-B1D4-5070-8FBA-A31EA80F1C85,observation_synthetic 3.csv,3880,observation
C25B1CEF-1C0D-5822-88D3-2B6F22A57A9D,observation_synthetic 3.csv,3881,observation
35793B4D-80CC-59A8-B915-D9C8500D64B2,observation_synthetic 3.csv,3882,observation
1378FFC7-8B0C-5FD1-9B8C-52072F55A5F3,observation_synthetic 3.csv,3883,observation
76335D6E-C657-515E-8E04-CFFB23D21DCC,observation_synthetic 3.csv,3884,observation
42C4D06D-B3A1-54CE-A01D-E611527C61AC,observation_synthetic 3.csv,3885,observation
1178201C-442D-5A0E-AE1D-3DA8F83A2E1A,observation_synthetic 3.csv,3886,observation
5660F997-AC3A-55A7-82C0-107AB7B987A0,observation_synthetic 3.csv,3887,observation
1386E1FE-073C-57D3-8182-605509C5607D,observation_synthetic 3.csv,3888,observation
06E710B0-330D-59CD-ADA7-AD33DFD9652C,observation_synthetic 3.csv,3889,observation
AD99E403-D811-518B-9575-A2CA886A1A80,observation_synthetic 3.csv,3890,observation
D69EBBFB-7410-5BA1-864F-F0A5A9DBA55A,observation_synthetic 3.csv,3891,observation
B413BA91-8291-50FA-9AFE-AD229E5C2151,observation_synthetic 3.csv,3892,observation
FBB81F97-947F-5925-AE04-AB3471270FC8,observation_synthetic 3.csv,3893,observation
85507A85-F877-5DDC-9101-75633DDF5896,observation_synthetic 3.csv,3894,observation
D20AAF15-B36B-547E-A2AF-720193DB3528,observation_synthetic 3.csv,3895,observation
4880CAAD-2839-5CAE-99FE-007C21D07FE6,observation_synthetic 3.csv,3896,observation
07A68A57-6B3E-5C5D-B955-23E244F06D04,observation_synthetic 3.csv,3897,observation
DE69ECCE-3A64-5D67-9A30-50535BF6298B,observation_synthetic 3.csv,3898,observation
AC4148D6-6FCF-5446-B0BB-CCE89068775A,observation_synthetic 3.csv,3899,observation
8E8FB033-B2C2-5452-8DDC-E1B32E75679B,observation_synthetic 3.csv,3900,observation
1134BC4E-D09C-5FC0-8347-BEB9DD8B7DC9,observation_synthetic 3.csv,3901,observation
ABCD54CB-CF53-51BD-9AD6-FD2AB1F59C24,observation_synthetic 3.csv,3902,observation
1B27366E-3957-5B0F-B615-E33F75AEE7C7,observation_synthetic 3.csv,3903,observation
518963D5-FDF9-5F69-825D-2A49D3E70F94,observation_synthetic 3.csv,3904,observation
61C8F46F-35D9-56F2-84FD-D87FE65732B8,observation_synthetic 3.csv,3905,observation
BB3742EF-9CD5-5FB6-9015-0FB89FA0FF85,observation_synthetic 3.csv,3906,observation
4DCA5C37-C43B-5A69-983D-F88DFF294A37,observation_synthetic 3.csv,3907,observation
C4A2AF49-EA21-54AB-9D8F-76EAF6B40B82,observation_synthetic 3.csv,3908,observation
771107EA-8929-5E03-9D30-89E45CD2B741,observation_synthetic 3.csv,3909,observation
F066C6D2-2748-5523-9C4E-3F25A89D304E,observation_synthetic 3.csv,3910,observation
F6187340-FD5F-535E-A74A-47D65B92F760,observation_synthetic 3.csv,3911,observation
28913492-CC65-5A4A-BC52-86835866D75B,observation_synthetic 3.csv,3912,observation
B8EA21D1-1E29-5FFC-B3BB-6AC6BA9F1F6A,observation_synthetic 3.csv,3913,observation
A8DE1ED7-2DE0-5158-867C-E7EDD7A6001E,observation_synthetic 3.csv,3914,observation
BADE2620-5B8E-5D7D-ABDC-EADC388FF624,observation_synthetic 3.csv,3915,observation
5C13689E-422C-5E74-9886-421FB753D616,observation_synthetic 3.csv,3916,observation
93844E82-552D-5BF0-B1DE-01BDA259A7A9,observation_synthetic 3.csv,3917,observation
835D64B3-68C3-5EAB-A221-DFA5CF74AD5A,observation_synthetic 3.csv,3918,observation
A3ADC3F5-B8C4-58FD-A834-131B6E0F141F,observation_synthetic 3.csv,3919,observation
25EEFDF8-820B-531A-8D75-D2CB2B948015,observation_synthetic 3.csv,3920,observation
F8F8324A-1CBB-5590-A17E-61971F5E1D66,observation_synthetic 3.csv,3921,observation
6102304F-17A0-5FC9-B9F8-E1BED1D7B5F7,observation_synthetic 3.csv,3922,observation
1EF34BB5-B2EE-52DC-8FDE-47390CFE7632,observation_synthetic 3.csv,3923,observation
8D98131A-C35F-560A-94CB-6AFC28EB3D24,observation_synthetic 3.csv,3924,observation
689A08EE-5211-50E8-9336-0F32CAC207E9,observation_synthetic 3.csv,3925,observation
245F03BD-7E75-5DE8-8DCB-AD8D3859A43E,observation_synthetic 3.csv,3926,observation
7D1CDE3A-01AA-57D6-BDC7-67B9D3B49176,observation_synthetic 3.csv,3927,observation
A233DA29-FA6D-5DDF-B91B-759BD0C317EC,observation_synthetic 3.csv,3928,observation
CDB8A651-3FFF-54FB-B59D-8289059DEEAA,observation_synthetic 3.csv,3929,observation
FA003F8C-0DC9-55C7-B7C4-A617200177F8,observation_synthetic 3.csv,3930,observation
7B6F2CAE-EF86-5B18-8433-0B6678401D3C,observation_synthetic 3.csv,3931,observation
CE2244DB-6DFE-5369-9037-0AC86FF82E8F,observation_synthetic 3.csv,3932,observation
892BE908-6A90-58A5-8AE7-C3761C925DC6,observation_synthetic 3.csv,3933,observation
AACC474D-26FE-5B62-B984-4058C0CA3087,observation_synthetic 3.csv,3934,observation
46A0DF80-02ED-5F4B-9BBC-FAB675B057AE,observation_synthetic 3.csv,3935,observation
E826E004-871A-5357-8391-2F922FF033F1,observation_synthetic 3.csv,3936,observation
A72C7EDC-7DA5-5F2B-9F6F-4296BCA07EA3,observation_synthetic 3.csv,3937,observation
22363F11-2F32-5B48-A745-42189C6A207B,observation_synthetic 3.csv,3938,observation
620C40A3-57EA-5CE6-92AD-95A5506F831C,observation_synthetic 3.csv,3939,observation
3790ED9B-CD2C-52BC-A0E5-460F14505941,observation_synthetic 3.csv,3940,observation
8A77B1B1-E5AC-5763-8ECB-C53C87609250,observation_synthetic 3.csv,3941,observation
A80CDA6E-3BB6-5663-A208-A25763A286FE,observation_synthetic 3.csv,3942,observation
4D8ADD25-AB02-59C4-82CB-CAF9952C1411,observation_synthetic 3.csv,3943,observation
F5D1FD1C-439F-5996-B992-FAFE96E3B2D0,observation_synthetic 3.csv,3944,observation
73C52F61-3B50-5F7C-85EE-535A71AB8FF6,observation_synthetic 3.csv,3945,observation
C6234EDE-0558-52ED-B0DA-73A7AA8BF5C6,observation_synthetic 3.csv,3946,observation
F35B8113-8202-5D46-9FC8-6AB4B8F61B55,observation_synthetic 3.csv,3947,observation
FD4F75C1-2F10-505B-9A85-D1F645546321,observation_synthetic 3.csv,3948,observation
16715EC8-D1B0-516B-9176-1AD10FA1729B,observation_synthetic 3.csv,3949,observation
C86D7939-5541-5104-AB13-D710D0E0EC1D,observation_synthetic 3.csv,3950,observation
DF4A7881-03E5-5ECF-893A-DFF61FF063B5,observation_synthetic 3.csv,3951,observation
5CD4AA30-E6B5-5E0F-99FB-AE22F210B9AE,observation_synthetic 3.csv,3952,observation
9515F95F-79B3-5757-A1D2-E649D0557CCE,observation_synthetic 3.csv,3953,observation
18B5B5FE-2CF4-574B-8D40-42483CAE83DC,observation_synthetic 3.csv,3954,observation
13EEB6CC-5998-5E4A-9EE7-FAA23D98CC09,observation_synthetic 3.csv,3955,observation
84A48D02-8726-573B-ADB7-1595BDA3E407,observation_synthetic 3.csv,3956,observation
AEB4C7AB-0B26-53EC-9193-3973B354B6C6,observation_synthetic 3.csv,3957,observation
6CFF5817-88F6-55CD-91AF-8AE2D90CE143,observation_synthetic 3.csv,3958,observation
E35752AE-A0EE-5244-BD56-8C9A6F922764,observation_synthetic 3.csv,3959,observation
2F182750-CE1E-5285-B84F-443E6B6AD5E3,observation_synthetic 3.csv,3960,observation
8FD6D877-BCD7-5378-B67A-EE15BA2D078A,observation_synthetic 3.csv,3961,observation
8DAE8EC2-D5B6-5640-B48C-F4085BE50B61,observation_synthetic 3.csv,3962,observation
6E11EB30-9498-5917-A136-BAEECD5D56F6,observation_synthetic 3.csv,3963,observation
966D0780-5CC3-5C75-B0C4-F77540114E6C,observation_synthetic 3.csv,3964,observation
AE6B6BD9-5EB9-5786-A111-2B8985DE1544,observation_synthetic 3.csv,3965,observation
9AF44866-EC74-58CF-A634-81F6B6758074,observation_synthetic 3.csv,3966,observation
849B380E-5F52-5B1F-BEC9-61BA161EE9FE,observation_synthetic 3.csv,3967,observation
F533FD04-22B3-5AE8-B4EF-874183DE0309,observation_synthetic 3.csv,3968,observation
708989FF-C857-59A2-927A-361EFF4BBDC2,observation_synthetic 3.csv,3969,observation
99C50F4C-58E5-597A-B60B-B676D516CF26,observation_synthetic 3.csv,3970,observation
0960462D-2786-5271-9E51-9A161CC2E6CB,observation_synthetic 3.csv,3971,observation
D44DBF68-278F-5A68-B99E-9D66BB63311F,observation_synthetic 3.csv,3972,observation
7B84F23F-D8BA-5E54-9CC8-768E64AEDDCE,observation_synthetic 3.csv,3973,observation
E3CEC096-3416-5B28-84F6-1B7C2B4F1C62,observation_synthetic 3.csv,3974,observation
B0520F90-16B7-52C9-B1BD-BBE6E21C6E83,observation_synthetic 3.csv,3975,observation
193C81FF-D0CE-59C1-AADE-B22BC2F4A56D,observation_synthetic 3.csv,3976,observation
D43F4D7B-9A02-5021-A87C-60F859E728EB,observation_synthetic 3.csv,3977,observation
61C36203-7418-5F05-BBF4-9DFB85EA92C0,observation_synthetic 3.csv,3978,observation
1115A028-0D45-566B-B623-AC409955C48C,observation_synthetic 3.csv,3979,observation
5A58844B-0925-5A67-9E56-DFABD3F33D05,observation_synthetic 3.csv,3980,observation
2B0DC1DD-496E-5DB6-B3B3-A0A6A72CA2B5,observation_synthetic 3.csv,3981,observation
B3ABE998-0446-5A5E-8A39-CA5D8A84CD2F,observation_synthetic 3.csv,3982,observation
E835631A-BD66-528C-8CD9-2EA9646D8E91,observation_synthetic 3.csv,3983,observation
A1D4B4A7-9110-5DE4-BAC5-259992F4C872,observation_synthetic 3.csv,3984,observation
4BD80863-6A0E-5DA5-8E06-55CC8685C2D5,observation_synthetic 3.csv,3985,observation
1B597161-AEF5-5722-B2E0-A6F852B22A77,observation_synthetic 3.csv,3986,observation
FAE9B7A8-E8FB-5408-9E6F-B067DE99045C,observation_synthetic 3.csv,3987,observation
0AC28985-34BB-5DE4-884D-ADA24EB4A6DA,observation_synthetic 3.csv,3988,observation
88A2481F-6BD2-5B86-852C-80D51CA848B4,observation_synthetic 3.csv,3989,observation
F6CC34E7-DFEB-52B8-B37D-BEA3B60DC8D8,observation_synthetic 3.csv,3990,observation
BD8758FD-2A55-58BA-AC96-14BE9E63FA7C,observation_synthetic 3.csv,3991,observation
F4AD3121-BDDA-58AF-8735-EBCB98C6AC7F,observation_synthetic 3.csv,3992,observation
6591BF7F-90E3-5CD7-82FF-3345CF7CB9CE,observation_synthetic 3.csv,3993,observation
75566458-C5D6-526C-9073-E28465CA8E86,observation_synthetic 3.csv,3994,observation
7E6065F2-050F-5FC6-A824-8B1D4670252F,observation_synthetic 3.csv,3995,observation
048F439F-C31C-5E42-9AB8-4FB2104DB7CA,observation_synthetic 3.csv,3996,observation
B272C6B9-BC55-5ABE-AB42-AF3B93BC5D71,observation_synthetic 3.csv,3997,observation
78C4C106-7AED-5523-854C-67881D9FC2D2,observation_synthetic 3.csv,3998,observation
6863D1E6-17D5-5A14-8ABE-6E5443DD44A4,observation_synthetic 3.csv,3999,observation
3062A2A8-2A78-5E23-9533-5FE02AB24502,observation_synthetic 3.csv,4000,observation
D2EEF1B0-7BB7-54FB-A279-0A3CC2B39FDA,observation_synthetic 3.csv,4001,observation
F179EC89-EDB3-5448-9CCD-36E275F9A978,observation_synthetic 3.csv,4002,observation
D6258E30-993D-583E-9672-C832B728A261,observation_synthetic 3.csv,4003,observation
64EF9D8F-A9E1-51B5-9847-FDC00E9836A7,observation_synthetic 3.csv,4004,observation
98E59059-A661-5B93-BDBE-49959C689A7A,observation_synthetic 3.csv,4005,observation
098717EA-C9D1-59F2-A067-E0892E9A446F,observation_synthetic 3.csv,4006,observation
9868DEBA-6A62-54FA-8849-ACA3628A4DBA,observation_synthetic 3.csv,4007,observation
E1D13949-AC79-5474-8347-7BBC934AFF15,observation_synthetic 3.csv,4008,observation
575B6598-FD7E-59B8-BA96-2E54881384D5,observation_synthetic 3.csv,4009,observation
F4061054-2A05-5608-A95B-89F1F80DD4D6,observation_synthetic 3.csv,4010,observation
CFE5DC35-F335-56D3-BFEE-D79598E806AC,observation_synthetic 3.csv,4011,observation
EBF3C4AB-68E2-5012-8283-5F6AEA4D3956,observation_synthetic 3.csv,4012,observation
C283FC03-04CA-539A-9DF7-8B0C1C0D6AC9,observation_synthetic 3.csv,4013,observation
BF03E0DC-9122-556D-9A54-2C4F3BC69E90,observation_synthetic 3.csv,4014,observation
F34F33C6-7E5A-5917-98F2-38283C128C62,observation_synthetic 3.csv,4015,observation
2672DDC2-8DD0-51F7-BA57-A3CA80FD6B1F,observation_synthetic 3.csv,4016,observation
9C68A133-A91F-500F-A6F7-DEFC2C2879BF,observation_synthetic 3.csv,4017,observation
131E4755-8F10-5D91-91A2-796EFDE99EED,observation_synthetic 3.csv,4018,observation
C9921D24-804F-5E3E-A44F-42D8998E08F7,observation_synthetic 3.csv,4019,observation
D5496E44-0735-57F8-9D37-ED9C7D4AB0B7,observation_synthetic 3.csv,4020,observation
05479BD8-F8FB-5834-9FFF-0407DD53282D,observation_synthetic 3.csv,4021,observation
5EC7DCAA-F71D-5A3B-A2A2-9FF88C17FC07,observation_synthetic 3.csv,4022,observation
05D1C4A2-DD21-552A-BF36-07649D62D634,observation_synthetic 3.csv,4023,observation
67B542C8-0EE4-5740-B289-FBA37CE4655F,observation_synthetic 3.csv,4024,observation
D842D015-92ED-5021-9DCC-7A3090AA3334,observation_synthetic 3.csv,4025,observation
E4292214-4395-5650-9B3F-29141F2BEEE8,observation_synthetic 3.csv,4026,observation
8A2B9B90-217A-5CC8-AB79-56AB726ABE67,observation_synthetic 3.csv,4027,observation
DCE3C394-7541-5730-B426-2D4D3DB288C2,observation_synthetic 3.csv,4028,observation
5C141259-1F06-5414-BB98-5659083F27BE,observation_synthetic 3.csv,4029,observation
3D8B4A97-F7EE-5E58-9772-2D7BD0D29376,observation_synthetic 3.csv,4030,observation
0B80A070-15AD-5FB2-91D6-4B822A7CCB4F,observation_synthetic 3.csv,4031,observation
CF8D1617-78CA-5251-968B-C7F5615666A4,observation_synthetic 3.csv,4032,observation
596660FD-7BF0-5180-944E-76A58B63180A,observation_synthetic 3.csv,4033,observation
E8C708E2-2568-502C-AE67-D37F687F35C4,observation_synthetic 3.csv,4034,observation
BA114563-CA11-523A-937D-737980775F68,observation_synthetic 3.csv,4035,observation
BF27EF59-71B9-537A-A523-32B630B8B912,observation_synthetic 3.csv,4036,observation
15F4C6EB-9BD1-5F75-A286-958F9F226F56,observation_synthetic 3.csv,4037,observation
EEC3FDE5-5A29-5209-9BC2-F7074F253AA6,observation_synthetic 3.csv,4038,observation
E1C9040E-3BBC-5258-80C3-BAE2ECF82440,observation_synthetic 3.csv,4039,observation
5F754F09-EB7C-56CC-AB74-74633BF3BD0D,observation_synthetic 3.csv,4040,observation
B67A0FB8-BC84-5EF4-816F-B0C39AE147BC,observation_synthetic 3.csv,4041,observation
2F88B5BD-80F2-58C4-B049-068F7719D590,observation_synthetic 3.csv,4042,observation
FCE0F107-517C-5F9B-BBFD-DE5B1E61BF35,observation_synthetic 3.csv,4043,observation
F5952D1E-736B-5ABA-890A-CF5E5EF12CA0,observation_synthetic 3.csv,4044,observation
682E6C09-D93F-5B2C-AD69-1959C3E95266,observation_synthetic 3.csv,4045,observation
66431F64-8485-5344-AAD7-0B588F8FD087,observation_synthetic 3.csv,4046,observation
665AB581-37A2-555C-9638-9E0C7525BE81,observation_synthetic 3.csv,4047,observation
C202CB6A-397E-5E79-9C18-1BDBD0736106,observation_synthetic 3.csv,4048,observation
5F9114A6-93BE-543C-BC28-DC85DFA7E4BA,observation_synthetic 3.csv,4049,observation
25FB53D1-E26B-51E3-A26E-55808B8C2A72,observation_synthetic 3.csv,4050,observation
C14DEA06-C468-5980-BC24-D6FBCB07BAE9,observation_synthetic 3.csv,4051,observation
DFA9C73B-A72D-51B3-84D1-32DD6A99D2A5,observation_synthetic 3.csv,4052,observation
460BC78B-F304-5F0D-879B-FDF166049892,observation_synthetic 3.csv,4053,observation
4E606FEB-4F19-5F1C-AECC-620D124CD5BC,observation_synthetic 3.csv,4054,observation
F5EDA557-0743-544B-81FD-9332C3D3905D,observation_synthetic 3.csv,4055,observation
CE7F3600-D38C-5544-987E-4BEE16354ED3,observation_synthetic 3.csv,4056,observation
E0C45EF1-DCC8-5DE0-A344-0D682BA69C24,observation_synthetic 3.csv,4057,observation
578E047C-D920-5A7B-8D9A-46DA4D9342BB,observation_synthetic 3.csv,4058,observation
3AB7E92F-6957-5C01-987D-17A59EFEAAD7,observation_synthetic 3.csv,4059,observation
DD1F859E-BD3D-568B-BEE8-9A622D8613DC,observation_synthetic 3.csv,4060,observation
C217A739-78D9-586A-9898-FCB500073F9C,observation_synthetic 3.csv,4061,observation
29E02F88-7D09-5BCC-A5A2-D0705FDEC2B6,observation_synthetic 3.csv,4062,observation
80361624-40EA-5F9B-BF8E-4931490499DF,observation_synthetic 3.csv,4063,observation
F19DBB4C-EE09-5E4C-B206-C443910A7A22,observation_synthetic 3.csv,4064,observation
36A7F314-9B54-542D-9004-026A91C732C7,observation_synthetic 3.csv,4065,observation
CF20AA78-BD84-5CE0-BC66-8BA9B2E1769E,observation_synthetic 3.csv,4066,observation
1F19CFCD-ACE7-5890-98A9-793FBF8BECCC,observation_synthetic 3.csv,4067,observation
72BBF9C2-2A4F-570A-B8DC-ABF4A1711A59,observation_synthetic 3.csv,4068,observation
CFAEEDEF-3B9D-553E-8B4D-1DE81CF0D302,observation_synthetic 3.csv,4069,observation
5F34F64B-5737-5DC5-9370-97849E7F62EB,observation_synthetic 3.csv,4070,observation
D4248CD5-42BE-5EA4-9C4F-AF3BEDAD3BE2,observation_synthetic 3.csv,4071,observation
DCA1BFC9-6457-5EEF-AFAE-74E16C0AD289,observation_synthetic 3.csv,4072,observation
FC3D920B-2B43-5AC4-84DB-9968244A68D9,observation_synthetic 3.csv,4073,observation
6245699E-BD7E-5DA6-A664-36D1C5115EC5,observation_synthetic 3.csv,4074,observation
160BED05-69FC-57E9-A968-FEDD939ECE86,observation_synthetic 3.csv,4075,observation
ADD1F87C-7FFA-53EE-A7C0-4FC1516C77FC,observation_synthetic 3.csv,4076,observation
63716C2D-9445-52D7-8C38-4BD8FFEAB569,observation_synthetic 3.csv,4077,observation
EA6BF483-8DDC-56E5-A7D7-1F36C4DC78AE,observation_synthetic 3.csv,4078,observation
2B92882C-3D55-5394-8623-B191F4077355,observation_synthetic 3.csv,4079,observation
AB266F1F-0E72-5D7B-96FD-1E0DE47FC9C6,observation_synthetic 3.csv,4080,observation
14F32011-FF6D-55AB-B1A7-5055FCC642F5,observation_synthetic 3.csv,4081,observation
65AAA824-5466-500C-9EBC-84BB141FEF42,observation_synthetic 3.csv,4082,observation
5F6E54B9-12E1-5E32-9464-C9C2113DE0FF,observation_synthetic 3.csv,4083,observation
E44B1BA3-70B1-5FE2-B544-B3CE239FAAC7,observation_synthetic 3.csv,4084,observation
16B0431A-391B-5FED-BFD6-4D3F5950B603,observation_synthetic 3.csv,4085,observation
C11D31D7-1693-5AD0-BFAB-FCF9408EB064,observation_synthetic 3.csv,4086,observation
BA42165C-7D91-5FD2-ADC3-399506FDB39B,observation_synthetic 3.csv,4087,observation
C22FBFD7-C87B-5DD6-89D9-73A2F7F9F2E8,observation_synthetic 3.csv,4088,observation
52A0301C-47B1-5A59-BE62-BE11289C360C,observation_synthetic 3.csv,4089,observation
1E9CF0F1-88A7-560D-AF78-EED62B9F40C4,observation_synthetic 3.csv,4090,observation
C9BF6796-55A6-518B-9260-74CE117C43CF,observation_synthetic 3.csv,4091,observation
1E4B6555-1363-5C92-8380-C9E5A3A471AB,observation_synthetic 3.csv,4092,observation
06E77B4A-24B9-596F-A816-554B870E65E9,observation_synthetic 3.csv,4093,observation
10CC3268-0171-548B-80C6-A1A0EAB56D05,observation_synthetic 3.csv,4094,observation
F7910FF7-0E44-587C-AB4A-CDF744B9919C,observation_synthetic 3.csv,4095,observation
D2572F0C-73E7-5E61-A032-A1F0B624C105,observation_synthetic 3.csv,4096,observation
3CF03A0E-6D09-589B-8F5F-179A3FE393A9,observation_synthetic 3.csv,4097,observation
57A60A93-F62C-5C53-A6A6-A87FB9B17A9F,observation_synthetic 3.csv,4098,observation
CF5EFD5B-9396-523F-9306-05E5534DD27C,observation_synthetic 3.csv,4099,observation
C4F0ADF7-2785-54DC-9052-BB1254413219,observation_synthetic 3.csv,4100,observation
6FEE83DE-32C1-5ED3-866C-5C976977547E,observation_synthetic 3.csv,4101,observation
44292C8F-D9D6-5E42-BB93-115AF3A1C7B1,observation_synthetic 3.csv,4102,observation
5D1117AE-0A33-5631-B9CA-B833441B11AD,observation_synthetic 3.csv,4103,observation
CF3026FF-B757-56C0-8428-1EDE2BACC6F0,observation_synthetic 3.csv,4104,observation
72B88F22-AF50-552B-AE28-57B68350A355,observation_synthetic 3.csv,4105,observation
8F660E4C-9395-5217-85D5-DEC0D33E5D06,observation_synthetic 3.csv,4106,observation
2C0D08FF-0F10-5ECD-8966-FA5F2FC8B6D0,observation_synthetic 3.csv,4107,observation
AFC09278-893E-5145-8D28-D0390822502D,observation_synthetic 3.csv,4108,observation
B226E7B0-26F3-52F2-A028-4F5DEAA191AE,observation_synthetic 3.csv,4109,observation
DEA1774B-107A-5E9E-A1AA-06CAA9D6E24D,observation_synthetic 3.csv,4110,observation
5CE505ED-D3E6-57AD-8735-24B331E0A864,observation_synthetic 3.csv,4111,observation
50A2ED50-F271-549E-B1C5-01092E4F046B,observation_synthetic 3.csv,4112,observation
B878C145-3BF2-5440-A9BB-8278242F0A0F,observation_synthetic 3.csv,4113,observation
C61B6E94-75F4-527F-B5D4-9452AAD11971,observation_synthetic 3.csv,4114,observation
EBD40A14-ED3F-558D-B09A-8AA2C0472F81,observation_synthetic 3.csv,4115,observation
900C56AC-044D-589C-82DF-CE3A1E8C8190,observation_synthetic 3.csv,4116,observation
8C591B31-F1A7-5B5F-A0AD-D3C04E0E46F8,observation_synthetic 3.csv,4117,observation
8AC816E5-452E-5635-9426-7941AFE2E2F4,observation_synthetic 3.csv,4118,observation
0F7ECFFB-DD20-5AA7-92D5-ADA03463F4E6,observation_synthetic 3.csv,4119,observation
6426B57B-91A7-5CDD-BE29-14262E213447,observation_synthetic 3.csv,4120,observation
55B475E2-3CFB-55B4-9E2F-959209D6BCC2,observation_synthetic 3.csv,4121,observation
D7A9E8D1-ED28-5FEA-B786-267254DCFB63,observation_synthetic 3.csv,4122,observation
E1346F82-9B52-5C75-83D4-C8B6AA85244C,observation_synthetic 3.csv,4123,observation
7775DCA2-EC52-529D-B499-7AB9B220D763,observation_synthetic 3.csv,4124,observation
E070488B-993C-525A-96D8-1FAE7E38DB6D,observation_synthetic 3.csv,4125,observation
BAFB58C9-2655-5E63-9AAF-98144C69BF4B,observation_synthetic 3.csv,4126,observation
62716914-17BC-5E23-9AF8-C1C144991B63,observation_synthetic 3.csv,4127,observation
B39D0117-785A-5ACE-8963-8E67398D695C,observation_synthetic 3.csv,4128,observation
7FB547FF-526F-5F1E-A2BC-354DDBA378CA,observation_synthetic 3.csv,4129,observation
A84BA72C-51FF-5C89-9306-68F01B3DB13D,observation_synthetic 3.csv,4130,observation
5FC61F5A-F1E3-575E-A331-F23FCD48C516,observation_synthetic 3.csv,4131,observation
E2D4B753-BD6E-504F-A1B7-4C0269D2246B,observation_synthetic 3.csv,4132,observation
7127695F-7566-5731-BE4C-1748CF9BA906,observation_synthetic 3.csv,4133,observation
C340D2EB-8654-5D68-9FD3-94C479CCF9D7,observation_synthetic 3.csv,4134,observation
ACF7351B-6E64-5830-86B5-3E138AFD75F6,observation_synthetic 3.csv,4135,observation
81224EAC-A892-5EDD-A09B-CCDB8B36D6E5,observation_synthetic 3.csv,4136,observation
25AD3588-7CAE-529F-8A43-6544C513BE2A,observation_synthetic 3.csv,4137,observation
DF6FD52A-8210-5623-8363-127C93C2F802,observation_synthetic 3.csv,4138,observation
B5C7A4E7-4199-5308-A0EF-F46AF3480390,observation_synthetic 3.csv,4139,observation
3B69AFBC-D31E-58FB-B04F-8953B7D1A8AD,observation_synthetic 3.csv,4140,observation
D51A6983-8B3F-529E-B048-B2187F9AC944,observation_synthetic 3.csv,4141,observation
3F701C61-773C-5F58-B09E-66CC8B3D35A7,observation_synthetic 3.csv,4142,observation
43FD9A17-03AB-5046-886A-FF3D975A7551,observation_synthetic 3.csv,4143,observation
972FBDC8-BAC3-5F55-8B67-7376DC2FD7A1,observation_synthetic 3.csv,4144,observation
D358DE74-CBF6-559D-BD2A-C8103EBB188C,observation_synthetic 3.csv,4145,observation
37166ED5-3753-57CE-BD70-A3F581E658BA,observation_synthetic 3.csv,4146,observation
108EB952-EE34-59CA-8145-FF6B6D4BACE3,observation_synthetic 3.csv,4147,observation
7F723206-59D0-5470-8BF3-20BC48B163D1,observation_synthetic 3.csv,4148,observation
BEB36D52-31A0-54B0-957A-3FA8A138C0D2,observation_synthetic 3.csv,4149,observation
A2A81EFF-147A-5F09-8E8C-C2202D5903C1,observation_synthetic 3.csv,4150,observation
36E14E65-3F6C-5BFF-9786-4FA40596F85C,observation_synthetic 3.csv,4151,observation
F07AF827-8B6E-5F74-908E-82EAA465A46A,observation_synthetic 3.csv,4152,observation
061A8A98-08D8-564F-BB3D-E190D3470DBB,observation_synthetic 3.csv,4153,observation
B878D1DD-90B6-5C5B-8246-E02B05282A44,observation_synthetic 3.csv,4154,observation
120C12FE-7ECD-5A6E-9144-D754D87D80CB,observation_synthetic 3.csv,4155,observation
C24C20C5-8A5C-5135-8518-4267C14D89E1,observation_synthetic 3.csv,4156,observation
76D138B3-62F3-597F-9B3A-D17EF6BADC26,observation_synthetic 3.csv,4157,observation
1210F8A2-079B-5A7D-8DEE-D861D9069194,observation_synthetic 3.csv,4158,observation
375716FB-B4E0-5DF2-85C2-D339F0F0F743,observation_synthetic 3.csv,4159,observation
6A7FE3F4-4612-5FCA-BCCB-0A30C7D11015,observation_synthetic 3.csv,4160,observation
6DBD2BAA-179D-56C2-952C-51D4CB1B9F03,observation_synthetic 3.csv,4161,observation
42E05214-42A7-57C7-9796-1EB821622643,observation_synthetic 3.csv,4162,observation
ECA54327-DCC1-52AB-83F8-8EACCB7D7DAE,observation_synthetic 3.csv,4163,observation
39753342-4873-5647-8D4A-A512D9BA9795,observation_synthetic 3.csv,4164,observation
309F33CD-0968-5AB1-9169-F49FD2185962,observation_synthetic 3.csv,4165,observation
389FCD61-FD44-5566-845F-7E3BF7978490,observation_synthetic 3.csv,4166,observation
1CDD0DFD-580B-5DFC-A72B-6218E473A017,observation_synthetic 3.csv,4167,observation
B9EF0BE1-5B5B-520A-B683-F75CB0C789F5,observation_synthetic 3.csv,4168,observation
B0F427E8-4AD7-58B3-ABBF-DBCF903BFBDB,observation_synthetic 3.csv,4169,observation
60869FEB-068C-5FAD-9813-C5CA49EEBA26,observation_synthetic 3.csv,4170,observation
A6946DA2-B792-5407-900C-F6DA6ADA545C,observation_synthetic 3.csv,4171,observation
FC430951-2A58-52EA-8330-F64E80AADF6F,observation_synthetic 3.csv,4172,observation
ADB2D732-3B84-5E0B-9131-465ACC80A523,observation_synthetic 3.csv,4173,observation
56905DCB-0516-5013-9B25-67DD62CBBE2D,observation_synthetic 3.csv,4174,observation
86BDC524-8A4B-5B5F-964C-404E26FEBBA3,observation_synthetic 3.csv,4175,observation
25C5966E-EAA5-5122-B399-1AC55EE49E82,observation_synthetic 3.csv,4176,observation
1F833B96-6898-5BCC-9753-FB48DBF46B2C,observation_synthetic 3.csv,4177,observation
C21813EC-314E-5536-9A02-203F46D0CBA9,observation_synthetic 3.csv,4178,observation
9B930F74-9793-5C1E-ABEA-41544B3760B0,observation_synthetic 3.csv,4179,observation
233D57B1-A705-5A68-A93C-7AA4AE59A355,observation_synthetic 3.csv,4180,observation
95808894-6E4A-5458-A0A5-E670E47444AD,observation_synthetic 3.csv,4181,observation
0693785A-DF4F-5C39-BD8E-8643662B6FA7,observation_synthetic 3.csv,4182,observation
3C1F7ABA-A106-54C4-B3A8-B6412C6CFA03,observation_synthetic 3.csv,4183,observation
4C641425-5441-5C44-812F-B3BC75690C10,observation_synthetic 3.csv,4184,observation
AC38B817-7B1E-5126-84CE-7988B20AE0FF,observation_synthetic 3.csv,4185,observation
4761490F-1C3E-50D5-92E6-711BEFDB5883,observation_synthetic 3.csv,4186,observation
E56DD96B-1AE7-5AC3-BADD-401BE2BEC8EA,observation_synthetic 3.csv,4187,observation
8459F2E1-548B-585D-9B41-158234213FA1,observation_synthetic 3.csv,4188,observation
4C82CB12-7B0B-5150-B7AF-32627C8DAF94,observation_synthetic 3.csv,4189,observation
6E1EDEC5-53D1-502F-8DC5-5A4E63DAA931,observation_synthetic 3.csv,4190,observation
166511E0-4CCD-56A5-9F3B-A63AD1537B04,observation_synthetic 3.csv,4191,observation
EB487586-05FB-5498-BA10-59A453CC3B05,observation_synthetic 3.csv,4192,observation
88D46931-5154-5451-81C3-7468C59DA288,observation_synthetic 3.csv,4193,observation
2F620261-55C6-5DCA-A1AF-1ED70EF49B50,observation_synthetic 3.csv,4194,observation
CA56D4DF-C937-53FA-A213-3B4105D0ACAE,observation_synthetic 3.csv,4195,observation
7731E451-AD3F-5D56-A6C3-840F39513605,observation_synthetic 3.csv,4196,observation
11CD09E6-ED2C-548F-B074-B9CF8F9C0D18,observation_synthetic 3.csv,4197,observation
EA25E800-BC86-5255-BB1C-96BFCC6560DF,observation_synthetic 3.csv,4198,observation
333EC219-5923-5D4F-87D1-7D7964B3FD06,observation_synthetic 3.csv,4199,observation
399CF1F1-36BD-56DC-9FCA-6897CA376195,observation_synthetic 3.csv,4200,observation
E8194E59-E4BE-50CC-9569-AB4C1EE67BEA,observation_synthetic 3.csv,4201,observation
AC49B431-25D2-5AF8-8875-69205732C279,observation_synthetic 3.csv,4202,observation
7F4089EC-9A75-5EB4-BDED-911596375A84,observation_synthetic 3.csv,4203,observation
BAADAE85-8B9F-5CBD-BC2D-32809A428533,observation_synthetic 3.csv,4204,observation
5D0BA57C-DCDB-5570-B037-50A186D8DB12,observation_synthetic 3.csv,4205,observation
7659ECBD-3F57-5BBB-95CC-0280EFC96CAB,observation_synthetic 3.csv,4206,observation
0CBD7451-3F61-5F6C-AC79-9694D189EB8E,observation_synthetic 3.csv,4207,observation
DA6509EF-9C40-5418-BF96-95E618B7809F,observation_synthetic 3.csv,4208,observation
3283EA8E-BEB5-5821-9E88-ED7FCDF32F5D,observation_synthetic 3.csv,4209,observation
F7536D09-7B8D-543D-A07B-DD663A18B368,observation_synthetic 3.csv,4210,observation
70F72BAC-BF41-5A9C-8315-C61A12010082,observation_synthetic 3.csv,4211,observation
4813BDB6-8770-51C6-ABBD-43D44B19B7AC,observation_synthetic 3.csv,4212,observation
2D9C3109-8E7F-5670-9D1C-DA3AE952CD36,observation_synthetic 3.csv,4213,observation
65E198E3-A50A-58E7-97A9-79E19009F102,observation_synthetic 3.csv,4214,observation
FD9C8C56-87D4-5265-851D-F0C1D65B8A33,observation_synthetic 3.csv,4215,observation
2B09A0B6-96F9-587F-9881-884FC3F8774A,observation_synthetic 3.csv,4216,observation
902931CF-2B97-5C9B-ACF3-3E87D204F425,observation_synthetic 3.csv,4217,observation
BBA45181-1838-56F4-A846-539C4280B342,observation_synthetic 3.csv,4218,observation
2546E07B-EA0A-5376-9A76-DA5CB6EDA0B6,observation_synthetic 3.csv,4219,observation
32AB0969-BA8A-58E3-A378-D895C4E19F86,observation_synthetic 3.csv,4220,observation
2442F9CA-D207-5F56-B81C-C603ED62574B,observation_synthetic 3.csv,4221,observation
FB9151C0-3D39-534E-91A7-51F10E2638B4,observation_synthetic 3.csv,4222,observation
F3DD6BEA-1383-5EB8-9898-678CF9A70A10,observation_synthetic 3.csv,4223,observation
70E65F97-949A-5356-B637-9D79DD5E2DD9,observation_synthetic 3.csv,4224,observation
A075E96A-B28C-51C4-82F8-310B1FB526D3,observation_synthetic 3.csv,4225,observation
C9677EDA-125A-51AD-9B74-F3712A907FB5,observation_synthetic 3.csv,4226,observation
BF034B30-418B-5A6F-A1C2-C786EBD28F06,observation_synthetic 3.csv,4227,observation
7A24ED44-6983-5009-A967-3D7611805741,observation_synthetic 3.csv,4228,observation
1929FA9D-F039-5A6C-9AE2-AD171B8361B6,observation_synthetic 3.csv,4229,observation
DE1CCC61-FB55-5D5C-8A88-95E157B51C36,observation_synthetic 3.csv,4230,observation
BAE49C9E-11CC-5E3D-9ED9-7D6BE63B7D8F,observation_synthetic 3.csv,4231,observation
44DF7013-781A-5561-AF2B-A898CFECCEB2,observation_synthetic 3.csv,4232,observation
7923EECC-3DA0-572E-9139-1B2BC1E43C3B,observation_synthetic 3.csv,4233,observation
0B1DD47A-ABBE-5EA5-91B0-7181F2064B29,observation_synthetic 3.csv,4234,observation
94EBF79E-4659-556F-B7F4-2CBAAD189939,observation_synthetic 3.csv,4235,observation
8CA71C0E-4B26-5236-9B3F-1B22BD926CB6,observation_synthetic 3.csv,4236,observation
FA1F8B4E-5476-59B2-A4B4-69B7A67799D9,observation_synthetic 3.csv,4237,observation
52504AA5-DC60-5DFA-BC5F-A29670D10DE9,observation_synthetic 3.csv,4238,observation
0CD1D0C1-7BB2-5946-81C9-B2AC4F3FA3A6,observation_synthetic 3.csv,4239,observation
48B48518-E254-5094-A206-8F24570365BC,observation_synthetic 3.csv,4240,observation
EDA69326-A120-5704-AE63-5F341D1AB996,observation_synthetic 3.csv,4241,observation
66C7F642-3280-5332-9A95-8D70D1C8BBAE,observation_synthetic 3.csv,4242,observation
4C451A6A-758C-58B9-A454-C999B0BC00FE,observation_synthetic 3.csv,4243,observation
4DCFFA35-BEBF-5D9F-9ADE-A76F7BE4A5A4,observation_synthetic 3.csv,4244,observation
DE39175F-2AF5-5D4B-A0FD-EC5A71598C0C,observation_synthetic 3.csv,4245,observation
F327D754-1535-54DC-817C-F509AF0D1B32,observation_synthetic 3.csv,4246,observation
1A1B1E2C-D93C-550A-B299-F850C3F4671C,observation_synthetic 3.csv,4247,observation
EE5CBD45-3EAA-5D68-8F11-727442430646,observation_synthetic 3.csv,4248,observation
1CDB1AC4-17CA-5C56-8DAB-1BEB0583C686,observation_synthetic 3.csv,4249,observation
20DF5A2C-054D-53C0-8A0F-C30F750090CA,observation_synthetic 3.csv,4250,observation
9F662FE9-E3D7-56F6-BDA2-E4A41AD82120,observation_synthetic 3.csv,4251,observation
7587B138-04F6-5F83-AE70-A1989B5DCE8B,observation_synthetic 3.csv,4252,observation
D9FA15C2-5CDF-5D0B-83B4-6B6630958C40,observation_synthetic 3.csv,4253,observation
8364A510-F01C-5915-A797-7244ED409224,observation_synthetic 3.csv,4254,observation
958AAD66-B3DD-5D45-B3DA-99A309A37055,observation_synthetic 3.csv,4255,observation
79C43225-2ECE-5B95-A60A-5CB68FC134AA,observation_synthetic 3.csv,4256,observation
06009423-0585-552A-B4CA-F94A76667D26,observation_synthetic 3.csv,4257,observation
C68DC4B4-ED45-5716-A0E0-D5AFD0086137,observation_synthetic 3.csv,4258,observation
AE410F33-AE54-5FB2-957B-28EFDE38FBF8,observation_synthetic 3.csv,4259,observation
4F6F3647-5735-5EE5-8581-BA6BC6A4CB41,observation_synthetic 3.csv,4260,observation
DECB5974-C31C-5695-9FB4-D02747FDCA2A,observation_synthetic 3.csv,4261,observation
57B092FD-BE8D-5F5B-B1A9-CDDF1A3E4D07,observation_synthetic 3.csv,4262,observation
5593AACD-1363-59DC-972D-7980B91B839E,observation_synthetic 3.csv,4263,observation
0E0070FA-BB0B-54D8-B95C-6F314299C6F4,observation_synthetic 3.csv,4264,observation
A9BF0BA0-FE47-5397-87E8-CF0A178F05FE,observation_synthetic 3.csv,4265,observation
3029FAAC-7F5B-59A0-A32A-17981FD4FB47,observation_synthetic 3.csv,4266,observation
691363D3-490B-58AB-9F6D-17492E75656B,observation_synthetic 3.csv,4267,observation
0986FD18-910A-5158-9493-FF561E7B290E,observation_synthetic 3.csv,4268,observation
D6AAD051-9D64-59B3-8540-43D59F79384F,observation_synthetic 3.csv,4269,observation
102929FB-B23C-5B8F-B230-83EC1764C6FF,observation_synthetic 3.csv,4270,observation
7970FD6C-D4F8-5A24-8D07-27A928829B1A,observation_synthetic 3.csv,4271,observation
F615025B-5C1A-5B32-BE4B-E8F5D7A3D0CE,observation_synthetic 3.csv,4272,observation
6F888137-00A8-5271-89FD-CB5DCE1B81D5,observation_synthetic 3.csv,4273,observation
8BD16C22-1872-525D-BA67-930441212F75,observation_synthetic 3.csv,4274,observation
8635B508-B2FA-515E-9F6A-0BD1B2C721D9,observation_synthetic 3.csv,4275,observation
CD59F007-5663-52E5-8CE8-7E2B539E8DB3,observation_synthetic 3.csv,4276,observation
2C5102EC-7F6F-5BD4-8FEA-446B9C9978D6,observation_synthetic 3.csv,4277,observation
A5E28D38-9295-57C7-BF99-0B82796F8922,observation_synthetic 3.csv,4278,observation
10CD71F8-34D5-5EB5-8612-EC9E9BC7DFB2,observation_synthetic 3.csv,4279,observation
59F0FFFB-7FF9-522A-A5B8-139EBFF63C07,observation_synthetic 3.csv,4280,observation
3C5EF837-DD16-5F5E-8237-A86F55E152C3,observation_synthetic 3.csv,4281,observation
FEDBD943-BFA9-5768-86AF-234724CFE33D,observation_synthetic 3.csv,4282,observation
DB16EB36-17DD-50EC-AE33-8D3E5487F8D0,observation_synthetic 3.csv,4283,observation
79878488-64F4-5D82-BED5-22EF79CB59D3,observation_synthetic 3.csv,4284,observation
707F3F2D-9C7A-5388-A278-7B0A5563E4CD,observation_synthetic 3.csv,4285,observation
556987AF-EBA0-594A-B9EA-C52CD5D20B66,observation_synthetic 3.csv,4286,observation
1A59DB7F-CD1F-5547-AB16-F46A9532AA0E,observation_synthetic 3.csv,4287,observation
BA27D675-F3C1-59C5-8D45-6AA9D77D75E4,observation_synthetic 3.csv,4288,observation
6B223088-778B-5521-8251-32DBADA11C98,observation_synthetic 3.csv,4289,observation
72697706-E698-542B-A1D3-53FC7D14C226,observation_synthetic 3.csv,4290,observation
C03CE67F-5B0E-5A74-89C2-92A8739213CE,observation_synthetic 3.csv,4291,observation
4AD59B4E-6004-5685-8FA8-1B65C0F4B434,observation_synthetic 3.csv,4292,observation
23B9993D-A1F3-5B1B-B88C-697B9DEC98AF,observation_synthetic 3.csv,4293,observation
D00E868F-E52A-5C3C-97BD-6C3B7CC72558,observation_synthetic 3.csv,4294,observation
517676DE-50BC-53CE-8D4C-9708BCDD2CE0,observation_synthetic 3.csv,4295,observation
EDB4D808-3526-5918-8E1F-6FE5985E2B5D,observation_synthetic 3.csv,4296,observation
717D9975-8BEA-5F5E-B578-0A9D7C14526D,observation_synthetic 3.csv,4297,observation
7A5C44B8-B7FB-5B12-B1DB-1438E16D236F,observation_synthetic 3.csv,4298,observation
B8B4321E-7B8B-5111-8736-9CE02E264875,observation_synthetic 3.csv,4299,observation
110D79C1-2186-55F7-96CB-4492373D8415,observation_synthetic 3.csv,4300,observation
24D98BA7-5EBD-5354-B873-EC486ACAC310,observation_synthetic 3.csv,4301,observation
6A1DE341-1DDD-5576-9EBB-DB277A7A4442,observation_synthetic 3.csv,4302,observation
AAC62AC4-CCD7-51C7-8A5D-72E23F9B1791,observation_synthetic 3.csv,4303,observation
1112029D-76AC-55F3-BCA3-4456BE2335E1,observation_synthetic 3.csv,4304,observation
C212EF2B-AD15-5F7E-BB75-8DC6A8190A79,observation_synthetic 3.csv,4305,observation
1E3FAF57-530C-5D77-A9AD-3E845D6DCA03,observation_synthetic 3.csv,4306,observation
FE8926FD-8D50-50DD-8FDC-5D249985BDD7,observation_synthetic 3.csv,4307,observation
32DFF7AC-DDFB-542B-A128-1518CC001B02,observation_synthetic 3.csv,4308,observation
C9BC6D4D-C556-5DAE-9FC2-DF799EB8D117,observation_synthetic 3.csv,4309,observation
364B45E4-ADBB-528A-BD5D-E5D87759CA22,observation_synthetic 3.csv,4310,observation
038161D9-60F0-5EFA-BEAF-2CF1EB7D1E45,observation_synthetic 3.csv,4311,observation
BAE0BC35-AA86-55AD-87AE-2157A85D423D,observation_synthetic 3.csv,4312,observation
1D5D0E56-4EB0-55FC-AEE4-25B2C4F26FD8,observation_synthetic 3.csv,4313,observation
13AF6436-5D97-55D0-B4E2-ABEE4C8D9F16,observation_synthetic 3.csv,4314,observation
9B79D4A6-E87B-5E49-AB6C-3CD19F155683,observation_synthetic 3.csv,4315,observation
7A1D17C6-4267-580C-B8B1-ACF4F1BB872C,observation_synthetic 3.csv,4316,observation
63952B1A-B2E3-525E-A350-D968379AED54,observation_synthetic 3.csv,4317,observation
11D51C77-9FE9-5AC9-836C-C88BED0A7D9E,observation_synthetic 3.csv,4318,observation
4080AC8C-FC9A-5560-BCB1-B243C31AF088,observation_synthetic 3.csv,4319,observation
F155A324-BBDC-5F9B-B715-5B3DB662E740,observation_synthetic 3.csv,4320,observation
8E065913-F423-577C-BF1B-50EF799F2E18,observation_synthetic 3.csv,4321,observation
75ABFB9C-4D7F-55E9-8A5D-B45E59DF9533,observation_synthetic 3.csv,4322,observation
BB577D23-838C-58C8-874B-A3B7539850A9,observation_synthetic 3.csv,4323,observation
861C9135-125A-5DEE-BFC0-C29C5DB26E17,observation_synthetic 3.csv,4324,observation
1D0F863D-EAC1-54B2-A3D4-4D9C6C380BB3,observation_synthetic 3.csv,4325,observation
37A830FC-C2E0-5FA1-B44A-FE99B1094961,observation_synthetic 3.csv,4326,observation
F1D8EAFE-B4C8-55CD-A513-705AF69D6C3A,observation_synthetic 3.csv,4327,observation
5B40CEEE-CCDE-584F-9C56-86A01DA9F53C,observation_synthetic 3.csv,4328,observation
7F4892E9-233C-5B10-9343-73F852862CCA,observation_synthetic 3.csv,4329,observation
AF27EFFF-C8EB-541F-962B-C7A47C6CD204,observation_synthetic 3.csv,4330,observation
78042098-AABC-5790-94FE-EE38EACADD8E,observation_synthetic 3.csv,4331,observation
7F060692-56A8-5AA6-8463-BF687843C336,observation_synthetic 3.csv,4332,observation
94B121CD-A2B6-589B-9154-52A62C832FFF,observation_synthetic 3.csv,4333,observation
E9F8651E-A9F2-50D2-8485-D5C60BCC67DC,observation_synthetic 3.csv,4334,observation
2181D1FD-FB6A-5441-92DF-97BC25AB94DB,observation_synthetic 3.csv,4335,observation
3B6EF462-4710-5F2B-A611-80E89D632E43,observation_synthetic 3.csv,4336,observation
D8DCC413-BF61-55CD-9844-7B3646B6EF73,observation_synthetic 3.csv,4337,observation
91BBF21D-C79F-54F4-9BEE-0A252DF85576,observation_synthetic 3.csv,4338,observation
7B470B0F-6D8B-54E5-A5DC-9D99B657119C,observation_synthetic 3.csv,4339,observation
A2D98DEA-D355-5A15-949F-642886EECC23,observation_synthetic 3.csv,4340,observation
7237EB93-D987-5242-B555-601EC09DBEAD,observation_synthetic 3.csv,4341,observation
FA41638E-9DF5-5FF7-8B84-1B59BF674493,observation_synthetic 3.csv,4342,observation
C4612EF2-3ED0-550D-9388-C79283A8E5FD,observation_synthetic 3.csv,4343,observation
CFD498D8-465B-5DDE-8D4F-C716CC51F2B6,observation_synthetic 3.csv,4344,observation
56321976-24F2-5D07-B406-6313063AC3E9,observation_synthetic 3.csv,4345,observation
A7019417-5986-570B-944D-D8C5FA1F3375,observation_synthetic 3.csv,4346,observation
C66B34DE-08A6-510B-88D9-8492AB076E1A,observation_synthetic 3.csv,4347,observation
D2C2A30F-24FE-5040-BB4D-5B2BA7C8301E,observation_synthetic 3.csv,4348,observation
17405E42-3899-5655-BA0E-8F67401E6D3F,observation_synthetic 3.csv,4349,observation
31C02E59-DC47-5026-A249-13B20500708C,observation_synthetic 3.csv,4350,observation
0B224729-6CE1-5746-AA32-DF6B2ACE8F24,observation_synthetic 3.csv,4351,observation
E346B830-6CB4-503A-9563-95916167B72C,observation_synthetic 3.csv,4352,observation
4A9EC091-5A37-5A51-8A47-03F1E7F30CF3,observation_synthetic 3.csv,4353,observation
D9B8F38C-E00D-5E7F-868E-7E65838287D0,observation_synthetic 3.csv,4354,observation
431E8B50-B8FB-50A3-83B8-A784BA98A962,observation_synthetic 3.csv,4355,observation
38E55873-C198-540C-9707-D48CB7E41119,observation_synthetic 3.csv,4356,observation
0EDBC29E-6CE0-5FD8-9B00-5E9F431E3A7C,observation_synthetic 3.csv,4357,observation
83174CAE-C373-5B64-8966-5E4B549EBA57,observation_synthetic 3.csv,4358,observation
1BE89928-B060-5B3C-BEE3-0CAD93D801EE,observation_synthetic 3.csv,4359,observation
026DC09B-2DCA-523A-B37F-FB5A83702776,observation_synthetic 3.csv,4360,observation
C865F77A-C409-53FA-AB34-E77C7E1FF337,observation_synthetic 3.csv,4361,observation
2DA5BBCE-B64F-53C5-9BAC-37809DF2CFF1,observation_synthetic 3.csv,4362,observation
D0245532-3877-5C21-8444-AAC42FB397D6,observation_synthetic 3.csv,4363,observation
37AB6122-C2BE-52A7-8450-D06328DD3BEA,observation_synthetic 3.csv,4364,observation
C373E343-4466-5D4F-87B3-A4749AFD9FCE,observation_synthetic 3.csv,4365,observation
A1DEA5C2-C41B-5215-A14D-3CF3BFD2E256,observation_synthetic 3.csv,4366,observation
40EF1824-BD5D-5076-9825-50032C44D8D0,observation_synthetic 3.csv,4367,observation
B2D8CA99-B4C4-5C9D-B0E1-D0DD883FE677,observation_synthetic 3.csv,4368,observation
04E38412-8B58-500C-B033-802AFC5CFCA0,observation_synthetic 3.csv,4369,observation
BCFE1662-8F53-5EE0-97E6-8C22AEB1F820,observation_synthetic 3.csv,4370,observation
E25A5447-7D56-59C0-8345-91C1C1452B19,observation_synthetic 3.csv,4371,observation
B9135402-CCD8-51B4-830B-C7090AE781CF,observation_synthetic 3.csv,4372,observation
AED681EB-C749-509E-BC4A-0EDE46C2145F,observation_synthetic 3.csv,4373,observation
9AE29589-66AB-59A7-BA49-07C85F997ECC,observation_synthetic 3.csv,4374,observation
4690F730-9D1D-5A23-9762-8364BCCCEC5F,observation_synthetic 3.csv,4375,observation
5644EA32-87D8-5536-8052-7351B682D66D,observation_synthetic 3.csv,4376,observation
BB738B28-9EB6-5149-8697-D8C3507EFCBC,observation_synthetic 3.csv,4377,observation
7789E684-22EE-5E3C-8B91-EE7EE1E66FED,observation_synthetic 3.csv,4378,observation
7581C040-BFBC-5868-A55C-817B974DA525,observation_synthetic 3.csv,4379,observation
009E24B4-507B-54B0-B573-73A61D8F4223,observation_synthetic 3.csv,4380,observation
9C466739-65BD-5D5B-A8B8-8C7CECD4A267,observation_synthetic 3.csv,4381,observation
2D169540-9A25-53C3-8AC5-4ECA1BC36C91,observation_synthetic 3.csv,4382,observation
FB4BBE85-D834-5EEA-ACF6-E7217CC45CB9,observation_synthetic 3.csv,4383,observation
B4FBB0FC-EA8D-5228-980D-5D52D44CF761,observation_synthetic 3.csv,4384,observation
3C2198D8-0560-5872-B5B9-E8E92D53A5AD,observation_synthetic 3.csv,4385,observation
32159562-5D49-53BA-9363-34372934B706,observation_synthetic 3.csv,4386,observation
EDF9021A-69F8-520F-988E-324BAB177245,observation_synthetic 3.csv,4387,observation
9DFD7B06-DD0E-5FDC-B0ED-66946689B5DD,observation_synthetic 3.csv,4388,observation
9CA69C9E-AF14-5BB4-A967-AC4A3F8A7A75,observation_synthetic 3.csv,4389,observation
4FE6BAD2-6739-561B-B51F-D3090B71F9B3,observation_synthetic 3.csv,4390,observation
E7CA81FF-9804-5150-B600-5B0C603D879B,observation_synthetic 3.csv,4391,observation
56C476AB-E261-51B3-98AF-31DCEDD8D26D,observation_synthetic 3.csv,4392,observation
C10914E0-26AC-59AC-9290-F7B1EF1FFFCA,observation_synthetic 3.csv,4393,observation
35E6F5A5-6BF0-57E4-9087-CD6E45617F77,observation_synthetic 3.csv,4394,observation
053378FA-E628-5ED7-A27C-29E137FF1F91,observation_synthetic 3.csv,4395,observation
2A9355B4-EBEC-5887-AD47-88E9017DB051,observation_synthetic 3.csv,4396,observation
0924F927-E636-53C5-AA32-C49BADB9820E,observation_synthetic 3.csv,4397,observation
118B821C-FEC1-550E-9309-E89A4B025282,observation_synthetic 3.csv,4398,observation
F06071D6-1D37-5EC5-8E99-B400B5F734A8,observation_synthetic 3.csv,4399,observation
B1035ACB-EC05-5FDA-B249-28BA501B052C,observation_synthetic 3.csv,4400,observation
B1A87CA8-4CE7-5300-BA41-9FC9AE467E06,observation_synthetic 3.csv,4401,observation
BF83E8B8-4189-5DCF-BDB1-7D355CED88E0,observation_synthetic 3.csv,4402,observation
5ED00D5E-C4B0-58A5-8CEC-BD50143005BE,observation_synthetic 3.csv,4403,observation
089EE770-88DE-59C6-BEE4-E368CEE5E967,observation_synthetic 3.csv,4404,observation
44ABF395-80CC-5F48-A70F-4FF949C44D30,observation_synthetic 3.csv,4405,observation
7E63E3BB-67AA-5FF1-B698-87B28D990E07,observation_synthetic 3.csv,4406,observation
56D32D37-31E4-5843-9AF6-8713F0C23524,observation_synthetic 3.csv,4407,observation
3BBFA351-96C0-5101-85D7-7F0D86D2B29B,observation_synthetic 3.csv,4408,observation
1B5E99C9-2726-577E-9664-4FF0AB43700D,observation_synthetic 3.csv,4409,observation
64E12656-8DF4-56E9-B504-BA5C74A8C63E,observation_synthetic 3.csv,4410,observation
631D630D-7BE9-560B-A859-D7080908837D,observation_synthetic 3.csv,4411,observation
E699EEBB-3045-5BEA-9B82-447C00121B4F,observation_synthetic 3.csv,4412,observation
9AA15DD1-9A3F-55BC-9E87-E91E61A0ABB3,observation_synthetic 3.csv,4413,observation
E6173A7C-7FE4-5ECA-9284-B234FBCAF42B,observation_synthetic 3.csv,4414,observation
04524A00-1AAB-533D-B525-3B4B8EEEFABC,observation_synthetic 3.csv,4415,observation
0118D11A-45B9-5B5F-9C11-8EF511FD0ED0,observation_synthetic 3.csv,4416,observation
965F6908-F277-5E38-9347-BC646DC20773,observation_synthetic 3.csv,4417,observation
62D4B6A5-D9CB-53D4-9F65-E69FCB660F2C,observation_synthetic 3.csv,4418,observation
5D84CA5C-5292-5257-8D8A-93244CBF09B5,observation_synthetic 3.csv,4419,observation
149ED649-8763-5F17-A060-BCBF03694EA6,observation_synthetic 3.csv,4420,observation
7BB473FC-CA9C-5DCD-8414-92E1F551B751,observation_synthetic 3.csv,4421,observation
68F0C956-0AF0-5F0A-98FA-D0E4E2CA0887,observation_synthetic 3.csv,4422,observation
7CF029F0-A1CA-5DAE-904B-B9EAF65971B7,observation_synthetic 3.csv,4423,observation
20531CDB-A3D6-504A-A99E-AA40F289F03D,observation_synthetic 3.csv,4424,observation
080E7261-E5E8-5D00-B95A-DD6EC45E2A76,observation_synthetic 3.csv,4425,observation
87F27C65-0470-54C0-BB6D-6083187F53FE,observation_synthetic 3.csv,4426,observation
3309663A-BC7B-5E34-B919-F44866F02CC7,observation_synthetic 3.csv,4427,observation
0D0433F0-F7D7-5459-A5E8-D759C5C27DB1,observation_synthetic 3.csv,4428,observation
3CCC3868-8C8E-5922-9FDE-D2C6FC66142A,observation_synthetic 3.csv,4429,observation
E0A618B5-CAA1-526D-93EE-DE0BCEE5CD31,observation_synthetic 3.csv,4430,observation
99D6ADAF-CF57-5852-A74E-552269D8F867,observation_synthetic 3.csv,4431,observation
AE14D58C-3E75-5097-B548-411DDF5001DA,observation_synthetic 3.csv,4432,observation
ABE29404-96A1-5C72-9C13-5D549BB2FD1A,observation_synthetic 3.csv,4433,observation
E485D094-D303-5520-AFDF-8D20CB3ABE32,observation_synthetic 3.csv,4434,observation
2CB53E61-EA9F-5C86-87B9-67B37D89A167,observation_synthetic 3.csv,4435,observation
170D7747-1A1E-57F1-AC4D-13B7C912BE90,observation_synthetic 3.csv,4436,observation
F3F17D07-F45E-555C-AF09-C6E2EEE6F818,observation_synthetic 3.csv,4437,observation
A46FA848-AF6A-5900-BAF2-94ED3A53221F,observation_synthetic 3.csv,4438,observation
AD685EEF-9EF9-5139-99E3-CDE852E6359A,observation_synthetic 3.csv,4439,observation
C3E56C7F-A1A3-5ADE-BB28-36FD6A875CCA,observation_synthetic 3.csv,4440,observation
699AD573-9B4E-5E32-8188-41DFCE25F745,observation_synthetic 3.csv,4441,observation
A9CB0DE1-FBDD-54D6-95D0-D90DBE368ED8,observation_synthetic 3.csv,4442,observation
DFE59AAA-E3F3-5AFE-B0D2-04FBD65956B2,observation_synthetic 3.csv,4443,observation
72CB24D5-32DE-5F95-B00B-4FF1FA7FE606,observation_synthetic 3.csv,4444,observation
6DB1E41D-E4D8-5032-92BC-0B86511FC651,observation_synthetic 3.csv,4445,observation
F90BEE7B-B7EC-5187-81B4-D91B741ABE8D,observation_synthetic 3.csv,4446,observation
57080131-E0A7-5B78-80B6-7CB20441F884,observation_synthetic 3.csv,4447,observation
A25C4004-7D4A-5AD5-BB69-12139A08AFC1,observation_synthetic 3.csv,4448,observation
18A4B408-C642-5E9A-AA33-B82754543A53,observation_synthetic 3.csv,4449,observation
ABCD3FF3-29AF-565C-9DC2-6B83F2CCCD9E,observation_synthetic 3.csv,4450,observation
BCBD8F08-C148-5447-A7A2-617A37245BE6,observation_synthetic 3.csv,4451,observation
83EB0002-6F76-5729-83E4-F8E86D27B968,observation_synthetic 3.csv,4452,observation
23F232B2-84D5-590C-BC95-5EF6AD1B9E19,observation_synthetic 3.csv,4453,observation
455D12FC-43EC-5034-AC7D-6EFB5ADB52C9,observation_synthetic 3.csv,4454,observation
CC6C3AB1-438E-51DF-8398-58AF4ABB774C,observation_synthetic 3.csv,4455,observation
BC432129-A9E7-5CD8-8210-50D6E1083AF9,observation_synthetic 3.csv,4456,observation
15AA3FA8-A686-58BD-A7E9-9DE62A959B1D,observation_synthetic 3.csv,4457,observation
6EB729C7-8BD9-5EC7-8FC3-E2D6B4BAF7AC,observation_synthetic 3.csv,4458,observation
0FB947A8-50EB-574C-83FE-A4DB982C2069,observation_synthetic 3.csv,4459,observation
3FEB8771-5A9A-5139-A85B-7A8870FE0494,observation_synthetic 3.csv,4460,observation
E041EEBF-8CCB-5C82-A4B8-1BDDAC561F6C,observation_synthetic 3.csv,4461,observation
8AEEFDF1-1396-5389-9CA4-DD453FDFF895,observation_synthetic 3.csv,4462,observation
35E139E1-B395-5920-B513-6CAF1624257E,observation_synthetic 3.csv,4463,observation
1C76DE40-8B92-569E-8D8E-36D94317D5AB,observation_synthetic 3.csv,4464,observation
1C38433F-F0B1-5959-AC7C-0998EEB1BF38,observation_synthetic 3.csv,4465,observation
EA9F4D69-DD01-5601-95E9-9C1FB3FEF748,observation_synthetic 3.csv,4466,observation
5882B68D-7FD6-5628-87F1-7EDED7B81580,observation_synthetic 3.csv,4467,observation
36566637-68AD-520A-AC8B-0DC42B066EB3,observation_synthetic 3.csv,4468,observation
BD28598A-7436-5186-9CC2-101B1669FC0F,observation_synthetic 3.csv,4469,observation
2449A289-7DD0-5866-8067-211FB5D99B8C,observation_synthetic 3.csv,4470,observation
A3D9855E-B2A4-56C5-B6F6-FE05D7532009,observation_synthetic 3.csv,4471,observation
543F0063-D08F-5582-8C5D-093126E75C1C,observation_synthetic 3.csv,4472,observation
D34F520B-3910-5ED0-A2E1-3092747F6190,observation_synthetic 3.csv,4473,observation
1AB13C86-3607-59EA-AD81-CEBA5B9F7C04,observation_synthetic 3.csv,4474,observation
8C15B06F-C3B4-5675-95AC-076E942DAF3E,observation_synthetic 3.csv,4475,observation
FB3A74FF-CFF9-5C56-A95F-787498CADF3F,observation_synthetic 3.csv,4476,observation
458A3065-F17F-55F1-A100-711CDC6A9B40,observation_synthetic 3.csv,4477,observation
84B2A198-93EA-5187-AD54-CF32D9C80406,observation_synthetic 3.csv,4478,observation
4F29DAD7-B35F-5A58-B674-8BA925A20A92,observation_synthetic 3.csv,4479,observation
7A5F018B-B065-5F1B-82A1-F10FD62A4A59,observation_synthetic 3.csv,4480,observation
833E6D53-6450-54BF-86D4-7C211366E05A,observation_synthetic 3.csv,4481,observation
9CAF422E-1A79-5393-8FA9-DEE8612DAE15,observation_synthetic 3.csv,4482,observation
831351E8-3AFB-5AC7-BA74-64E04104D987,observation_synthetic 3.csv,4483,observation
7C1426C6-6977-5B6E-AB5C-D3C056D9EF86,observation_synthetic 3.csv,4484,observation
B9005A4A-9A48-5AC3-B177-EF3B3A662220,observation_synthetic 3.csv,4485,observation
38D095E1-6EC1-52F6-8CD9-DCA3699BEBE3,observation_synthetic 3.csv,4486,observation
A7CB6FA4-9372-54E3-90DE-C4A1795752A7,observation_synthetic 3.csv,4487,observation
FABD8E36-943C-5DBB-A5EC-5B7AEA49A418,observation_synthetic 3.csv,4488,observation
AD15C4F2-4C68-5149-A417-4A8CC52D32DC,observation_synthetic 3.csv,4489,observation
22A29320-3CE9-54B6-873C-AB8009F7BADA,observation_synthetic 3.csv,4490,observation
369935B1-AD72-5EA5-AB02-C580A1864055,observation_synthetic 3.csv,4491,observation
DA4C5C7E-30FF-5F4A-840C-C0B9CE9BE18B,observation_synthetic 3.csv,4492,observation
18DAED78-3A4D-5D43-B8EC-C9A178ACBBAF,observation_synthetic 3.csv,4493,observation
7057EB3D-539E-5879-8C43-F2E2C76B298E,observation_synthetic 3.csv,4494,observation
818B7040-FACE-5E18-BF5C-A9C49D46E901,observation_synthetic 3.csv,4495,observation
B547F62F-49FB-56F6-B95F-51DE9EC21BC9,observation_synthetic 3.csv,4496,observation
4B3A67E2-0BE2-5675-95A0-B7B0D5E69075,observation_synthetic 3.csv,4497,observation
C54CFCD8-63D4-5247-81A8-3CCE5807D135,observation_synthetic 3.csv,4498,observation
7F7A7650-AADA-50C4-9B0D-34F59D107158,observation_synthetic 3.csv,4499,observation
527022F3-1E60-5F02-9E50-CB33FEF9DC00,observation_synthetic 3.csv,4500,observation
4833A50F-9487-5912-A32A-A640510653A3,observation_synthetic 3.csv,4501,observation
9B7436C7-8A50-5C05-97B5-168AEF05E66C,observation_synthetic 3.csv,4502,observation
A16A5A9D-30B8-5EC7-8A20-13CF4E8D4AB6,observation_synthetic 3.csv,4503,observation
5C43D6BB-9FFF-537F-A68C-F9E8E2513CF1,observation_synthetic 3.csv,4504,observation
D7403276-5F68-54DA-BAE2-7BCD3F75E26F,observation_synthetic 3.csv,4505,observation
C29B84C7-3B31-5EBA-ABB7-98343B27FB19,observation_synthetic 3.csv,4506,observation
E58A5B5C-779B-59C3-AAB5-A263E81911E9,observation_synthetic 3.csv,4507,observation
256006E3-9EB5-5712-A1C0-37765906E974,observation_synthetic 3.csv,4508,observation
7AD8E937-0598-5011-BDA1-479716D4A3B9,observation_synthetic 3.csv,4509,observation
168B141C-7C93-591F-95CA-41AA2F6DB69C,observation_synthetic 3.csv,4510,observation
96C3132C-6F1F-5461-AD2E-C5C407771EB4,observation_synthetic 3.csv,4511,observation
1091228D-AF70-5545-86AC-423F90AA683F,observation_synthetic 3.csv,4512,observation
40ECFC62-FDDB-5E46-AC0B-2A15D5E308C8,observation_synthetic 3.csv,4513,observation
1D20CE9C-29B5-5DE2-96C7-CF3D9C9EDB53,observation_synthetic 3.csv,4514,observation
927BF90B-8816-5DED-AA93-22C04F9F4CA6,observation_synthetic 3.csv,4515,observation
E1F261C8-6996-50C1-93A3-67B74F73586E,observation_synthetic 3.csv,4516,observation
086D0AA4-DC47-51CB-8EFE-CA47AF77C97B,observation_synthetic 3.csv,4517,observation
3465DC5A-5BC8-5E61-9FCA-2A59E630BDAB,observation_synthetic 3.csv,4518,observation
FABF34FC-2FD5-56CB-A200-2C10234D75D6,observation_synthetic 3.csv,4519,observation
B1770E80-3B82-5133-BE8F-56272F363236,observation_synthetic 3.csv,4520,observation
EF9622CA-016C-5571-8CFA-BFE57418EE1A,observation_synthetic 3.csv,4521,observation
16C8697E-A76E-577F-82A6-5C2FBE5DB50B,observation_synthetic 3.csv,4522,observation
9CE0ADB5-54EC-5EF1-A398-E574DCC5A227,observation_synthetic 3.csv,4523,observation
1B897B54-5FA3-5B1C-A3A3-3C1F5DA6B9F8,observation_synthetic 3.csv,4524,observation
F35FE19B-37E3-58B3-88F8-B5B7D2373273,observation_synthetic 3.csv,4525,observation
7EB11215-27F4-5F95-A259-138E74D2DDFD,observation_synthetic 3.csv,4526,observation
E7098862-5CBB-5E62-8CD6-2BA7C57122F8,observation_synthetic 3.csv,4527,observation
D6409998-9BB7-5DD3-B83B-CC5CCDCC447B,observation_synthetic 3.csv,4528,observation
0965DE31-8C2E-5D09-9709-62291E19C9F8,observation_synthetic 3.csv,4529,observation
47D3D877-EEC6-5EBB-BED3-DD3074BD453B,observation_synthetic 3.csv,4530,observation
A97C4E36-1488-5668-B2B3-6CDB053F2209,observation_synthetic 3.csv,4531,observation
EE23B634-92FC-5B97-A6ED-8CAD82DFDBA1,observation_synthetic 3.csv,4532,observation
EEA54A48-03EB-5D88-A1C4-1F4E59A25CF0,observation_synthetic 3.csv,4533,observation
9D7019FF-C081-5342-95C9-16D457F2EC49,observation_synthetic 3.csv,4534,observation
84334A69-DD55-56FF-A691-957210D6DED5,observation_synthetic 3.csv,4535,observation
1D5A8B3F-E5A0-50C9-8D05-591F423B3AA9,observation_synthetic 3.csv,4536,observation
B90184E8-6323-5DD1-B4CE-59DCC395753A,observation_synthetic 3.csv,4537,observation
0140E37A-9864-5A51-B546-B5C5BF6AB56B,observation_synthetic 3.csv,4538,observation
4E2F86B6-BABE-529A-A903-E89FC8C64F5A,observation_synthetic 3.csv,4539,observation
4CEF8B2A-E216-5C41-B4B0-AA35A1F49A80,observation_synthetic 3.csv,4540,observation
A2C3D17C-6D90-54F1-AFA0-CFB7C8DEB53D,observation_synthetic 3.csv,4541,observation
E67F3C0F-BF40-5271-843A-5267525797AB,observation_synthetic 3.csv,4542,observation
DD8FCAB2-5EF2-5577-A303-D6BCBDDDFE9A,observation_synthetic 3.csv,4543,observation
8D70CD97-41A4-5A10-BB2E-7BDC496B9806,observation_synthetic 3.csv,4544,observation
8E53EB07-7157-5518-820D-AC3F42138A6B,observation_synthetic 3.csv,4545,observation
498A93FC-BF27-597A-80F6-CDC85CFD6701,observation_synthetic 3.csv,4546,observation
5535F4A9-2D95-56D8-BD05-DEC6A2CD7325,observation_synthetic 3.csv,4547,observation
59C2BE79-72A9-5952-BF22-0617AF0F174C,observation_synthetic 3.csv,4548,observation
6FEB9D8E-4CBE-58B1-809C-CE0ACF551A06,observation_synthetic 3.csv,4549,observation
ABC767A4-855E-5563-9F28-701C406C3BE7,observation_synthetic 3.csv,4550,observation
901F3C05-69DA-506D-830C-EAD46ADFB9FA,observation_synthetic 3.csv,4551,observation
F082821C-C2D5-5D2D-A14A-978A3EC79918,observation_synthetic 3.csv,4552,observation
A090DD97-C26D-5B87-BD99-AD35EB6D61B8,observation_synthetic 3.csv,4553,observation
A8DC812A-DE90-5B69-8522-87C8BB26EE3F,observation_synthetic 3.csv,4554,observation
B8435BC6-6241-5040-9C4A-42DDBBCF56FB,observation_synthetic 3.csv,4555,observation
C6F45250-660A-54B2-B7F6-29BB8FB9B7C8,observation_synthetic 3.csv,4556,observation
15639A0B-8F48-5D2A-8C11-C7A1204298AB,observation_synthetic 3.csv,4557,observation
C81E7731-EC2F-548E-8A5D-0C6B1D6C965E,observation_synthetic 3.csv,4558,observation
BE6D62D5-A990-5EFD-85B1-043A5AF6E36B,observation_synthetic 3.csv,4559,observation
FE8234EF-03D7-5CA1-9C8B-9CDDBB60E8FF,observation_synthetic 3.csv,4560,observation
1E6D0D76-0F18-5D1C-931B-8E1C14B85744,observation_synthetic 3.csv,4561,observation
5FD368BB-2D30-5FDC-8E6E-95F474F01D39,observation_synthetic 3.csv,4562,observation
4AC0B777-7540-558A-AD6B-98E2BC78751A,observation_synthetic 3.csv,4563,observation
D766AE06-F5D1-53BE-8FBF-8EA527C1851E,observation_synthetic 3.csv,4564,observation
6D3214DE-30B0-5493-A829-0F8BBF101EA7,observation_synthetic 3.csv,4565,observation
9FA89D11-B915-5367-BF43-3F582C23B40B,observation_synthetic 3.csv,4566,observation
DC61769C-E98D-5C48-829B-F0E438C9E2F6,observation_synthetic 3.csv,4567,observation
9F0FA80F-F41F-5801-9A91-4FD088443975,observation_synthetic 3.csv,4568,observation
6E365076-1F72-5C9E-8252-76AD370A63F5,observation_synthetic 3.csv,4569,observation
4D418028-CFEA-5491-878C-3EBE1CE6E5EF,observation_synthetic 3.csv,4570,observation
B7E51727-4DAB-5E53-B931-83311FBB6AD0,observation_synthetic 3.csv,4571,observation
ABB8A79A-BBF8-5415-A70D-BCB83A6F5732,observation_synthetic 3.csv,4572,observation
57898697-A336-576B-9B92-2836AEF2F041,observation_synthetic 3.csv,4573,observation
C059F464-6262-5384-A634-EB4E1DD03BF2,observation_synthetic 3.csv,4574,observation
6FD61244-5675-5AFE-AD86-6AD7A2099723,observation_synthetic 3.csv,4575,observation
52ACF432-36F4-538E-8F65-04C611160E32,observation_synthetic 3.csv,4576,observation
6D5E471E-351D-59A2-9456-1F16565F58FF,observation_synthetic 3.csv,4577,observation
CF074285-EA94-530D-A158-77BBFE9DDA87,observation_synthetic 3.csv,4578,observation
2F2DD0D8-9907-59CD-8F0E-88DEAF7C3C54,observation_synthetic 3.csv,4579,observation
E3629C03-E1DA-57AC-99A9-12C356A2D064,observation_synthetic 3.csv,4580,observation
11F09386-1305-5778-8E03-5DDB8E197A06,observation_synthetic 3.csv,4581,observation
527FBF14-F0A7-529D-B231-C4F64C6087F4,observation_synthetic 3.csv,4582,observation
1FF614B6-F2D9-52DC-A520-B800BB6A5A8B,observation_synthetic 3.csv,4583,observation
A57262B0-ABE9-55B6-BDF4-C120ED846D39,observation_synthetic 3.csv,4584,observation
EF3AD85A-8818-55E9-9E62-534BEEF1E5FF,observation_synthetic 3.csv,4585,observation
797D9B09-7F55-5050-BA12-5EBF2F52E088,observation_synthetic 3.csv,4586,observation
4CE676A5-1AEB-5EE2-8D6B-D0DACD2DFFAC,observation_synthetic 3.csv,4587,observation
04FF8ECC-27B3-5D3C-B93F-92F36036C96B,observation_synthetic 3.csv,4588,observation
B4396958-2FC2-55BE-A54E-9EDFD8F11791,observation_synthetic 3.csv,4589,observation
1C45BDF7-ED1E-52D3-AB66-42AB122D0255,observation_synthetic 3.csv,4590,observation
ECD6C079-AD36-5E00-9C20-B90A719F51ED,observation_synthetic 3.csv,4591,observation
E2699508-ED66-5D39-9A7A-416C2933CF00,observation_synthetic 3.csv,4592,observation
0809B82C-B43D-5FD2-9A0E-6CEEA141ABE1,observation_synthetic 3.csv,4593,observation
DD2AE545-8324-5E3C-A942-1DEBE9B20F73,observation_synthetic 3.csv,4594,observation
F9DC2CA4-9BEB-51F6-9D29-5F19B8BC9755,observation_synthetic 3.csv,4595,observation
396AB3FE-61B6-5653-9E18-11469DF65AA2,observation_synthetic 3.csv,4596,observation
2AEA6F2C-C936-541D-89D0-CB2C98C10EDD,observation_synthetic 3.csv,4597,observation
46E4AFB4-E964-5AB2-A275-C750E9A567D3,observation_synthetic 3.csv,4598,observation
021A300D-FB9C-52CA-9C78-E2092B501167,observation_synthetic 3.csv,4599,observation
BD13BCFA-31B3-5B9F-BB2C-B661E32F3BCB,observation_synthetic 3.csv,4600,observation
1E9DA1ED-78CC-599D-BD4C-D0763F3748E6,observation_synthetic 3.csv,4601,observation
3F61AC64-A8D1-5D26-9223-0D6FF1ADCEF6,observation_synthetic 3.csv,4602,observation
14787EA1-BAEE-5442-8B00-1758617CEF60,observation_synthetic 3.csv,4603,observation
1972E8FB-50CC-5367-B0A3-D4C0BDACAB3C,observation_synthetic 3.csv,4604,observation
F2A4317D-71DD-5053-B989-6CB917725257,observation_synthetic 3.csv,4605,observation
386A240D-3BB0-5E6B-9268-2B044BB1BC8B,observation_synthetic 3.csv,4606,observation
94CBB926-F5E7-58E4-9B35-426CC15209BA,observation_synthetic 3.csv,4607,observation
4255F545-C1D6-5A47-86AA-07045751CE75,observation_synthetic 3.csv,4608,observation
0DCDDD1D-B8B4-534B-8E9B-73D64FDAFE6E,observation_synthetic 3.csv,4609,observation
60AAC352-9BB6-5D40-B27E-729C5643A77B,observation_synthetic 3.csv,4610,observation
5952E1B1-CEDB-5359-834C-7E6515133D84,observation_synthetic 3.csv,4611,observation
3FDDA043-8D27-5BEE-A8B4-C8979EEBE5BE,observation_synthetic 3.csv,4612,observation
C9BA4788-1CF0-516A-9ACF-B5141D1735D8,observation_synthetic 3.csv,4613,observation
E2CFD562-972C-5E93-A681-0651468B4FF0,observation_synthetic 3.csv,4614,observation
22B6E525-2873-5C7B-A162-44188A6DC661,observation_synthetic 3.csv,4615,observation
08F450BE-8FFC-5A2E-80FC-3229C53A2C76,observation_synthetic 3.csv,4616,observation
6AEEC33F-4469-5208-AD58-9EA65AA99225,observation_synthetic 3.csv,4617,observation
4E634E44-6417-5411-BA32-995858ADBB8D,observation_synthetic 3.csv,4618,observation
D29C3214-7892-52AF-95F2-4557D96A6595,observation_synthetic 3.csv,4619,observation
5BA506DF-0D46-57DA-A2B2-3FA7C205151A,observation_synthetic 3.csv,4620,observation
CB5A3E6E-46EA-5ECF-851B-E187EB36A676,observation_synthetic 3.csv,4621,observation
76927491-1FF8-5DF6-86CB-23117AAB64F5,observation_synthetic 3.csv,4622,observation
BC87416B-9E66-55AF-9B06-739ABA13E69F,observation_synthetic 3.csv,4623,observation
6D44972C-E3A9-5ED3-A157-82E189C3EF1C,observation_synthetic 3.csv,4624,observation
029E06D8-B4C9-5EA6-941B-C9DCDF2A050F,observation_synthetic 3.csv,4625,observation
37DD3667-D043-5B56-9F95-AD77AA996E42,observation_synthetic 3.csv,4626,observation
480B84A7-4BD0-5043-88C3-D17B1E484578,observation_synthetic 3.csv,4627,observation
69FEC0F2-251B-5CD7-9BBE-C4368A9C58CB,observation_synthetic 3.csv,4628,observation
94F55073-6E1B-51B4-921F-094805FFF5DF,observation_synthetic 3.csv,4629,observation
46224365-24F5-5DDC-A96E-CC2A427FFCD1,observation_synthetic 3.csv,4630,observation
CB4AEE47-6189-535D-922C-9D4883423882,observation_synthetic 3.csv,4631,observation
BF9CEE33-5E21-5E34-AD0C-AC16C8AEB12C,observation_synthetic 3.csv,4632,observation
DF12FB60-1896-5224-AD42-73CA3FF54BDB,observation_synthetic 3.csv,4633,observation
79426167-8E25-58ED-A7D6-0A90BA5F966A,observation_synthetic 3.csv,4634,observation
08F395B2-FDDF-503A-B9FF-7F6741BC488A,observation_synthetic 3.csv,4635,observation
40E2D9FF-C122-501D-B7C3-F5FB6337958F,observation_synthetic 3.csv,4636,observation
347173E2-0249-5CBD-AC5D-D88B11DD4FBE,observation_synthetic 3.csv,4637,observation
F5BFE494-700B-5186-97F0-AED0F1ACD536,observation_synthetic 3.csv,4638,observation
BF878184-DF97-55CB-BF6E-6D1EF1AE22C1,observation_synthetic 3.csv,4639,observation
7E0DF936-B20F-533F-8784-14672D45C7C1,observation_synthetic 3.csv,4640,observation
980B5427-6FA9-50DC-BC1B-D5B7F5B85DF3,observation_synthetic 3.csv,4641,observation
C94ABE25-46C5-5549-8483-45BAE1ED83F1,observation_synthetic 3.csv,4642,observation
9718ABBE-5A62-5E84-82F1-691BC92E399C,observation_synthetic 3.csv,4643,observation
39BBE7B4-6966-5692-9801-9200904C4231,observation_synthetic 3.csv,4644,observation
A0378DC1-78A7-51D4-968B-2F38B1F71292,observation_synthetic 3.csv,4645,observation
3B904C90-7D05-563D-8673-F1DE77728854,observation_synthetic 3.csv,4646,observation
F7F753D8-A105-56FA-8BD8-058EAC92BA6D,observation_synthetic 3.csv,4647,observation
9C499392-B0A4-583F-9BA8-68204F8E89A6,observation_synthetic 3.csv,4648,observation
ECD88222-5CA0-53BC-BE6F-CF5831D1DACB,observation_synthetic 3.csv,4649,observation
A8F0FF10-56C9-5349-982E-8399EFDD8F1D,observation_synthetic 3.csv,4650,observation
23974985-C24D-529B-8990-B1B93CDD24ED,observation_synthetic 3.csv,4651,observation
EA00A3FC-CF0C-5C5A-8FD8-E6FB732D21C5,observation_synthetic 3.csv,4652,observation
722A9659-7A64-53ED-99C6-A2F326B46948,observation_synthetic 3.csv,4653,observation
8D02D117-67E2-5950-B60A-16E96D3B36FB,observation_synthetic 3.csv,4654,observation
A850D935-92C3-5A49-83EF-270BFF743951,observation_synthetic 3.csv,4655,observation
8767F36A-1722-5858-9467-0755CF9A90C9,observation_synthetic 3.csv,4656,observation
117FDD6E-9BE8-58B2-BEAD-DCE8A9D6969C,observation_synthetic 3.csv,4657,observation
F5B07F69-8F83-5A8F-920E-1D507E387576,observation_synthetic 3.csv,4658,observation
B7B5EB6C-AAD1-5037-A5B6-6814B253B20A,observation_synthetic 3.csv,4659,observation
D949F81F-B447-599D-BDE3-CE3083F7AAC8,observation_synthetic 3.csv,4660,observation
132890FB-86A1-538B-AB3E-335E859C6995,observation_synthetic 3.csv,4661,observation
ECBCA19B-303D-51FF-B2B7-1503E4B965B0,observation_synthetic 3.csv,4662,observation
83DB3A63-7A96-577D-9876-94997C297F5F,observation_synthetic 3.csv,4663,observation
A9A61D53-FBB3-5D95-A854-E6AE2D387809,observation_synthetic 3.csv,4664,observation
F8EABAB5-DEB7-5F52-B398-08DF8C9EF46F,observation_synthetic 3.csv,4665,observation
85130B40-676F-5CE7-9044-4F12B8502250,observation_synthetic 3.csv,4666,observation
BC785DB9-274D-5E49-A2DC-27313AC2B5D8,observation_synthetic 3.csv,4667,observation
9C74AB74-A6D4-5489-8204-A74EC7537FC5,observation_synthetic 3.csv,4668,observation
A6C2BC8B-945F-5A16-BFEC-70E7CCFC7A18,observation_synthetic 3.csv,4669,observation
4131AEDC-2E76-589E-B91A-8E1E6B08DC5D,observation_synthetic 3.csv,4670,observation
27761BDA-7668-5006-BD59-D31BA92AD428,observation_synthetic 3.csv,4671,observation
D0630FBE-40F5-54C6-BF3E-3AFAC1C5E99D,observation_synthetic 3.csv,4672,observation
3614FB4B-394D-5B37-8184-FAFA03D60ED3,observation_synthetic 3.csv,4673,observation
CC8181AE-8B66-5B5C-ADDF-DF5F3A313EC8,observation_synthetic 3.csv,4674,observation
5ADE4661-5522-519D-91B0-913DB69932C7,observation_synthetic 3.csv,4675,observation
1792147E-DB7A-52D1-A129-C15CDF088A9E,observation_synthetic 3.csv,4676,observation
3ED82D51-9AA7-51DF-97E6-6E7393A31737,observation_synthetic 3.csv,4677,observation
3243390E-49C3-5122-AED2-4DBB0C8C3901,observation_synthetic 3.csv,4678,observation
84DD5E09-3C30-5515-9F8C-94DC7F053BAF,observation_synthetic 3.csv,4679,observation
E48B1DDB-09BF-547E-AEFE-56FC416CB717,observation_synthetic 3.csv,4680,observation
A010E160-A03E-5009-B4FE-8EA7FBBAF617,observation_synthetic 3.csv,4681,observation
7CDFA228-8AE5-56E0-8D71-F36C261BE2F1,observation_synthetic 3.csv,4682,observation
613E3D9D-5579-5CB3-92F9-EBDE624737AB,observation_synthetic 3.csv,4683,observation
19F2F918-4E99-535B-AF51-D9D208EFA04A,observation_synthetic 3.csv,4684,observation
915DF1FD-C2C8-50DE-B392-1E3F95228F2D,observation_synthetic 3.csv,4685,observation
87ABEDAC-40D5-5486-B306-3CBE76EC85CC,observation_synthetic 3.csv,4686,observation
899BB6B7-651D-5730-A5ED-6FAB0DC1A70D,observation_synthetic 3.csv,4687,observation
3E5EB6B7-2285-5BE5-A09A-341E80B0760C,observation_synthetic 3.csv,4688,observation
0DCE9966-5D9F-53F4-A4E6-AEB8CE53F0FB,observation_synthetic 3.csv,4689,observation
FAE7B87E-F0B4-581D-AC49-E22435D5D3BE,observation_synthetic 3.csv,4690,observation
C449F4E3-57F2-5B66-9295-31A02C5BFFBC,observation_synthetic 3.csv,4691,observation
CE1D3DE4-B93A-540D-8833-F99396BCDB4C,observation_synthetic 3.csv,4692,observation
42068614-7659-55B8-8C6B-8641A0344463,observation_synthetic 3.csv,4693,observation
3545AC5A-5553-5D07-B7D8-3FECD1EF6927,observation_synthetic 3.csv,4694,observation
397EEEDC-C2AD-5CA2-AA5C-72CF23FF5DCA,observation_synthetic 3.csv,4695,observation
5F59E963-E8F7-5A77-8F90-9D3C611D37F3,observation_synthetic 3.csv,4696,observation
73C4CB5F-DB9A-5E97-8536-96935762E42F,observation_synthetic 3.csv,4697,observation
B42FC0DE-2BFE-58D5-A6B3-305F0D4D9648,observation_synthetic 3.csv,4698,observation
B6336F30-E7F1-54B8-98CB-FE284657C66E,observation_synthetic 3.csv,4699,observation
742AF2F3-7736-526B-9580-7D8B6ED15CA5,observation_synthetic 3.csv,4700,observation
127C8CD5-6195-596B-B42A-093954B62965,observation_synthetic 3.csv,4701,observation
D79A0176-7A98-5787-BB77-CF9D4BC54064,observation_synthetic 3.csv,4702,observation
EA1FE2E5-29AE-57E9-8C8B-6E02C7826AD7,observation_synthetic 3.csv,4703,observation
CF0CD205-7B56-59C9-A0FF-EBBE7451EFE2,observation_synthetic 3.csv,4704,observation
F8644EB3-FB30-5727-83E0-347DF645766D,observation_synthetic 3.csv,4705,observation
B1073D72-FC1F-5E59-92F2-0A4B81CBE358,observation_synthetic 3.csv,4706,observation
C91754F4-AB07-5B88-AD72-9AA0126D97D7,observation_synthetic 3.csv,4707,observation
A4B0E6BE-C9C6-51DC-8641-FEF45964B03D,observation_synthetic 3.csv,4708,observation
B491C49E-8F35-57BF-B5F7-763D09E314F7,observation_synthetic 3.csv,4709,observation
4977264B-E099-520B-9EAF-B9243454FBD3,observation_synthetic 3.csv,4710,observation
CA119DA7-0482-5D0A-AF26-94A16BBCA53C,observation_synthetic 3.csv,4711,observation
F54566A9-EF24-5128-ADF8-1791A29880A3,observation_synthetic 3.csv,4712,observation
6F070BD5-7508-5E7B-97AB-3A738D83641D,observation_synthetic 3.csv,4713,observation
480E6146-2940-5EC5-853D-50F1BECD23A3,observation_synthetic 3.csv,4714,observation
061BB3A3-3251-58A3-A88B-BC8F0F5E1A51,observation_synthetic 3.csv,4715,observation
8583DC5C-278A-515E-93A2-F8FF6C3F68BC,observation_synthetic 3.csv,4716,observation
347BAD76-EF18-5310-9D19-EF00126291A7,observation_synthetic 3.csv,4717,observation
B750244E-66AB-5C47-BDA4-8E31001C08D6,observation_synthetic 3.csv,4718,observation
58C7099D-FE95-5772-99F3-A8845F4727A5,observation_synthetic 3.csv,4719,observation
7D5054C2-C37A-53C3-8B0B-37E423F42246,observation_synthetic 3.csv,4720,observation
499B2845-670A-5F6C-88DF-A2DE3F061A88,observation_synthetic 3.csv,4721,observation
995A2921-4D8B-50CC-AE47-141A90AE867A,observation_synthetic 3.csv,4722,observation
B10966E7-7FC3-5651-A0F4-1F1A849A58C3,observation_synthetic 3.csv,4723,observation
5327BCF1-0C32-5FB0-AB19-E997A77F8042,observation_synthetic 3.csv,4724,observation
45319445-3EBD-544B-8D86-8A6C96B2B2BC,observation_synthetic 3.csv,4725,observation
EE557189-05FC-5A96-AF91-424C1C8EB6CF,observation_synthetic 3.csv,4726,observation
1E52B69A-2D8C-5DA6-89FD-BA3B3EE6E2AC,observation_synthetic 3.csv,4727,observation
E05869CC-87E0-5E1F-94A0-D26117645A6D,observation_synthetic 3.csv,4728,observation
1D886B50-3AFB-5BBA-B39B-3E6B150159A4,observation_synthetic 3.csv,4729,observation
FE9927C5-B2E7-5773-A691-F5765E549347,observation_synthetic 3.csv,4730,observation
6207C180-3CC9-5EFF-8E29-38844AC48E28,observation_synthetic 3.csv,4731,observation
4152D989-3C6E-52E0-80FA-F733DC6FD19E,observation_synthetic 3.csv,4732,observation
EFF76177-A8D2-5A8D-B0FE-5F54D3ED48BD,observation_synthetic 3.csv,4733,observation
70155292-425C-583E-9BF8-2CD19D506B76,observation_synthetic 3.csv,4734,observation
6E74DF83-420C-5C59-85C0-7B57CF92785C,observation_synthetic 3.csv,4735,observation
8B718793-48A8-552B-96D8-1D9121A7991B,observation_synthetic 3.csv,4736,observation
D7457E9E-6778-5D58-92D8-4583CBB5A57E,observation_synthetic 3.csv,4737,observation
187ED5DD-E521-57CF-A326-65E26C174E6B,observation_synthetic 3.csv,4738,observation
6A59576C-0B27-54EE-BB98-C7B1EE12FACC,observation_synthetic 3.csv,4739,observation
7D1D70C8-EBB1-5E2C-BB96-82C080AB0597,observation_synthetic 3.csv,4740,observation
B3231A35-09BA-577B-8BE8-2009636A3585,observation_synthetic 3.csv,4741,observation
79670745-1A3B-528D-9BAE-22F55F7A94DF,observation_synthetic 3.csv,4742,observation
3EF0659D-2F74-5D6F-9CA1-D956E8CF2E00,observation_synthetic 3.csv,4743,observation
670DFEBD-BC4E-55F0-948B-C2B7D4B295C1,observation_synthetic 3.csv,4744,observation
267420E2-7060-5D51-8EEB-D7A3DD96459B,observation_synthetic 3.csv,4745,observation
C8CF88B8-2757-56B5-A28C-86D932305ACA,observation_synthetic 3.csv,4746,observation
ACEF7EFF-6D4E-5C84-8AE2-DBD6307B28CC,observation_synthetic 3.csv,4747,observation
DEC6CF36-27AF-510C-9399-C14CB4BB0F13,observation_synthetic 3.csv,4748,observation
53DC7DB2-4780-5F86-B485-42486E33BC4B,observation_synthetic 3.csv,4749,observation
4D7266E5-5AA7-5157-83FC-93B15E0F7D8D,observation_synthetic 3.csv,4750,observation
EEA37104-A178-5FDB-9176-4738B5BC54AD,observation_synthetic 3.csv,4751,observation
3F2DF68E-964F-53BB-91BB-49BE7754094C,observation_synthetic 3.csv,4752,observation
930B2A9C-52BD-55DC-BA96-21F84DB5436F,observation_synthetic 3.csv,4753,observation
F91FB3DE-BDDA-52CF-B481-375500E7CD53,observation_synthetic 3.csv,4754,observation
B51C1E8D-EE2F-5951-965E-F273F7DA3A15,observation_synthetic 3.csv,4755,observation
546573D2-4D0A-548C-A700-9F0D2D3CF3E3,observation_synthetic 3.csv,4756,observation
FFFEDBAC-19F2-5789-BB4A-689C45DE74C9,observation_synthetic 3.csv,4757,observation
A2DC8824-EC71-5863-A2DF-7A0418FC6771,observation_synthetic 3.csv,4758,observation
804ECAAB-FFFE-575D-8198-32C47AA625B3,observation_synthetic 3.csv,4759,observation
0D69AD4B-3168-575A-8BA4-89BAC4346DD1,observation_synthetic 3.csv,4760,observation
022175BE-76A4-59B9-B03A-034E774998C8,observation_synthetic 3.csv,4761,observation
80945E7B-F044-5966-BFEC-4C9E5215D903,observation_synthetic 3.csv,4762,observation
9120A4DA-B0BF-50DB-8025-7D2229DB953F,observation_synthetic 3.csv,4763,observation
6DCF1889-301B-58C0-B807-C7B8AB436E8E,observation_synthetic 3.csv,4764,observation
B7B87C58-EB04-5BFD-8108-6621B884997A,observation_synthetic 3.csv,4765,observation
EDDC9225-0D97-5F3C-A55D-A40278520D35,observation_synthetic 3.csv,4766,observation
3543278B-E103-5860-B3B2-1DE1915CBAE6,observation_synthetic 3.csv,4767,observation
59B74E70-17E0-5B5C-B140-C3E36B38F4EB,observation_synthetic 3.csv,4768,observation
3C093380-A4E7-534A-AC12-0CE7D38EE22F,observation_synthetic 3.csv,4769,observation
63DAED40-343B-5C97-A12E-F52FB7797C71,observation_synthetic 3.csv,4770,observation
A71932BF-9156-5B86-AF87-B9A3BC761A1A,observation_synthetic 3.csv,4771,observation
DC9EDFDE-EAD0-5D62-8FDC-2D4364534A1B,observation_synthetic 3.csv,4772,observation
49FBA60D-1B1C-50FF-B5C4-CE82C3FBA1F8,observation_synthetic 3.csv,4773,observation
CFF4C151-135D-5B99-BD07-43F7DC3B3833,observation_synthetic 3.csv,4774,observation
C8307EF7-42B6-552F-8861-BBD849C77AF7,observation_synthetic 3.csv,4775,observation
57F2CF4A-45EC-5529-89D8-5C1D673FE345,observation_synthetic 3.csv,4776,observation
13905E71-C8DC-5F6B-88D5-C1DDF96513FE,observation_synthetic 3.csv,4777,observation
A5BA16B1-60E7-52A4-82E2-FA9DE41F8C1B,observation_synthetic 3.csv,4778,observation
15BF9F80-D5D1-58AF-9814-E676564BDFE6,observation_synthetic 3.csv,4779,observation
C47A55A9-4C80-57B8-A671-5A9E8D855E6E,observation_synthetic 3.csv,4780,observation
EFE80807-D97A-534E-B864-3D7113F9DA64,observation_synthetic 3.csv,4781,observation
D4E9D308-0586-5C90-9ED5-301DBCA4D513,observation_synthetic 3.csv,4782,observation
E794C892-CBE4-572B-B246-6DED984F65EC,observation_synthetic 3.csv,4783,observation
5B9C0E4C-FA38-57A5-BBB8-665A47FA19FF,observation_synthetic 3.csv,4784,observation
AE888003-DD8C-563A-ACB2-5A35E5B6A37B,observation_synthetic 3.csv,4785,observation
BC4ACE6E-EB00-5FF5-8123-DFB2600651F9,observation_synthetic 3.csv,4786,observation
B1F9F522-C89A-5A4F-A0FC-0E6668E37AE6,observation_synthetic 3.csv,4787,observation
0F6EAD23-9D1E-5C44-B233-690554675FCE,observation_synthetic 3.csv,4788,observation
201E8D87-5CF4-55A0-84BB-47721563CCA3,observation_synthetic 3.csv,4789,observation
440815BC-8C2A-5885-ACB5-BC8A5CAAEFBC,observation_synthetic 3.csv,4790,observation
590D2474-5928-520E-BFE0-9FA1701B2E73,observation_synthetic 3.csv,4791,observation
94AD4A41-318F-5D6D-B385-C693EE096689,observation_synthetic 3.csv,4792,observation
D9AA6814-DBF3-5919-8187-E1B4D0487C64,observation_synthetic 3.csv,4793,observation
D941E85A-2010-5437-8FBB-F844B45F7CF9,observation_synthetic 3.csv,4794,observation
2B75B046-B4F1-5108-9359-147395776DA4,observation_synthetic 3.csv,4795,observation
DA93CB2D-7D62-5BAA-BA9D-A7799F509B9C,observation_synthetic 3.csv,4796,observation
8C4AD7DA-BF19-5CC7-9922-DD1C6BD3AFBA,observation_synthetic 3.csv,4797,observation
021B5CE6-D7D3-5413-829E-B3602171C86D,observation_synthetic 3.csv,4798,observation
389F1733-1437-5C82-9794-445D7508711A,observation_synthetic 3.csv,4799,observation
1F724EAF-0F2F-5DEE-82C5-BF9BFC1E1A46,observation_synthetic 3.csv,4800,observation
FDE4B544-91BF-5981-B421-288E1890B025,observation_synthetic 3.csv,4801,observation
E0DED3A7-C710-5EFD-A44F-04AAF537FF22,observation_synthetic 3.csv,4802,observation
E4EB5C5D-6295-5906-A989-21CF72545634,observation_synthetic 3.csv,4803,observation
EEED1080-B42A-5244-8E99-C6ADC1EEB40A,observation_synthetic 3.csv,4804,observation
64ADFBF2-E969-5662-94AC-390584B66859,observation_synthetic 3.csv,4805,observation
3010CC54-01CC-535D-A4E3-DA14A9BD0739,observation_synthetic 3.csv,4806,observation
7983449F-A9C9-52E8-B24F-55E0090A2199,observation_synthetic 3.csv,4807,observation
8E896D2A-B2E0-5577-9F39-D5B797BD9650,observation_synthetic 3.csv,4808,observation
4DFC8432-3F6D-5378-AB28-E06B02075DE9,observation_synthetic 3.csv,4809,observation
78F2D67F-E2C0-5AAE-A843-3733CE5BD71F,observation_synthetic 3.csv,4810,observation
AC0FEBC6-77E7-575E-A8EF-D1D4E83A7685,observation_synthetic 3.csv,4811,observation
76048DAB-0F5D-5B1B-8006-915BA3279106,observation_synthetic 3.csv,4812,observation
96E45AA5-D521-5637-905D-A1F53FA677A5,observation_synthetic 3.csv,4813,observation
8DF0163D-306A-5754-9C84-ADB76731892D,observation_synthetic 3.csv,4814,observation
63318921-A795-53A0-8B45-18B096C44BD9,observation_synthetic 3.csv,4815,observation
24F5AC79-04A6-5BE2-B2FA-CE3CF12CCF34,observation_synthetic 3.csv,4816,observation
DB582382-095C-5F60-8AEC-25267BC64B96,observation_synthetic 3.csv,4817,observation
BBA6ACE7-D41B-5715-84EB-F2C098937199,observation_synthetic 3.csv,4818,observation
A5EFF7F8-C2EF-5E96-BFC9-7A1C7C9921B6,observation_synthetic 3.csv,4819,observation
19FEBEB4-DC35-5FA7-97D6-753B2E2A7AC6,observation_synthetic 3.csv,4820,observation
CBD2E5FD-0D34-55C0-B005-4495D5375E43,observation_synthetic 3.csv,4821,observation
6F400648-09B8-5CAC-A589-0B58C73A3FD1,observation_synthetic 3.csv,4822,observation
4782D903-233C-5245-8BD1-2A4EC437B393,observation_synthetic 3.csv,4823,observation
D946A68E-293C-59E5-BF00-0CCF35BE6ADA,observation_synthetic 3.csv,4824,observation
9C256079-F101-52CD-9C03-9534247EA6D4,observation_synthetic 3.csv,4825,observation
CC432FE3-9BBF-5CC9-992D-C6CD0F7DE9D2,observation_synthetic 3.csv,4826,observation
8F6CA056-A59A-57CD-A3D6-FA5D8CB9EE5F,observation_synthetic 3.csv,4827,observation
0118D243-14D6-5BCB-96FA-19FBCA8FB6A1,observation_synthetic 3.csv,4828,observation
5C94A31F-9D0A-512A-8818-68AAD3A2737A,observation_synthetic 3.csv,4829,observation
5246B250-FD12-5F45-9D73-D12175EF104A,observation_synthetic 3.csv,4830,observation
F543CC92-28CA-515D-B76A-F889CD4B3D42,observation_synthetic 3.csv,4831,observation
F03A754D-2260-5CEE-A068-AE7D7031A768,observation_synthetic 3.csv,4832,observation
0302EBDF-71BB-5027-B64B-3C6E40CE53F9,observation_synthetic 3.csv,4833,observation
F5249813-D4D0-57A8-B87F-6AF5652199FE,observation_synthetic 3.csv,4834,observation
A753C821-4A81-5EF7-B3C6-C955E649AE10,observation_synthetic 3.csv,4835,observation
380E7163-266B-52F7-B0AF-E0B5C6B2569B,observation_synthetic 3.csv,4836,observation
ADE068AE-BAAA-59B6-996F-ADB90391095F,observation_synthetic 3.csv,4837,observation
7FF13BBB-39C6-5D4C-9464-4B28DDB4CAC2,observation_synthetic 3.csv,4838,observation
3DAEA47B-65FF-55BA-9F53-466F717FEC1B,observation_synthetic 3.csv,4839,observation
0DA01A67-39C8-5F9D-98E8-7051A0BBA022,observation_synthetic 3.csv,4840,observation
6C463D1B-4032-57AA-97DB-06B5C994F784,observation_synthetic 3.csv,4841,observation
EE6C18D9-489F-5645-A7EF-15A76A98F308,observation_synthetic 3.csv,4842,observation
32042AF2-E443-57C4-BD09-3CF557E914E9,observation_synthetic 3.csv,4843,observation
D04B2C89-13FE-572C-9B00-9B4CB27E5132,observation_synthetic 3.csv,4844,observation
D192264A-412A-5484-8E0D-2F8144343089,observation_synthetic 3.csv,4845,observation
13273C37-3B9A-5875-93F5-BFE03F8496BA,observation_synthetic 3.csv,4846,observation
92A065B2-C235-5D9D-8817-D2FDAE19561A,observation_synthetic 3.csv,4847,observation
A64BC739-4F86-5F90-B7F3-A8C269F82438,observation_synthetic 3.csv,4848,observation
17B39F1D-C838-5B4D-A54E-BE4828A6C6B0,observation_synthetic 3.csv,4849,observation
7E8BF442-C492-516E-A4FB-F0F0D0377520,observation_synthetic 3.csv,4850,observation
ED55D4D0-4099-5E4A-A99B-A1DEB35ACC59,observation_synthetic 3.csv,4851,observation
C27A5DB0-6F27-5275-BC0C-4D087C9EA6E9,observation_synthetic 3.csv,4852,observation
58ED9AB3-5EA5-5010-A2DC-C078A4194E2A,observation_synthetic 3.csv,4853,observation
2F83F003-F131-5808-A7E5-BB4C827644C0,observation_synthetic 3.csv,4854,observation
6D1BCB9B-EEAC-5CC2-9BA6-3B77411EB6FE,observation_synthetic 3.csv,4855,observation
499E78A6-307E-5F59-939F-F22CC8DE8F30,observation_synthetic 3.csv,4856,observation
B8F5F6B0-0D8B-5142-B6F1-E5FC4A27B5B9,observation_synthetic 3.csv,4857,observation
EAE9B418-7B01-5019-87C2-012BC41D1CB8,observation_synthetic 3.csv,4858,observation
9F521924-CD88-5B0A-9FAB-BF4D02488280,observation_synthetic 3.csv,4859,observation
ED8C0F4A-2ED9-5FD6-8B0B-BDFFDFE7C62A,observation_synthetic 3.csv,4860,observation
30DA32FD-33E6-5138-8E2F-1C6BA1D69BF2,observation_synthetic 3.csv,4861,observation
05A884EB-98D5-524E-9611-1B5924D0939A,observation_synthetic 3.csv,4862,observation
A49D632A-6B5A-51C2-B0D7-921DAE42631F,observation_synthetic 3.csv,4863,observation
6F580755-82DD-5B59-8972-462E84368C5F,observation_synthetic 3.csv,4864,observation
9833685D-EDAC-5738-9926-1B6DB22533DD,observation_synthetic 3.csv,4865,observation
5EDD0D66-AE8F-54F2-84EC-52D4732005B5,observation_synthetic 3.csv,4866,observation
383D6B0D-B783-53A3-82E9-12875C796EA1,observation_synthetic 3.csv,4867,observation
3685A6A8-5254-5DB1-BECE-8A7A8711C35F,observation_synthetic 3.csv,4868,observation
831B6052-34F3-55A8-ADD6-4250FB99A5F0,observation_synthetic 3.csv,4869,observation
181F47B3-4C70-5672-AC82-AAED5C3A7013,observation_synthetic 3.csv,4870,observation
46974ECE-ABB6-51AA-B5F6-997D47AC9D29,observation_synthetic 3.csv,4871,observation
CB3F2054-2A5F-5265-A23F-4944FCCA6366,observation_synthetic 3.csv,4872,observation
F6D69D52-E652-57B6-9F9A-D64EF9133457,observation_synthetic 3.csv,4873,observation
278958F1-C519-5D15-BAEC-FEC3DC63197D,observation_synthetic 3.csv,4874,observation
2E9434D9-91C7-5F31-8EA6-0F6F1DCF3111,observation_synthetic 3.csv,4875,observation
7DD10041-F1D9-5972-BE0E-FE4C43516300,observation_synthetic 3.csv,4876,observation
0D4B4A2B-979E-5BE9-A173-93809CE40870,observation_synthetic 3.csv,4877,observation
D815729C-D3A4-52CE-B776-C0A4107073D1,observation_synthetic 3.csv,4878,observation
138DE7AB-2446-58C3-80B1-4581544CF5CC,observation_synthetic 3.csv,4879,observation
8A18FC76-72B6-5F4D-9D57-594B98BA2112,observation_synthetic 3.csv,4880,observation
04F8CF43-01E2-5134-8B00-85A57CF9A6E5,observation_synthetic 3.csv,4881,observation
29BF1CAF-4567-50BA-BDD7-BD2B1F44E2F8,observation_synthetic 3.csv,4882,observation
D6FBD0E8-1A3C-51D9-AFE0-C032A92E1A6E,observation_synthetic 3.csv,4883,observation
11CC3345-3B83-5448-BE48-486E755D1E1E,observation_synthetic 3.csv,4884,observation
5353DF52-C6D5-5D17-AE0C-7211E726F70C,observation_synthetic 3.csv,4885,observation
B3F470E2-9420-5AC5-B27C-DC128FAA3441,observation_synthetic 3.csv,4886,observation
2F5345FA-3644-547B-9752-32041B4339E1,observation_synthetic 3.csv,4887,observation
DA390BA1-9747-5474-B768-D78CEF40C1E6,observation_synthetic 3.csv,4888,observation
59A3D11D-DF16-5C81-8B94-8E61DE8D65E6,observation_synthetic 3.csv,4889,observation
48BF569F-F842-5CA5-B82C-C3F9E0AA0721,observation_synthetic 3.csv,4890,observation
720E87C5-CCE8-50EE-A891-A259197EC7F7,observation_synthetic 3.csv,4891,observation
2CBA8DF3-A33C-5A64-9E06-F283871D4D03,observation_synthetic 3.csv,4892,observation
6D8F90A0-841F-59F2-B1A7-409CC28FD6EE,observation_synthetic 3.csv,4893,observation
0A5181AF-F8B9-5930-A95E-828DF1E52D1A,observation_synthetic 3.csv,4894,observation
C9E67053-D869-59AF-BD74-9B750ABD370A,observation_synthetic 3.csv,4895,observation
C0100CE7-2381-5966-A2B4-23A03193945F,observation_synthetic 3.csv,4896,observation
C7E7C7ED-2AE4-5EA2-A074-D97FC63C6B95,observation_synthetic 3.csv,4897,observation
1C1947E5-CFC8-58FA-80C7-8632B7DBD09D,observation_synthetic 3.csv,4898,observation
A86FF98F-4426-5155-995F-39F62EE1527D,observation_synthetic 3.csv,4899,observation
C411E815-9D6D-5340-98DF-679991929EBA,observation_synthetic 3.csv,4900,observation
6F4A40DD-31B7-56E5-879E-0C0943ADD558,observation_synthetic 3.csv,4901,observation
F5E42D1B-8E11-5759-AA5B-61B746D31FFD,observation_synthetic 3.csv,4902,observation
EE0DE17F-4DF0-5D86-8264-A691E0FCA739,observation_synthetic 3.csv,4903,observation
E27F9BF9-9402-5779-96AC-489EA99C1FD4,observation_synthetic 3.csv,4904,observation
FA279346-3374-5BF6-AFF6-E967EAB2F9A3,observation_synthetic 3.csv,4905,observation
5A46E7C9-E2C1-5DB2-97F9-FD6BDFC0806C,observation_synthetic 3.csv,4906,observation
C8D7A3AC-A548-5EB5-AE09-B52FC663E108,observation_synthetic 3.csv,4907,observation
7FCF4411-A80D-5E19-B91B-7C04BE9B88D8,observation_synthetic 3.csv,4908,observation
E946467A-E7D1-59BC-B026-37DB055EE4C8,observation_synthetic 3.csv,4909,observation
A077E668-B284-52D7-9724-A72F22ECD273,observation_synthetic 3.csv,4910,observation
36812F5F-4DA0-5805-BB79-16F5066902E1,observation_synthetic 3.csv,4911,observation
7FCA77D6-86F8-506F-AFB9-31C462E0F9BC,observation_synthetic 3.csv,4912,observation
B8C0BA3E-6A85-50D8-B394-3E68CF4E6461,observation_synthetic 3.csv,4913,observation
C3DE8F5F-A144-5130-9E3C-3B3C1E3F25F8,observation_synthetic 3.csv,4914,observation
DCB03299-B62C-5537-B42A-A096D651584A,observation_synthetic 3.csv,4915,observation
92099CA5-4FB0-546F-8B64-894631C1F0E8,observation_synthetic 3.csv,4916,observation
AC6FF8AC-B327-5BC2-90CA-19785118DCC4,observation_synthetic 3.csv,4917,observation
68850ACA-CEE6-55FB-A16C-1135C0CC7A58,observation_synthetic 3.csv,4918,observation
1130424C-F684-5589-AB06-B0468301430B,observation_synthetic 3.csv,4919,observation
DF004DFD-E7A2-5D78-9492-98CF3951C1AC,observation_synthetic 3.csv,4920,observation
9828117B-C280-5ECA-BECF-AE1B9880A5F9,observation_synthetic 3.csv,4921,observation
BD56D0B0-8820-547F-88B5-097F827E59E8,observation_synthetic 3.csv,4922,observation
7FF5DC99-221D-5ABD-B02C-5D98B91A0392,observation_synthetic 3.csv,4923,observation
CCD942F4-4355-5E71-B97A-F5E0DBE00AA1,observation_synthetic 3.csv,4924,observation
3E12BF2A-EC12-51EF-8957-4B99C774AD15,observation_synthetic 3.csv,4925,observation
0D58C8FC-BEA5-51CA-8951-B9B860FBA031,observation_synthetic 3.csv,4926,observation
3F7812A9-A763-5A71-BCE2-CB98E0FD441F,observation_synthetic 3.csv,4927,observation
A6CE3AE5-0D81-5C03-B6EA-1C8543A77F1A,observation_synthetic 3.csv,4928,observation
2AAC8C65-E158-539B-8955-53901623AFE5,observation_synthetic 3.csv,4929,observation
5591FBA5-FA91-5B15-869A-D725FEE92F3B,observation_synthetic 3.csv,4930,observation
5652687A-326D-5349-985E-408BA28768C4,observation_synthetic 3.csv,4931,observation
09077DAF-E6C8-536F-822A-376F4AB70C22,observation_synthetic 3.csv,4932,observation
A8665E26-21ED-5384-8EC2-0363F8CE905F,observation_synthetic 3.csv,4933,observation
12480732-1728-576A-BDE8-E2C9759F335C,observation_synthetic 3.csv,4934,observation
ACFC484F-3DBD-544F-B2E6-F1EAD46F349B,observation_synthetic 3.csv,4935,observation
84B184D2-2C6D-50DE-A922-E1A94B1D605E,observation_synthetic 3.csv,4936,observation
7FB0A2E7-172B-534F-928C-3A46B317EAD9,observation_synthetic 3.csv,4937,observation
896DAF90-3251-59AF-85DA-3A952334C77C,observation_synthetic 3.csv,4938,observation
0058F2F3-AFAF-50AC-9EA6-627EDD07A394,observation_synthetic 3.csv,4939,observation
5600C044-55D9-523C-8601-F58528110B0D,observation_synthetic 3.csv,4940,observation
3CB209B2-49B3-5C92-9B53-6F922F87226B,observation_synthetic 3.csv,4941,observation
3BCDA513-EA3D-5751-948F-2F3BB6357602,observation_synthetic 3.csv,4942,observation
3CCE0CDD-CBC9-56C3-90BA-D9BB5DCCC534,observation_synthetic 3.csv,4943,observation
65D69367-B01C-5B28-BEF2-80265AA2C21A,observation_synthetic 3.csv,4944,observation
9432A73A-5EEF-53A2-802C-A91272EA4537,observation_synthetic 3.csv,4945,observation
81CE52AE-F992-5309-8F98-339A96CB6FFE,observation_synthetic 3.csv,4946,observation
01C3FAED-9BF1-5AE3-9B56-B698901CEE62,observation_synthetic 3.csv,4947,observation
F549E7AD-039B-579F-B044-1F3444D62DC9,observation_synthetic 3.csv,4948,observation
8168C0E4-3192-54EA-9209-8620AC2B6E65,observation_synthetic 3.csv,4949,observation
ADA74606-73FB-52F4-A924-3CDFAD333818,observation_synthetic 3.csv,4950,observation
4071AD66-2762-5068-959B-B41836B6993A,observation_synthetic 3.csv,4951,observation
45FDB3E1-F966-5E62-AE63-BD8BD159BCA9,observation_synthetic 3.csv,4952,observation
E4C99621-9B83-5B99-8FF5-A82ABF04BD72,observation_synthetic 3.csv,4953,observation
BD70C430-C10B-5E9E-9421-992DB1CECF3F,observation_synthetic 3.csv,4954,observation
D5A6B76C-5804-5FE5-87AA-BCF617B4A344,observation_synthetic 3.csv,4955,observation
B1C3B930-F326-51F9-BA3B-097B4F440D48,observation_synthetic 3.csv,4956,observation
217C12DA-04B1-5B0F-8393-2DA85A9698F3,observation_synthetic 3.csv,4957,observation
A875B086-33A2-5FDD-B1B6-F7CE73DE5C80,observation_synthetic 3.csv,4958,observation
980332A1-44F3-5AEA-872F-C1BB8D889B47,observation_synthetic 3.csv,4959,observation
3863A4C2-7C29-568D-814F-5B413DB0C5B3,observation_synthetic 3.csv,4960,observation
B9C5A039-7F0D-5545-AA98-7BC9E949D581,observation_synthetic 3.csv,4961,observation
0DB44D10-F382-5CA2-98ED-8D6B88CD5A25,observation_synthetic 3.csv,4962,observation
E8634D8B-A938-5F19-9E80-77451D666552,observation_synthetic 3.csv,4963,observation
146C0BD5-A5A5-5EB7-AD0F-F8C7B7D342FF,observation_synthetic 3.csv,4964,observation
7ACBBF72-E286-5962-8AF5-804355B2970D,observation_synthetic 3.csv,4965,observation
B90AA060-FF39-5E63-984E-3012270D0D50,observation_synthetic 3.csv,4966,observation
6BA33DCD-8B4D-50FE-AC53-072B5E69A37F,observation_synthetic 3.csv,4967,observation
600E5DDF-F55E-599C-96E6-88B72B3AF4B9,observation_synthetic 3.csv,4968,observation
34447E59-87E3-5A42-822A-D8973AA34D9E,observation_synthetic 3.csv,4969,observation
08AA3584-EBD1-5D6B-B5E7-DB6F306551A7,observation_synthetic 3.csv,4970,observation
8A13333C-B441-58DB-8F64-4FA1195FDCCD,observation_synthetic 3.csv,4971,observation
0413498A-4CE1-5BFE-B683-BF610848A4EE,observation_synthetic 3.csv,4972,observation
FD2460A9-CB27-5A4E-9695-AF05A0765800,observation_synthetic 3.csv,4973,observation
ED8E50FF-8DCA-54EA-9978-5B1BF8451088,observation_synthetic 3.csv,4974,observation
9987494C-8F21-5197-AB09-926B03C2BC53,observation_synthetic 3.csv,4975,observation
970BDD68-B9B3-5015-ABBF-414FBA2DE7FA,observation_synthetic 3.csv,4976,observation
41CC8425-A050-5509-B0AA-2BB29DC8F466,observation_synthetic 3.csv,4977,observation
F3F8BA04-2406-58C8-9B1C-9AF25DD53524,observation_synthetic 3.csv,4978,observation
2F171EC5-AC55-5773-B8B7-4DC554446D94,observation_synthetic 3.csv,4979,observation
02849C42-2224-5825-8560-7FCA1CD60648,observation_synthetic 3.csv,4980,observation
4D0FC38A-FE49-50E0-80D4-734EF283F40C,observation_synthetic 3.csv,4981,observation
7C2B7656-5DA5-5C5F-8215-E8C559E184BB,observation_synthetic 3.csv,4982,observation
D5F69DB8-34E7-5913-B02D-D99240B8A8DC,observation_synthetic 3.csv,4983,observation
7DB37B4A-4CC8-57C4-9306-D8B771FC99E5,observation_synthetic 3.csv,4984,observation
34AFE4C7-611D-5B7B-A453-497CD3F6D9ED,observation_synthetic 3.csv,4985,observation
E37BAC67-77C7-5957-AFF8-271D219E9457,observation_synthetic 3.csv,4986,observation
B62C620B-F707-5032-8CF0-C66A7BF0F87E,observation_synthetic 3.csv,4987,observation
CD8034DA-9E66-5A71-B5D1-E43C05FD3EEF,observation_synthetic 3.csv,4988,observation
04B24816-B76B-55AF-BA1C-C254653C9B99,observation_synthetic 3.csv,4989,observation
A7A6B38F-DC2D-5945-9BCE-BA00917D3BB1,observation_synthetic 3.csv,4990,observation
DA19C3E8-EE2B-53CF-804F-AF6DB4A1BCEA,observation_synthetic 3.csv,4991,observation
005B4277-851B-5F28-8D58-FBD8B94C76FE,observation_synthetic 3.csv,4992,observation
CDAF13CF-5D3B-56DD-820D-3110A127CEBD,observation_synthetic 3.csv,4993,observation
7B354BBD-ACC1-5A80-B720-196F25EF21BD,observation_synthetic 3.csv,4994,observation
5BB26788-3799-50A9-A85C-04CE98DA0728,observation_synthetic 3.csv,4995,observation
A436745D-BDCE-5636-9DFA-AC120DEBAB22,observation_synthetic 3.csv,4996,observation
5E0BBB52-F06F-5E55-A433-AA47E0F568E5,observation_synthetic 3.csv,4997,observation
5BAABE9B-0C94-5907-A494-3CFFA21412E7,observation_synthetic 3.csv,4998,observation
BC424535-682B-5953-9349-880776979C96,observation_synthetic 3.csv,4999,observation
29902A1E-F05B-5684-8D53-BD573244FF40,observation_synthetic 3.csv,5000,observation
28079739-6368-5F68-B5B6-B8B086106AC3,observation_synthetic 3.csv,5001,observation
A85DACDE-6E56-5B1D-BC39-5E971AFDECFE,observation_synthetic 3.csv,5002,observation
B4A8C644-5D89-5F04-B942-4DE1275CFCE1,observation_synthetic 3.csv,5003,observation
B1530DD2-D4BE-5C04-83E0-D9DB9E81143B,observation_synthetic 3.csv,5004,observation
F3CED3EE-0A0D-503A-935C-4D59EA140E75,observation_synthetic 3.csv,5005,observation
38B0D5B3-11A3-5015-92A5-9C71264FFD9A,observation_synthetic 3.csv,5006,observation
4B3A028E-2C99-5CB2-B7FF-162A9BF8EBD7,observation_synthetic 3.csv,5007,observation
1D22B2AC-A42B-5012-9911-55061B65DEB9,observation_synthetic 3.csv,5008,observation
9BBCED64-EE60-53ED-BBFD-4B05B9925205,observation_synthetic 3.csv,5009,observation
C5CA5E19-FB4B-5B0F-A96D-74FB650DD3D8,observation_synthetic 3.csv,5010,observation
4533A0FB-13FD-5B96-ABDC-8B13A0604C5F,observation_synthetic 3.csv,5011,observation
78BF5CD7-600C-5BEF-8B98-85EC551C35AB,observation_synthetic 3.csv,5012,observation
8C1B659C-0264-594E-A901-BB45D4EA7B33,observation_synthetic 3.csv,5013,observation
EAAE8B77-A3D0-5770-8DA6-314F76FF6963,observation_synthetic 3.csv,5014,observation
72EDA3DC-EBAC-56F6-A0F1-E5DFFB0F8E28,observation_synthetic 3.csv,5015,observation
00A942A1-F4C2-52BD-8595-C7EA3EA3ACCF,observation_synthetic 3.csv,5016,observation
4D4E60BC-F328-5F90-A2D3-B619BC73769F,observation_synthetic 3.csv,5017,observation
DE8DFC54-EFFA-578F-8C6D-61D80509EE4D,observation_synthetic 3.csv,5018,observation
D21D8DBC-AD10-572B-9548-B19595492736,observation_synthetic 3.csv,5019,observation
E3FA642C-424E-5C41-918D-00AC9D222511,observation_synthetic 3.csv,5020,observation
D81B3BED-3F49-556D-984B-122AB6DB4BFF,observation_synthetic 3.csv,5021,observation
211CF8C5-3249-5F26-8A0A-D7BFEA353F9F,observation_synthetic 3.csv,5022,observation
55AE39FC-96A2-520B-924B-C84BED85441E,observation_synthetic 3.csv,5023,observation
4E1A0F0B-C552-520F-9E2A-095F599D71A3,observation_synthetic 3.csv,5024,observation
5D994E7C-2CA5-5D0D-96B1-463B13D5B8D1,observation_synthetic 3.csv,5025,observation
B48841D2-A3B9-5459-85E7-AB09A0EDA1BC,observation_synthetic 3.csv,5026,observation
1737D338-1F4F-565B-B0E3-7C58F36D98A3,observation_synthetic 3.csv,5027,observation
FDE19573-BD2E-5308-9F79-CB5EC4B9A48F,observation_synthetic 3.csv,5028,observation
6CE32DAC-86FF-5BCB-AB3C-E7FB6C085C49,observation_synthetic 3.csv,5029,observation
3EA3950D-F7E5-53A2-BB05-403F7DA886EA,observation_synthetic 3.csv,5030,observation
30956808-C455-5244-8FE3-A6BC9AEE28B6,observation_synthetic 3.csv,5031,observation
02D69E51-99B6-582A-89B2-330D864841E1,observation_synthetic 3.csv,5032,observation
920C2E06-C149-540E-B86F-3CA035CA83E9,observation_synthetic 3.csv,5033,observation
E2082DBE-ADA3-504B-A8F7-BAAA78FD465B,observation_synthetic 3.csv,5034,observation
D599D19D-0425-5EEE-8896-632A375E49AE,observation_synthetic 3.csv,5035,observation
EE9402E9-8363-56F6-8C6D-7125C1CA525B,observation_synthetic 3.csv,5036,observation
647EFED8-4A66-5B7B-BD27-9D9872AABBCC,observation_synthetic 3.csv,5037,observation
1CE0D857-FA4D-5A7E-BCBA-02763B857FE0,observation_synthetic 3.csv,5038,observation
D9D96272-1CD1-5E7D-90AE-E8F03739C09A,observation_synthetic 3.csv,5039,observation
856B7892-D657-5BFB-B887-F61BEC3058A5,observation_synthetic 3.csv,5040,observation
3AD03444-67CF-596D-BA93-FC941C11210B,observation_synthetic 3.csv,5041,observation
5761AEA9-790C-5498-995A-4827C35A853C,observation_synthetic 3.csv,5042,observation
15BF53AD-8F5E-5AB0-98D6-59FC7C201995,observation_synthetic 3.csv,5043,observation
9716F75C-A475-59B7-B447-A292F5CF5063,observation_synthetic 3.csv,5044,observation
58D2F10F-B700-5857-AE27-D0B741B640EA,observation_synthetic 3.csv,5045,observation
A032ACEA-8EFE-53BC-B64E-1A73D3ADCB3A,observation_synthetic 3.csv,5046,observation
BE85F7C7-4BD7-5A76-9286-38C5B34CB7C8,observation_synthetic 3.csv,5047,observation
735A4624-E870-5055-AF71-2438237169F7,observation_synthetic 3.csv,5048,observation
C828C0EF-A2A8-5C94-9004-726BD0E94478,observation_synthetic 3.csv,5049,observation
31758B46-0E25-5E44-91ED-DD9FBEA1249A,observation_synthetic 3.csv,5050,observation
34EB177D-FD9F-52F7-AF63-1E47AECB8BC7,observation_synthetic 3.csv,5051,observation
3BBAF0A6-FC43-588D-8E2A-5CCD0EF62F1D,observation_synthetic 3.csv,5052,observation
9FC04A45-F263-5724-B5CC-6E62522EB033,observation_synthetic 3.csv,5053,observation
EAF1B092-C447-5417-9582-F97B770449B4,observation_synthetic 3.csv,5054,observation
ACBE7802-E162-5496-862C-1E873EDB7642,observation_synthetic 3.csv,5055,observation
E8D7BFBB-33AF-5440-829C-253E67BA3436,observation_synthetic 3.csv,5056,observation
924AFB3A-C4D6-556D-93D8-B380411DB965,observation_synthetic 3.csv,5057,observation
71879610-DA6E-5B57-9BF7-E95D2B39D3F1,observation_synthetic 3.csv,5058,observation
A4F3A237-6921-5481-8AF2-03B3422D4519,observation_synthetic 3.csv,5059,observation
F685175D-EE3E-504B-BCA8-01E3C1C519A2,observation_synthetic 3.csv,5060,observation
617BE4D2-F473-527E-B8DD-B7F3C8A10FE1,observation_synthetic 3.csv,5061,observation
175D8799-1B32-57D4-BF09-DDB252CD1B5F,observation_synthetic 3.csv,5062,observation
A421885D-9616-5B3E-BE27-79A20F79700D,observation_synthetic 3.csv,5063,observation
DC32D97E-6F3B-53D4-B490-604D4B6402E2,observation_synthetic 3.csv,5064,observation
642FD4B2-9EFE-52D8-BDB0-65A2C46667AA,observation_synthetic 3.csv,5065,observation
4BA5F63C-9799-5617-86F0-6A440B152496,observation_synthetic 3.csv,5066,observation
65DBBCD9-8775-521D-A359-17338A63E350,observation_synthetic 3.csv,5067,observation
411F3611-86BF-5FA1-8D36-E61FECCBCE86,observation_synthetic 3.csv,5068,observation
CB1FCBBA-18B2-5437-B4A9-1475A4BE3989,observation_synthetic 3.csv,5069,observation
0611E6BC-A331-5811-8F03-D2F5F8B85DDD,observation_synthetic 3.csv,5070,observation
EF89D70F-6394-55B2-9D08-0AFC2AE9070D,observation_synthetic 3.csv,5071,observation
BB2732FF-003B-548A-87C5-CE5F7A7D6B8D,observation_synthetic 3.csv,5072,observation
D0A2319C-D545-5055-8EA2-BF1EFBB56DC0,observation_synthetic 3.csv,5073,observation
3F3FF700-5B88-5155-AA37-A1B0A4089A29,observation_synthetic 3.csv,5074,observation
4AA3EA4A-C21A-5BFA-AA6D-31212980BE91,observation_synthetic 3.csv,5075,observation
1CC5A53D-A551-5B29-881F-57968FCA2C87,observation_synthetic 3.csv,5076,observation
C6E7A949-DD96-5CC9-86B3-4F3105D5ADE5,observation_synthetic 3.csv,5077,observation
4D1CEAED-478A-51CF-A82D-5DA35CB6FAAA,observation_synthetic 3.csv,5078,observation
70063CAD-46AC-52E6-B829-1F3A06A453AD,observation_synthetic 3.csv,5079,observation
C5327B0D-2892-5E54-9AF7-F6F07D4661EB,observation_synthetic 3.csv,5080,observation
49268795-F305-5224-AB13-FB9BA43FA862,observation_synthetic 3.csv,5081,observation
5DFB157B-27CC-5253-8DC1-507127101C89,observation_synthetic 3.csv,5082,observation
94C0705D-13C1-588A-B119-551824A76EC7,observation_synthetic 3.csv,5083,observation
B63568AA-035D-5D01-AFFE-8C3BE3172EEE,observation_synthetic 3.csv,5084,observation
5B5D02A7-B78E-504B-B703-86211350283F,observation_synthetic 3.csv,5085,observation
C8B4C2AB-02B5-55D1-A691-2A7D235ED08D,observation_synthetic 3.csv,5086,observation
59A34D87-2797-5111-B821-89618BED6DEF,observation_synthetic 3.csv,5087,observation
B6719E5C-175B-59C1-ABC2-DFAE84412DFE,observation_synthetic 3.csv,5088,observation
E9A395A1-CFA4-5F3A-99F2-A02F3307C2A5,observation_synthetic 3.csv,5089,observation
6C678F13-2BB2-5398-A447-01C427121D77,observation_synthetic 3.csv,5090,observation
2AF9251F-0B6F-59C0-B9A3-44598BD1522A,observation_synthetic 3.csv,5091,observation
FD9BBC8E-941A-50D8-90C4-3DE2EB97BF2E,observation_synthetic 3.csv,5092,observation
1A4E4A03-4D52-5518-B65B-80764DC7653E,observation_synthetic 3.csv,5093,observation
4915E55C-EF9D-5FEF-AD3C-6533C179B334,observation_synthetic 3.csv,5094,observation
63493D82-83D5-515A-A523-43D7469951B8,observation_synthetic 3.csv,5095,observation
78FE89FA-B388-5C78-BC81-911380F71AB5,observation_synthetic 3.csv,5096,observation
ACF41B68-F31F-5C85-8C26-F478AB47D41D,observation_synthetic 3.csv,5097,observation
A9414FE8-9FDF-57EB-8704-218D35D0381C,observation_synthetic 3.csv,5098,observation
A94C713A-6D65-5FB6-9F70-FF715A04813E,observation_synthetic 3.csv,5099,observation
6BB23F5B-AA0D-5249-9388-73F826FA65E1,observation_synthetic 3.csv,5100,observation
27C079C6-C720-5C3F-A4CD-BAF38C3D9E50,observation_synthetic 3.csv,5101,observation
B2660DF3-AD33-566B-801A-E5112EAA4E6A,observation_synthetic 3.csv,5102,observation
73E575CA-FC6A-5C8E-810C-A0F8DBB3B80C,observation_synthetic 3.csv,5103,observation
D2CB73CE-FEE2-5B1E-BAF7-9D49250829CE,observation_synthetic 3.csv,5104,observation
2A7E7A5F-B3B7-5DF3-823F-A61E800AF9A8,observation_synthetic 3.csv,5105,observation
26329FF1-EED7-5A75-A8DE-DD7D55CDFCBF,observation_synthetic 3.csv,5106,observation
54E24A97-4F4E-5943-94EF-D08A2B3B7B2A,observation_synthetic 3.csv,5107,observation
E3B27585-6FED-564A-BC7F-34D3B2872D2E,observation_synthetic 3.csv,5108,observation
571B2655-70F7-5877-B4FF-2418A48082E1,observation_synthetic 3.csv,5109,observation
0FDC581E-4D07-58C7-B7B0-9928C736B61C,observation_synthetic 3.csv,5110,observation
C25F5C08-8DF4-551D-B166-B134FADF401D,observation_synthetic 3.csv,5111,observation
26E14586-98C4-5221-8D95-1334583614BC,observation_synthetic 3.csv,5112,observation
FFDC85D4-F694-517E-B37F-B74408C90171,observation_synthetic 3.csv,5113,observation
72262912-D2E4-554C-9961-D71756E8D5CF,observation_synthetic 3.csv,5114,observation
97F75357-FFBA-5000-851D-37C9466FC0F3,observation_synthetic 3.csv,5115,observation
6785096C-E22C-57B7-96EB-304E8F90D8B5,observation_synthetic 3.csv,5116,observation
4DDD1D03-3319-550D-98EE-AB2730FB3022,observation_synthetic 3.csv,5117,observation
3B612E58-2BED-5AA9-A339-C0C5EB286CF8,observation_synthetic 3.csv,5118,observation
94425C81-D823-5F13-ABCE-19B27B541902,observation_synthetic 3.csv,5119,observation
65F0E4E4-8DED-55F9-8BDE-66E826A3092C,observation_synthetic 3.csv,5120,observation
FC05609E-B027-58FC-8526-2CBE58F06C57,observation_synthetic 3.csv,5121,observation
11CCE51D-B128-5CE3-8D13-C82C8C16E388,observation_synthetic 3.csv,5122,observation
BC18C8E0-0CD1-5A5D-8BB1-016C718A0290,observation_synthetic 3.csv,5123,observation
C7047C3D-265C-54FD-AFBC-7A5747AA0C48,observation_synthetic 3.csv,5124,observation
59BB0B1D-3870-5B1B-A5DD-282B5C52CC11,observation_synthetic 3.csv,5125,observation
1ACBD58D-F922-5378-BB46-6FE6AB2B95FB,observation_synthetic 3.csv,5126,observation
1BA6AB1A-EC18-55E4-93D0-501F595D205A,observation_synthetic 3.csv,5127,observation
F87AADA1-F160-52FD-AD99-053350777E8C,observation_synthetic 3.csv,5128,observation
C47D217C-0231-5678-9D54-C24A6D0DE816,observation_synthetic 3.csv,5129,observation
D33D3F71-467E-5377-9DFA-41A3E095DCDC,observation_synthetic 3.csv,5130,observation
76E1E6E7-B5A0-50FA-A607-9506A8F86F39,observation_synthetic 3.csv,5131,observation
2A1473EB-58D1-5980-9315-AAE425DF5E79,observation_synthetic 3.csv,5132,observation
C727D0F5-AB83-5582-B3AC-BB01B9EDE9D9,observation_synthetic 3.csv,5133,observation
FB14DA91-DBB3-5124-AAC5-42F8D7A6799F,observation_synthetic 3.csv,5134,observation
F9506176-8E3E-51AA-859C-A32876DB85CC,observation_synthetic 3.csv,5135,observation
4DE06163-053D-5ED8-A0F7-820C02F67570,observation_synthetic 3.csv,5136,observation
C9687E8A-7F8F-555A-8946-3876CCE0B581,observation_synthetic 3.csv,5137,observation
3DF1E6A4-0F26-58D2-9C44-2C1DE99B721E,observation_synthetic 3.csv,5138,observation
73834D16-A5FB-5BE3-AABA-CCFF69328481,observation_synthetic 3.csv,5139,observation
7B44A20C-FA48-5DB4-AF46-37B56493B545,observation_synthetic 3.csv,5140,observation
1738F493-4FF3-5BE0-A53C-389A2213B18A,observation_synthetic 3.csv,5141,observation
1371CB66-5C55-5A4E-968E-388AFC458B9D,observation_synthetic 3.csv,5142,observation
6ED85865-1BA8-58FD-9FC2-04A107E2FCB1,observation_synthetic 3.csv,5143,observation
A8A4D3EA-98B1-5977-8F50-E483BCB6DDB5,observation_synthetic 3.csv,5144,observation
282CC386-DDB7-5FD6-A4A4-E8116758438E,observation_synthetic 3.csv,5145,observation
1AB66E08-AF86-5DC3-BD02-8A38FAA0369D,observation_synthetic 3.csv,5146,observation
CFE0F203-DCF6-5784-A464-C5EE083C8223,observation_synthetic 3.csv,5147,observation
1E7471A6-6536-5D70-96BA-FCC3509BD271,observation_synthetic 3.csv,5148,observation
5263ED6D-3A13-5FF2-9621-E539672B2AE1,observation_synthetic 3.csv,5149,observation
D2697BA9-59C9-5CE6-A976-A2A258521819,observation_synthetic 3.csv,5150,observation
467C2A5F-723C-5119-946B-D246456D3DA7,observation_synthetic 3.csv,5151,observation
89CCF9A2-23D5-5046-8D15-DBB8791E7C70,observation_synthetic 3.csv,5152,observation
45FF5A08-9E14-5AED-81ED-4B627FBD5B16,observation_synthetic 3.csv,5153,observation
22DF5FA1-24E2-52AC-8339-702CE3DC33BA,observation_synthetic 3.csv,5154,observation
84416A8C-6B50-5CEC-A17C-A916DF0F5546,observation_synthetic 3.csv,5155,observation
EABB5AD3-51D4-5705-A356-2205E4067555,observation_synthetic 3.csv,5156,observation
BF7E58DA-38D5-5FCB-A228-91BB414929B7,observation_synthetic 3.csv,5157,observation
630FEA9A-8B57-5AB4-8E4E-40FAE34744CB,observation_synthetic 3.csv,5158,observation
0B8F1FD0-7F4F-5EB3-9E0B-3518934114BD,observation_synthetic 3.csv,5159,observation
DDE06FA1-B849-57F9-BA10-50E1FE74678E,observation_synthetic 3.csv,5160,observation
AEA2F87C-44FD-5B72-9D59-6663ED56C6CF,observation_synthetic 3.csv,5161,observation
66BC50E8-0044-5608-A527-B3973A282BC6,observation_synthetic 3.csv,5162,observation
F789C2F1-2A79-5BBA-9B77-D5F6CEAD5A59,observation_synthetic 3.csv,5163,observation
D967AD36-FBB6-51ED-BC88-E5830BD490F7,observation_synthetic 3.csv,5164,observation
BA31587F-1BEE-5784-99DE-6E3FFE9B8403,observation_synthetic 3.csv,5165,observation
3C3786C5-18F6-5E40-8363-004E56F560D8,observation_synthetic 3.csv,5166,observation
CC99BDE9-76EA-5C3B-8626-F3D44C2BB50C,observation_synthetic 3.csv,5167,observation
80037DAC-1E58-5619-811F-3AC363BC7185,observation_synthetic 3.csv,5168,observation
82755E0C-6B2C-55C7-A8F3-B3E32774FA2C,observation_synthetic 3.csv,5169,observation
E097FFB1-FC1A-583B-A372-C445E55179B4,observation_synthetic 3.csv,5170,observation
0E4DBF25-878D-5B02-92E7-F0F0DB327CD7,observation_synthetic 3.csv,5171,observation
5EA28F5B-8715-561D-962E-F018673257FF,observation_synthetic 3.csv,5172,observation
070A58E1-7ABE-5512-B9C6-EC7898AD020B,observation_synthetic 3.csv,5173,observation
7B8423B3-3D47-5220-8A4E-3EE44CF5D7F2,observation_synthetic 3.csv,5174,observation
2351E841-6238-547E-A5B4-BAD2B80AA635,observation_synthetic 3.csv,5175,observation
124629FA-6AEF-5081-9911-D95B1B7E3835,observation_synthetic 3.csv,5176,observation
7D59E537-3E3B-54D3-8CB5-26E350B1AE2C,observation_synthetic 3.csv,5177,observation
F407B6C4-4625-59B5-B475-3846619E7F06,observation_synthetic 3.csv,5178,observation
14E7C832-A15C-53D2-8E4D-BF2AB91DEC29,observation_synthetic 3.csv,5179,observation
39561712-C8EA-5D22-9A3B-53D82F072868,observation_synthetic 3.csv,5180,observation
5C0664ED-76EC-5F06-ABB7-92F5E09AC0D7,observation_synthetic 3.csv,5181,observation
437AFDDF-15DB-5C16-B597-3DE961F9AB64,observation_synthetic 3.csv,5182,observation
C0FEFB33-58F0-51F1-8052-C1B8B9917F51,observation_synthetic 3.csv,5183,observation
9598B285-3ED9-5EF6-9D32-9076099208C5,observation_synthetic 3.csv,5184,observation
066CBC1F-2B9B-567B-B179-534F9854DB28,observation_synthetic 3.csv,5185,observation
1,operations_field_updates_synthetic.csv,2,operations
2,operations_field_updates_synthetic.csv,3,operations
3,operations_field_updates_synthetic.csv,4,operations
4,operations_field_updates_synthetic.csv,5,operations
5,operations_field_updates_synthetic.csv,6,operations
6,operations_field_updates_synthetic.csv,7,operations
7,operations_field_updates_synthetic.csv,8,operations
8,operations_field_updates_synthetic.csv,9,operations
9,operations_field_updates_synthetic.csv,10,operations
10,operations_field_updates_synthetic.csv,11,operations
11,operations_field_updates_synthetic.csv,12,operations
12,operations_field_updates_synthetic.csv,13,operations
13,operations_field_updates_synthetic.csv,14,operations
14,operations_field_updates_synthetic.csv,15,operations
15,operations_field_updates_synthetic.csv,16,operations
16,operations_field_updates_synthetic.csv,17,operations
17,operations_field_updates_synthetic.csv,18,operations
18,operations_field_updates_synthetic.csv,19,operations
19,operations_field_updates_synthetic.csv,20,operations
20,operations_field_updates_synthetic.csv,21,operations
21,operations_field_updates_synthetic.csv,22,operations
22,operations_field_updates_synthetic.csv,23,operations
23,operations_field_updates_synthetic.csv,24,operations
24,operations_field_updates_synthetic.csv,25,operations
25,operations_field_updates_synthetic.csv,26,operations
26,operations_field_updates_synthetic.csv,27,operations
27,operations_field_updates_synthetic.csv,28,operations
28,operations_field_updates_synthetic.csv,29,operations
29,operations_field_updates_synthetic.csv,30,operations
30,operations_field_updates_synthetic.csv,31,operations
31,operations_field_updates_synthetic.csv,32,operations
32,operations_field_updates_synthetic.csv,33,operations
33,operations_field_updates_synthetic.csv,34,operations
34,operations_field_updates_synthetic.csv,35,operations
35,operations_field_updates_synthetic.csv,36,operations
36,operations_field_updates_synthetic.csv,37,operations
37,operations_field_updates_synthetic.csv,38,operations
38,operations_field_updates_synthetic.csv,39,operations
39,operations_field_updates_synthetic.csv,40,operations
40,operations_field_updates_synthetic.csv,41,operations
41,operations_field_updates_synthetic.csv,42,operations
42,operations_field_updates_synthetic.csv,43,operations
43,operations_field_updates_synthetic.csv,44,operations
44,operations_field_updates_synthetic.csv,45,operations
45,operations_field_updates_synthetic.csv,46,operations
46,operations_field_updates_synthetic.csv,47,operations
47,operations_field_updates_synthetic.csv,48,operations
48,operations_field_updates_synthetic.csv,49,operations
49,operations_field_updates_synthetic.csv,50,operations
50,operations_field_updates_synthetic.csv,51,operations
51,operations_field_updates_synthetic.csv,52,operations
52,operations_field_updates_synthetic.csv,53,operations
53,operations_field_updates_synthetic.csv,54,operations
54,operations_field_updates_synthetic.csv,55,operations
55,operations_field_updates_synthetic.csv,56,operations
56,operations_field_updates_synthetic.csv,57,operations
57,operations_field_updates_synthetic.csv,58,operations
58,operations_field_updates_synthetic.csv,59,operations
59,operations_field_updates_synthetic.csv,60,operations
60,operations_field_updates_synthetic.csv,61,operations
61,operations_field_updates_synthetic.csv,62,operations
62,operations_field_updates_synthetic.csv,63,operations
63,operations_field_updates_synthetic.csv,64,operations
64,operations_field_updates_synthetic.csv,65,operations
65,operations_field_updates_synthetic.csv,66,operations
66,operations_field_updates_synthetic.csv,67,operations
67,operations_field_updates_synthetic.csv,68,operations
68,operations_field_updates_synthetic.csv,69,operations
69,operations_field_updates_synthetic.csv,70,operations
70,operations_field_updates_synthetic.csv,71,operations
71,operations_field_updates_synthetic.csv,72,operations
72,operations_field_updates_synthetic.csv,73,operations
73,operations_field_updates_synthetic.csv,74,operations
74,operations_field_updates_synthetic.csv,75,operations
75,operations_field_updates_synthetic.csv,76,operations
76,operations_field_updates_synthetic.csv,77,operations
77,operations_field_updates_synthetic.csv,78,operations
78,operations_field_updates_synthetic.csv,79,operations
79,operations_field_updates_synthetic.csv,80,operations
80,operations_field_updates_synthetic.csv,81,operations
81,operations_field_updates_synthetic.csv,82,operations
82,operations_field_updates_synthetic.csv,83,operations
83,operations_field_updates_synthetic.csv,84,operations
84,operations_field_updates_synthetic.csv,85,operations
85,operations_field_updates_synthetic.csv,86,operations
86,operations_field_updates_synthetic.csv,87,operations
87,operations_field_updates_synthetic.csv,88,operations
88,operations_field_updates_synthetic.csv,89,operations
89,operations_field_updates_synthetic.csv,90,operations
90,operations_field_updates_synthetic.csv,91,operations
91,operations_field_updates_synthetic.csv,92,operations
92,operations_field_updates_synthetic.csv,93,operations
93,operations_field_updates_synthetic.csv,94,operations
94,operations_field_updates_synthetic.csv,95,operations
95,operations_field_updates_synthetic.csv,96,operations
96,operations_field_updates_synthetic.csv,97,operations
97,operations_field_updates_synthetic.csv,98,operations
98,operations_field_updates_synthetic.csv,99,operations
99,operations_field_updates_synthetic.csv,100,operations
100,operations_field_updates_synthetic.csv,101,operations
101,operations_field_updates_synthetic.csv,102,operations
102,operations_field_updates_synthetic.csv,103,operations
103,operations_field_updates_synthetic.csv,104,operations
104,operations_field_updates_synthetic.csv,105,operations
105,operations_field_updates_synthetic.csv,106,operations
106,operations_field_updates_synthetic.csv,107,operations
107,operations_field_updates_synthetic.csv,108,operations
108,operations_field_updates_synthetic.csv,109,operations
109,operations_field_updates_synthetic.csv,110,operations
110,operations_field_updates_synthetic.csv,111,operations
111,operations_field_updates_synthetic.csv,112,operations
112,operations_field_updates_synthetic.csv,113,operations
113,operations_field_updates_synthetic.csv,114,operations
114,operations_field_updates_synthetic.csv,115,operations
115,operations_field_updates_synthetic.csv,116,operations
116,operations_field_updates_synthetic.csv,117,operations
117,operations_field_updates_synthetic.csv,118,operations
118,operations_field_updates_synthetic.csv,119,operations
119,operations_field_updates_synthetic.csv,120,operations
120,operations_field_updates_synthetic.csv,121,operations
121,operations_field_updates_synthetic.csv,122,operations
122,operations_field_updates_synthetic.csv,123,operations
123,operations_field_updates_synthetic.csv,124,operations
124,operations_field_updates_synthetic.csv,125,operations
125,operations_field_updates_synthetic.csv,126,operations
126,operations_field_updates_synthetic.csv,127,operations
127,operations_field_updates_synthetic.csv,128,operations
128,operations_field_updates_synthetic.csv,129,operations
129,operations_field_updates_synthetic.csv,130,operations
130,operations_field_updates_synthetic.csv,131,operations
131,operations_field_updates_synthetic.csv,132,operations
132,operations_field_updates_synthetic.csv,133,operations
133,operations_field_updates_synthetic.csv,134,operations
134,operations_field_updates_synthetic.csv,135,operations
135,operations_field_updates_synthetic.csv,136,operations
136,operations_field_updates_synthetic.csv,137,operations
137,operations_field_updates_synthetic.csv,138,operations
138,operations_field_updates_synthetic.csv,139,operations
139,operations_field_updates_synthetic.csv,140,operations
140,operations_field_updates_synthetic.csv,141,operations
141,operations_field_updates_synthetic.csv,142,operations
142,operations_field_updates_synthetic.csv,143,operations
143,operations_field_updates_synthetic.csv,144,operations
144,operations_field_updates_synthetic.csv,145,operations
145,operations_field_updates_synthetic.csv,146,operations
146,operations_field_updates_synthetic.csv,147,operations
147,operations_field_updates_synthetic.csv,148,operations
148,operations_field_updates_synthetic.csv,149,operations
149,operations_field_updates_synthetic.csv,150,operations
150,operations_field_updates_synthetic.csv,151,operations
151,operations_field_updates_synthetic.csv,152,operations
152,operations_field_updates_synthetic.csv,153,operations
153,operations_field_updates_synthetic.csv,154,operations
154,operations_field_updates_synthetic.csv,155,operations
155,operations_field_updates_synthetic.csv,156,operations
156,operations_field_updates_synthetic.csv,157,operations
157,operations_field_updates_synthetic.csv,158,operations
158,operations_field_updates_synthetic.csv,159,operations
159,operations_field_updates_synthetic.csv,160,operations
160,operations_field_updates_synthetic.csv,161,operations
161,operations_field_updates_synthetic.csv,162,operations
162,operations_field_updates_synthetic.csv,163,operations
163,operations_field_updates_synthetic.csv,164,operations
164,operations_field_updates_synthetic.csv,165,operations
165,operations_field_updates_synthetic.csv,166,operations
166,operations_field_updates_synthetic.csv,167,operations
167,operations_field_updates_synthetic.csv,168,operations
168,operations_field_updates_synthetic.csv,169,operations
169,operations_field_updates_synthetic.csv,170,operations
170,operations_field_updates_synthetic.csv,171,operations
171,operations_field_updates_synthetic.csv,172,operations
172,operations_field_updates_synthetic.csv,173,operations
173,operations_field_updates_synthetic.csv,174,operations
174,operations_field_updates_synthetic.csv,175,operations
175,operations_field_updates_synthetic.csv,176,operations
176,operations_field_updates_synthetic.csv,177,operations
177,operations_field_updates_synthetic.csv,178,operations
178,operations_field_updates_synthetic.csv,179,operations
179,operations_field_updates_synthetic.csv,180,operations
180,operations_field_updates_synthetic.csv,181,operations
181,operations_field_updates_synthetic.csv,182,operations
182,operations_field_updates_synthetic.csv,183,operations
183,operations_field_updates_synthetic.csv,184,operations
184,operations_field_updates_synthetic.csv,185,operations
185,operations_field_updates_synthetic.csv,186,operations
186,operations_field_updates_synthetic.csv,187,operations
187,operations_field_updates_synthetic.csv,188,operations
188,operations_field_updates_synthetic.csv,189,operations
189,operations_field_updates_synthetic.csv,190,operations
190,operations_field_updates_synthetic.csv,191,operations
191,operations_field_updates_synthetic.csv,192,operations
192,operations_field_updates_synthetic.csv,193,operations
193,operations_field_updates_synthetic.csv,194,operations
194,operations_field_updates_synthetic.csv,195,operations
195,operations_field_updates_synthetic.csv,196,operations
196,operations_field_updates_synthetic.csv,197,operations
197,operations_field_updates_synthetic.csv,198,operations
198,operations_field_updates_synthetic.csv,199,operations
199,operations_field_updates_synthetic.csv,200,operations
200,operations_field_updates_synthetic.csv,201,operations
201,operations_field_updates_synthetic.csv,202,operations
202,operations_field_updates_synthetic.csv,203,operations
203,operations_field_updates_synthetic.csv,204,operations
204,operations_field_updates_synthetic.csv,205,operations
205,operations_field_updates_synthetic.csv,206,operations
206,operations_field_updates_synthetic.csv,207,operations
207,operations_field_updates_synthetic.csv,208,operations
208,operations_field_updates_synthetic.csv,209,operations
209,operations_field_updates_synthetic.csv,210,operations
210,operations_field_updates_synthetic.csv,211,operations
211,operations_field_updates_synthetic.csv,212,operations
212,operations_field_updates_synthetic.csv,213,operations
213,operations_field_updates_synthetic.csv,214,operations
214,operations_field_updates_synthetic.csv,215,operations
215,operations_field_updates_synthetic.csv,216,operations
216,operations_field_updates_synthetic.csv,217,operations
217,operations_field_updates_synthetic.csv,218,operations
218,operations_field_updates_synthetic.csv,219,operations
219,operations_field_updates_synthetic.csv,220,operations
220,operations_field_updates_synthetic.csv,221,operations
221,operations_field_updates_synthetic.csv,222,operations
222,operations_field_updates_synthetic.csv,223,operations
223,operations_field_updates_synthetic.csv,224,operations
224,operations_field_updates_synthetic.csv,225,operations
225,operations_field_updates_synthetic.csv,226,operations
226,operations_field_updates_synthetic.csv,227,operations
227,operations_field_updates_synthetic.csv,228,operations
228,operations_field_updates_synthetic.csv,229,operations
229,operations_field_updates_synthetic.csv,230,operations
230,operations_field_updates_synthetic.csv,231,operations
231,operations_field_updates_synthetic.csv,232,operations
232,operations_field_updates_synthetic.csv,233,operations
233,operations_field_updates_synthetic.csv,234,operations
234,operations_field_updates_synthetic.csv,235,operations
235,operations_field_updates_synthetic.csv,236,operations
236,operations_field_updates_synthetic.csv,237,operations
237,operations_field_updates_synthetic.csv,238,operations
238,operations_field_updates_synthetic.csv,239,operations
239,operations_field_updates_synthetic.csv,240,operations
240,operations_field_updates_synthetic.csv,241,operations
241,operations_field_updates_synthetic.csv,242,operations
242,operations_field_updates_synthetic.csv,243,operations
243,operations_field_updates_synthetic.csv,244,operations
244,operations_field_updates_synthetic.csv,245,operations
245,operations_field_updates_synthetic.csv,246,operations
246,operations_field_updates_synthetic.csv,247,operations
247,operations_field_updates_synthetic.csv,248,operations
248,operations_field_updates_synthetic.csv,249,operations
249,operations_field_updates_synthetic.csv,250,operations
250,operations_field_updates_synthetic.csv,251,operations
251,operations_field_updates_synthetic.csv,252,operations
252,operations_field_updates_synthetic.csv,253,operations
253,operations_field_updates_synthetic.csv,254,operations
254,operations_field_updates_synthetic.csv,255,operations
255,operations_field_updates_synthetic.csv,256,operations
256,operations_field_updates_synthetic.csv,257,operations
257,operations_field_updates_synthetic.csv,258,operations
258,operations_field_updates_synthetic.csv,259,operations
259,operations_field_updates_synthetic.csv,260,operations
260,operations_field_updates_synthetic.csv,261,operations
261,operations_field_updates_synthetic.csv,262,operations
262,operations_field_updates_synthetic.csv,263,operations
263,operations_field_updates_synthetic.csv,264,operations
264,operations_field_updates_synthetic.csv,265,operations
265,operations_field_updates_synthetic.csv,266,operations
266,operations_field_updates_synthetic.csv,267,operations
267,operations_field_updates_synthetic.csv,268,operations
268,operations_field_updates_synthetic.csv,269,operations
269,operations_field_updates_synthetic.csv,270,operations
270,operations_field_updates_synthetic.csv,271,operations
271,operations_field_updates_synthetic.csv,272,operations
272,operations_field_updates_synthetic.csv,273,operations
273,operations_field_updates_synthetic.csv,274,operations
274,operations_field_updates_synthetic.csv,275,operations
275,operations_field_updates_synthetic.csv,276,operations
276,operations_field_updates_synthetic.csv,277,operations
277,operations_field_updates_synthetic.csv,278,operations
278,operations_field_updates_synthetic.csv,279,operations
279,operations_field_updates_synthetic.csv,280,operations
280,operations_field_updates_synthetic.csv,281,operations
281,operations_field_updates_synthetic.csv,282,operations
282,operations_field_updates_synthetic.csv,283,operations
283,operations_field_updates_synthetic.csv,284,operations
284,operations_field_updates_synthetic.csv,285,operations
285,operations_field_updates_synthetic.csv,286,operations
286,operations_field_updates_synthetic.csv,287,operations
287,operations_field_updates_synthetic.csv,288,operations
288,operations_field_updates_synthetic.csv,289,operations
289,operations_field_updates_synthetic.csv,290,operations
290,operations_field_updates_synthetic.csv,291,operations
291,operations_field_updates_synthetic.csv,292,operations
292,operations_field_updates_synthetic.csv,293,operations
293,operations_field_updates_synthetic.csv,294,operations
294,operations_field_updates_synthetic.csv,295,operations
295,operations_field_updates_synthetic.csv,296,operations
296,operations_field_updates_synthetic.csv,297,operations
297,operations_field_updates_synthetic.csv,298,operations
298,operations_field_updates_synthetic.csv,299,operations
299,operations_field_updates_synthetic.csv,300,operations
300,operations_field_updates_synthetic.csv,301,operations
301,operations_field_updates_synthetic.csv,302,operations
302,operations_field_updates_synthetic.csv,303,operations
303,operations_field_updates_synthetic.csv,304,operations
304,operations_field_updates_synthetic.csv,305,operations
305,operations_field_updates_synthetic.csv,306,operations
306,operations_field_updates_synthetic.csv,307,operations
307,operations_field_updates_synthetic.csv,308,operations
308,operations_field_updates_synthetic.csv,309,operations
309,operations_field_updates_synthetic.csv,310,operations
310,operations_field_updates_synthetic.csv,311,operations
311,operations_field_updates_synthetic.csv,312,operations
312,operations_field_updates_synthetic.csv,313,operations
313,operations_field_updates_synthetic.csv,314,operations
314,operations_field_updates_synthetic.csv,315,operations
315,operations_field_updates_synthetic.csv,316,operations
316,operations_field_updates_synthetic.csv,317,operations
317,operations_field_updates_synthetic.csv,318,operations
318,operations_field_updates_synthetic.csv,319,operations
319,operations_field_updates_synthetic.csv,320,operations
320,operations_field_updates_synthetic.csv,321,operations
321,operations_field_updates_synthetic.csv,322,operations
322,operations_field_updates_synthetic.csv,323,operations
323,operations_field_updates_synthetic.csv,324,operations
324,operations_field_updates_synthetic.csv,325,operations
325,operations_field_updates_synthetic.csv,326,operations
326,operations_field_updates_synthetic.csv,327,operations
327,operations_field_updates_synthetic.csv,328,operations
328,operations_field_updates_synthetic.csv,329,operations
329,operations_field_updates_synthetic.csv,330,operations
330,operations_field_updates_synthetic.csv,331,operations
331,operations_field_updates_synthetic.csv,332,operations
332,operations_field_updates_synthetic.csv,333,operations
333,operations_field_updates_synthetic.csv,334,operations
334,operations_field_updates_synthetic.csv,335,operations
335,operations_field_updates_synthetic.csv,336,operations
336,operations_field_updates_synthetic.csv,337,operations
337,operations_field_updates_synthetic.csv,338,operations
338,operations_field_updates_synthetic.csv,339,operations
339,operations_field_updates_synthetic.csv,340,operations
340,operations_field_updates_synthetic.csv,341,operations
341,operations_field_updates_synthetic.csv,342,operations
342,operations_field_updates_synthetic.csv,343,operations
343,operations_field_updates_synthetic.csv,344,operations
344,operations_field_updates_synthetic.csv,345,operations
345,operations_field_updates_synthetic.csv,346,operations
346,operations_field_updates_synthetic.csv,347,operations
347,operations_field_updates_synthetic.csv,348,operations
348,operations_field_updates_synthetic.csv,349,operations
349,operations_field_updates_synthetic.csv,350,operations
350,operations_field_updates_synthetic.csv,351,operations
351,operations_field_updates_synthetic.csv,352,operations
352,operations_field_updates_synthetic.csv,353,operations
353,operations_field_updates_synthetic.csv,354,operations
354,operations_field_updates_synthetic.csv,355,operations
355,operations_field_updates_synthetic.csv,356,operations
356,operations_field_updates_synthetic.csv,357,operations
357,operations_field_updates_synthetic.csv,358,operations
358,operations_field_updates_synthetic.csv,359,operations
359,operations_field_updates_synthetic.csv,360,operations
360,operations_field_updates_synthetic.csv,361,operations
11481608-0D4C-551A-AAE6-04E3294EAAF9,trait_dictionary_synthetic.csv,2,dictionary
8FE1AE1C-37A6-52C2-BBB8-67C8D703D6D9,trait_dictionary_synthetic.csv,3,dictionary
0E2BECE8-AD71-581B-8786-6AFB71F113E7,trait_dictionary_synthetic.csv,4,dictionary
03CDF464-23E4-5854-BF20-9052EC600118,trait_dictionary_synthetic.csv,5,dictionary
917BCF85-DADC-551D-A630-8A5266247070,trait_dictionary_synthetic.csv,6,dictionary
F8F08501-17DE-54B5-8E85-6C8D90A30B29,trait_dictionary_synthetic.csv,7,dictionary
538952DE-EBFD-54E1-8BD9-4D60F361BE98,trial_germplasm_bridge_synthetic.csv,2,bridge
BEBD9E33-E471-579B-832F-2F55325497E5,trial_germplasm_bridge_synthetic.csv,3,bridge
6D947842-BED6-5F5B-B28D-0D66ACFBBE9C,trial_germplasm_bridge_synthetic.csv,4,bridge
A2C07B5B-9427-5DB2-A5E3-244CBA38E4EA,trial_germplasm_bridge_synthetic.csv,5,bridge
F71E4310-10CB-5341-9B50-D0BEFB514DC8,trial_germplasm_bridge_synthetic.csv,6,bridge
7B0229B0-7AD9-5951-BF0C-6446F3C7FD2C,trial_germplasm_bridge_synthetic.csv,7,bridge
47F2A364-6325-58EA-9CB7-D60BAA0142E8,trial_germplasm_bridge_synthetic.csv,8,bridge
61711E81-2686-5BB7-9463-7C5198F972B7,trial_germplasm_bridge_synthetic.csv,9,bridge
218177D1-618E-5B51-89CA-48CD6F62E669,trial_germplasm_bridge_synthetic.csv,10,bridge
66414E18-2CCA-5D4F-A17C-664EB84B3E63,trial_germplasm_bridge_synthetic.csv,11,bridge
3FC6CF30-0E29-5E6A-9039-4AB794E438E9,trial_germplasm_bridge_synthetic.csv,12,bridge
0F3C3ADB-BA40-5A9C-A27D-2A920599C9DB,trial_germplasm_bridge_synthetic.csv,13,bridge
702BF9CC-D1AB-554F-ADAA-17404B6CDBA4,trial_germplasm_bridge_synthetic.csv,14,bridge
236B4C6D-B26E-5297-8889-8EF12132E0D9,trial_germplasm_bridge_synthetic.csv,15,bridge
091C6B61-7C5A-5037-B2CC-6BAD690F6D18,trial_germplasm_bridge_synthetic.csv,16,bridge
8C171837-3E3D-5FB8-BE93-586FA1A83790,trial_germplasm_bridge_synthetic.csv,17,bridge
99AB696D-89A2-57D2-861A-E5DB879B2554,trial_germplasm_bridge_synthetic.csv,18,bridge
7B7AF680-F99C-5F18-A8BF-D3A1DDA7F6D5,trial_germplasm_bridge_synthetic.csv,19,bridge
72837B52-E23A-5BD7-A26E-327EB46D3C7A,trial_germplasm_bridge_synthetic.csv,20,bridge
9E585E19-2616-52F4-BA68-01B1FEA7D7AD,trial_germplasm_bridge_synthetic.csv,21,bridge
B8148E5F-CF6B-5795-A2E0-22BA22571D33,trial_germplasm_bridge_synthetic.csv,22,bridge
D7C7704C-9324-5CF5-81F1-8EBAE0CEFE42,trial_germplasm_bridge_synthetic.csv,23,bridge
AAF9365F-90ED-5101-B595-1B1C4585A1A4,trial_germplasm_bridge_synthetic.csv,24,bridge
B4B495D7-12B6-552B-8B51-116D8C1104AD,trial_germplasm_bridge_synthetic.csv,25,bridge
F8D75C28-3BD7-592F-8D0F-489EBA676B4A,trial_germplasm_bridge_synthetic.csv,26,bridge
19930D92-3BD9-5E64-9021-C6E7E21980D5,trial_germplasm_bridge_synthetic.csv,27,bridge
B79342ED-5AC1-534A-B0A0-59DC108581CB,trial_germplasm_bridge_synthetic.csv,28,bridge
3ABA69FD-FED0-5227-BC5E-2C6BF92F4925,trial_germplasm_bridge_synthetic.csv,29,bridge
E9574AA6-8E36-5B18-AB22-D997CE1CC282,trial_germplasm_bridge_synthetic.csv,30,bridge
87781FDF-8F76-52F9-9CA3-42F68911B07D,trial_germplasm_bridge_synthetic.csv,31,bridge
2059FE5F-DDCB-5819-9F2A-A452819AD177,trial_germplasm_bridge_synthetic.csv,32,bridge
A10E6475-4F09-5B97-A2E6-D9814CA607F8,trial_germplasm_bridge_synthetic.csv,33,bridge
81A1A827-59F4-5A48-AD92-6A0D2CB442DA,trial_germplasm_bridge_synthetic.csv,34,bridge
5F8F897A-7C19-5A76-8B85-ED274611A2EE,trial_germplasm_bridge_synthetic.csv,35,bridge
3D078D02-A41F-5791-89EC-4891390C316B,trial_germplasm_bridge_synthetic.csv,36,bridge
D8F1EDE1-84A1-517C-AFF8-338041E1F282,trial_germplasm_bridge_synthetic.csv,37,bridge
53A0838C-CE16-5FEF-BB61-EED203598447,trial_germplasm_bridge_synthetic.csv,38,bridge
ECA8F1D2-6369-5737-9B04-ACA3849B6DF3,trial_germplasm_bridge_synthetic.csv,39,bridge
2F7AA570-7C7A-51D7-ACA9-47065E818E2C,trial_germplasm_bridge_synthetic.csv,40,bridge
61B86C12-089F-5423-8E3E-CB64F390F363,trial_germplasm_bridge_synthetic.csv,41,bridge
3CC895CE-F077-5C04-881E-0F3E9F0DA38D,trial_germplasm_bridge_synthetic.csv,42,bridge
996DFBE7-CE19-5BB2-A152-42C102B758C3,trial_germplasm_bridge_synthetic.csv,43,bridge
3EA8013E-64E5-5892-B203-CA7D6586BD9F,trial_germplasm_bridge_synthetic.csv,44,bridge
F233A2D9-6F01-56F7-AD88-269153FC7DF7,trial_germplasm_bridge_synthetic.csv,45,bridge
7ADEBF09-3B99-545D-B531-AB34F1EFF23D,trial_germplasm_bridge_synthetic.csv,46,bridge
597767FA-8B0B-5282-BF6D-A0434A750978,trial_germplasm_bridge_synthetic.csv,47,bridge
9459F2B1-9795-5865-882E-53190B5227CA,trial_germplasm_bridge_synthetic.csv,48,bridge
39174104-4297-5869-924E-6B4EC49C5A65,trial_germplasm_bridge_synthetic.csv,49,bridge
887123C7-94AC-5594-91B8-32ED975184CB,trial_germplasm_bridge_synthetic.csv,50,bridge
FA566CB7-6FAA-57BA-9022-5DF5AC506575,trial_germplasm_bridge_synthetic.csv,51,bridge
34D76F66-7286-5CF8-B136-2820232D00BD,trial_germplasm_bridge_synthetic.csv,52,bridge
F9D7ECFF-0232-519A-A1FC-9BF62E722FFD,trial_germplasm_bridge_synthetic.csv,53,bridge
EB6D272C-F0F5-527D-9867-87DC3E10B501,trial_germplasm_bridge_synthetic.csv,54,bridge
F02D5A06-5C0A-51BE-BDDD-0F57B089AFB1,trial_germplasm_bridge_synthetic.csv,55,bridge
F5BF71F2-9A76-56A0-B4F6-677AF57AB85F,trial_germplasm_bridge_synthetic.csv,56,bridge
AA21CE5F-8A26-5CE6-B126-6DBD8A3270F7,trial_germplasm_bridge_synthetic.csv,57,bridge
65641D79-3941-544D-B3C5-0FE831303990,trial_germplasm_bridge_synthetic.csv,58,bridge
0CBF2C09-BA91-558D-94DB-E9727B6E76F5,trial_germplasm_bridge_synthetic.csv,59,bridge
920A2F6D-56BA-5484-8462-D87663B8662C,trial_germplasm_bridge_synthetic.csv,60,bridge
29F7251F-F1B0-5C06-A456-815D6280F40F,trial_germplasm_bridge_synthetic.csv,61,bridge
CCB34687-A91D-5014-9BE1-13A0CEB0F5F3,trial_germplasm_bridge_synthetic.csv,62,bridge
95DB081B-EE2D-56F3-9105-4209A4E6B265,trial_germplasm_bridge_synthetic.csv,63,bridge
3E02BD10-2873-5E0E-97E9-9AA0737DC210,trial_germplasm_bridge_synthetic.csv,64,bridge
4C1E793C-E44D-56FF-91C2-64932CC299E5,trial_germplasm_bridge_synthetic.csv,65,bridge
50188EA5-CA81-50C7-B66B-EC295F0D8957,trial_germplasm_bridge_synthetic.csv,66,bridge
4421CCE2-15D5-5C97-9E8F-E358D44185D6,trial_germplasm_bridge_synthetic.csv,67,bridge
7FE8F21C-DE69-5967-AFC2-EF5CF2BB7788,trial_germplasm_bridge_synthetic.csv,68,bridge
85198334-6FCF-54AE-8FFC-18969AAA87FC,trial_germplasm_bridge_synthetic.csv,69,bridge
C8640942-4E1C-5DB7-8C17-5EC49426F9FF,trial_germplasm_bridge_synthetic.csv,70,bridge
08E8411F-F75B-5194-9974-BD7B58945403,trial_germplasm_bridge_synthetic.csv,71,bridge
FFE83470-8260-5FF9-9508-6CDF685B79F3,trial_germplasm_bridge_synthetic.csv,72,bridge
0EA7918E-03B8-5970-B1C3-56B961C6E30A,trial_germplasm_bridge_synthetic.csv,73,bridge
FA4484A7-61F1-5F8C-BFB4-CEB4267D54D1,trial_germplasm_bridge_synthetic.csv,74,bridge
6F00CBA4-1D60-5761-889F-0E0EE32EC850,trial_germplasm_bridge_synthetic.csv,75,bridge
D916ACC1-3BC8-5AC3-8BF2-E2D8C36261E5,trial_germplasm_bridge_synthetic.csv,76,bridge
E6E5A1A1-3EA1-5872-82C1-AC9F3E13F709,trial_germplasm_bridge_synthetic.csv,77,bridge
E68A106B-2BD6-53B6-8AC6-78B4F6E09720,trial_germplasm_bridge_synthetic.csv,78,bridge
3CF9B22C-88A4-5D77-B24A-F89529A90575,trial_germplasm_bridge_synthetic.csv,79,bridge
F958AF2D-39C7-5CAD-8A3F-86A9EB23AEE5,trial_germplasm_bridge_synthetic.csv,80,bridge
581BB309-1782-5AAA-BB34-63E82A34E8C1,trial_germplasm_bridge_synthetic.csv,81,bridge
BC582BFB-39EF-5A31-9618-DCA32B4D0A29,trial_germplasm_bridge_synthetic.csv,82,bridge
836959A4-644C-5062-A355-1ACA9299A880,trial_germplasm_bridge_synthetic.csv,83,bridge
77D6DB47-3936-592F-BFC3-62A930CD0800,trial_germplasm_bridge_synthetic.csv,84,bridge
8971D971-1733-5AA7-A367-B896F7D7F925,trial_germplasm_bridge_synthetic.csv,85,bridge
EF751E3A-0AE2-5017-9B2D-FD2ABC8AC79D,trial_germplasm_bridge_synthetic.csv,86,bridge
130E93AB-599A-582C-B900-0F81CCF5CC13,trial_germplasm_bridge_synthetic.csv,87,bridge
B64B8B00-03A0-54C1-A2EE-0CA89BDCDD4F,trial_germplasm_bridge_synthetic.csv,88,bridge
EFEF2BA8-C91F-5FCE-A607-2116AE496DB0,trial_germplasm_bridge_synthetic.csv,89,bridge
06F9C341-B2A8-5226-BF29-66C98D7B6157,trial_germplasm_bridge_synthetic.csv,90,bridge
2628B0D7-1A9B-5B37-A9C5-51E5989151CA,trial_germplasm_bridge_synthetic.csv,91,bridge
87649DB6-B082-5FA5-8C27-D3D83C4028C5,trial_germplasm_bridge_synthetic.csv,92,bridge
88A89003-E8A2-5FCD-8ED5-2761DC44C818,trial_germplasm_bridge_synthetic.csv,93,bridge
A6B9C09C-7CC5-5C4C-905B-94245C88B395,trial_germplasm_bridge_synthetic.csv,94,bridge
AAA767BB-7BD1-5A38-9317-870CE75D494A,trial_germplasm_bridge_synthetic.csv,95,bridge
59C3ECF4-6F45-5C6A-BCFB-6691D5B0D30B,trial_germplasm_bridge_synthetic.csv,96,bridge
2CB0A248-7B0C-544D-8C6F-2568576FB993,trial_germplasm_bridge_synthetic.csv,97,bridge
BD595882-BD85-5913-9E91-97CA3AC8881F,trial_germplasm_bridge_synthetic.csv,98,bridge
BB8BB1C2-7EB7-5354-BD80-DBED7EE79E82,trial_germplasm_bridge_synthetic.csv,99,bridge
3DCE5B52-A13C-5D1A-B5E1-E5AC13F4E9A2,trial_germplasm_bridge_synthetic.csv,100,bridge
9825695E-CACD-57F9-A3D2-22C5917999D1,trial_germplasm_bridge_synthetic.csv,101,bridge
5F858102-A90A-5B53-A758-6D198AB18677,trial_germplasm_bridge_synthetic.csv,102,bridge
853E8667-7EC7-50ED-B0A2-A49958C7EAE8,trial_germplasm_bridge_synthetic.csv,103,bridge
D4B91DF8-962D-5AE7-880B-E7A5A8087B44,trial_germplasm_bridge_synthetic.csv,104,bridge
183B54F7-0F6A-591B-8C2C-9691CF0F2C41,trial_germplasm_bridge_synthetic.csv,105,bridge
009BA9E9-0851-519C-B1E8-BFEA1D8AB07E,trial_germplasm_bridge_synthetic.csv,106,bridge
CBC2D5CA-6B67-5F89-9218-4ADB738ADD20,trial_germplasm_bridge_synthetic.csv,107,bridge
3DA724FB-BA95-5086-8D9A-A7EB2B60B5F9,trial_germplasm_bridge_synthetic.csv,108,bridge
3BA9E04E-E686-5594-9D6F-6294E3C1604C,trial_germplasm_bridge_synthetic.csv,109,bridge
67708482-C7BB-5ADD-A35C-B44C0841E0E0,trial_germplasm_bridge_synthetic.csv,110,bridge
BB7070D6-C9E4-54D4-8901-D7BE792F7309,trial_germplasm_bridge_synthetic.csv,111,bridge
E734FE06-E8A8-55BF-A84D-EFA682B2EA16,trial_germplasm_bridge_synthetic.csv,112,bridge
F6B0C121-BCC9-5DA4-97AA-4ED98F381586,trial_germplasm_bridge_synthetic.csv,113,bridge
08F9ECD5-FA48-598A-AD10-F2662F4C1251,trial_germplasm_bridge_synthetic.csv,114,bridge
05E20A2B-016E-5E1F-88CE-A2B324849C25,trial_germplasm_bridge_synthetic.csv,115,bridge
F6F25E13-C0AB-5CAE-B496-EE8CD0E86AF1,trial_germplasm_bridge_synthetic.csv,116,bridge
A3893383-2E27-5771-B264-F7D7BBBBAD8C,trial_germplasm_bridge_synthetic.csv,117,bridge
D64C1B21-B337-5D6B-A2DB-6F32B44D4616,trial_germplasm_bridge_synthetic.csv,118,bridge
B107A89B-E1F9-5878-ADF1-57DC9D0DB9D0,trial_germplasm_bridge_synthetic.csv,119,bridge
D027165D-A246-54CE-B105-01B0B24F50C0,trial_germplasm_bridge_synthetic.csv,120,bridge
C5DD3FCE-ECF2-5ACD-8008-EC6A5DADC017,trial_germplasm_bridge_synthetic.csv,121,bridge
DB0D22AE-BB73-5E9B-8864-24E5F7637D04,trial_germplasm_bridge_synthetic.csv,122,bridge
531D9721-1AC5-598E-8732-C3AEE880DEAB,trial_germplasm_bridge_synthetic.csv,123,bridge
442A1F85-7278-53DB-9574-268866E786C0,trial_germplasm_bridge_synthetic.csv,124,bridge
143B26A1-0BFC-5749-8A37-C60907A1EAED,trial_germplasm_bridge_synthetic.csv,125,bridge
C581360A-8636-585A-813E-BCC6A08C0D04,trial_germplasm_bridge_synthetic.csv,126,bridge
EBFBF6E6-0E33-5A1F-9FAF-163F25DA83B0,trial_germplasm_bridge_synthetic.csv,127,bridge
FE8134E9-9DA6-5541-B3B2-E9042DD68205,trial_germplasm_bridge_synthetic.csv,128,bridge
4974968C-F8D7-5DE7-A7A1-03A34D2235B6,trial_germplasm_bridge_synthetic.csv,129,bridge
5F6540AF-1EE9-5031-B80D-845F8179F8B9,trial_germplasm_bridge_synthetic.csv,130,bridge
0C652D5A-6C45-57F2-AFC4-7FAEE36821E7,trial_germplasm_bridge_synthetic.csv,131,bridge
E7EBE666-61EA-5C88-9746-35545F3924DA,trial_germplasm_bridge_synthetic.csv,132,bridge
DB3894CC-FBF2-5A10-B8B5-52511A6D15E2,trial_germplasm_bridge_synthetic.csv,133,bridge
903FE3EE-1978-5263-80DB-67B1E963D457,trial_germplasm_bridge_synthetic.csv,134,bridge
F576BDC2-0859-5749-98FD-DFA95ABD30EA,trial_germplasm_bridge_synthetic.csv,135,bridge
804D6FA9-0947-5A37-9651-3B553DA5FACB,trial_germplasm_bridge_synthetic.csv,136,bridge
70E9C350-9BD3-5C99-859B-363DCE2F602E,trial_germplasm_bridge_synthetic.csv,137,bridge
9F18CFB0-F458-5B51-8C18-B5F3F4EF9DB3,trial_germplasm_bridge_synthetic.csv,138,bridge
BC24F5DA-5D47-54F7-8C83-E6EB8A7BDEAE,trial_germplasm_bridge_synthetic.csv,139,bridge
1FB5E99B-CD45-5C23-91AE-90C707A60EB0,trial_germplasm_bridge_synthetic.csv,140,bridge
4BBF840C-0EE2-55D8-AB25-04214FD565C6,trial_germplasm_bridge_synthetic.csv,141,bridge
BABA4562-BB8F-5638-A272-5C2DFA0156CF,trial_germplasm_bridge_synthetic.csv,142,bridge
1AAF38D2-31E8-5DD9-AFDB-F332B098D4B1,trial_germplasm_bridge_synthetic.csv,143,bridge
0D709F51-B2A2-5DAF-8A21-836858166D07,trial_germplasm_bridge_synthetic.csv,144,bridge
69F60E9D-39DC-5E99-9C2F-FDC2F22239EA,trial_germplasm_bridge_synthetic.csv,145,bridge
5408DADD-E500-552E-A683-B73FF2248048,trial_germplasm_bridge_synthetic.csv,146,bridge
249BB513-7C28-54C7-83C9-02072D9389A2,trial_germplasm_bridge_synthetic.csv,147,bridge
E855E201-A3EB-52DF-8FF2-36DF6469DAE2,trial_germplasm_bridge_synthetic.csv,148,bridge
6424CFBD-0FEE-5C1E-996F-1F9D0ADD8393,trial_germplasm_bridge_synthetic.csv,149,bridge
450EC9D0-40B6-567A-A87F-82EE1E730A71,trial_germplasm_bridge_synthetic.csv,150,bridge
10098629-ED16-5758-AAD8-C28D9E7D3A07,trial_germplasm_bridge_synthetic.csv,151,bridge
343FD4AC-9C18-5464-9480-E67F943EC92D,trial_germplasm_bridge_synthetic.csv,152,bridge
AD71409C-2987-586E-B080-587020E690D1,trial_germplasm_bridge_synthetic.csv,153,bridge
435C0F66-EA8A-58AF-BBEB-2FAE711A60E5,trial_germplasm_bridge_synthetic.csv,154,bridge
5731ABB2-A793-5E5D-B206-E0E7B222CBFF,trial_germplasm_bridge_synthetic.csv,155,bridge
3B9E8477-1490-5075-878D-EB9664A29D0C,trial_germplasm_bridge_synthetic.csv,156,bridge
46EF1E58-39EF-5251-8D74-4960234111D1,trial_germplasm_bridge_synthetic.csv,157,bridge
D6A3D035-4C98-52D4-9CDA-418894A190F1,trial_germplasm_bridge_synthetic.csv,158,bridge
F37F48A9-540A-528A-8303-016BD094C96E,trial_germplasm_bridge_synthetic.csv,159,bridge
240E4E8F-0569-5082-9FAC-F314024E2F03,trial_germplasm_bridge_synthetic.csv,160,bridge
E7955EAA-4FDE-598C-A9C4-9DC5BDBB3098,trial_germplasm_bridge_synthetic.csv,161,bridge
D8359D96-A728-5FD8-8A36-FD3145A11706,trial_germplasm_bridge_synthetic.csv,162,bridge
675F5631-A650-587C-B051-8CF7FB923A5E,trial_germplasm_bridge_synthetic.csv,163,bridge
12ACE3F3-1007-5221-8D2E-8AF31831746E,trial_germplasm_bridge_synthetic.csv,164,bridge
85ABAD43-3EB0-5D1C-8454-13AA7B6323B4,trial_germplasm_bridge_synthetic.csv,165,bridge
BE940AA6-87AA-5C4C-974B-CB8C7854D8F6,trial_germplasm_bridge_synthetic.csv,166,bridge
6362AD30-3AC9-56B9-AB2B-286D699EEFC1,trial_germplasm_bridge_synthetic.csv,167,bridge
1AC7293C-B269-53DE-930E-5F76C6E2D56F,trial_germplasm_bridge_synthetic.csv,168,bridge
BBB9E229-6037-59C2-9E7E-576802DB147F,trial_germplasm_bridge_synthetic.csv,169,bridge
7E060DAD-CCBE-5C77-9D9E-A2575F4F0D32,trial_germplasm_bridge_synthetic.csv,170,bridge
F2223CC2-4514-5EB3-A2E2-B2ED2F4CCC29,trial_germplasm_bridge_synthetic.csv,171,bridge
8802D590-E187-554B-8B7F-58388C660FA2,trial_germplasm_bridge_synthetic.csv,172,bridge
5BCF58C3-6D78-5153-8736-B89970585B0C,trial_germplasm_bridge_synthetic.csv,173,bridge
4614D2D7-758E-59BE-8649-93A1109BE9D6,trial_germplasm_bridge_synthetic.csv,174,bridge
5EB9672F-6506-50C7-B5C7-11A86F95C535,trial_germplasm_bridge_synthetic.csv,175,bridge
1244DCCA-9176-5D40-895B-3E8F4DF9DF34,trial_germplasm_bridge_synthetic.csv,176,bridge
1C00F825-6569-5D41-8865-8DCF70E2304B,trial_germplasm_bridge_synthetic.csv,177,bridge
59F9E2CD-D9C9-542F-AE84-99B0855411DD,trial_germplasm_bridge_synthetic.csv,178,bridge
D1462DCC-451E-5992-8DFC-33DCE151B91B,trial_germplasm_bridge_synthetic.csv,179,bridge
CC52B178-07E0-575E-B3C2-8B7B65FCB1CE,trial_germplasm_bridge_synthetic.csv,180,bridge
9E473228-C01B-5F5E-AE8B-65CD02F86270,trial_germplasm_bridge_synthetic.csv,181,bridge
996D8786-81C5-55D0-B2E6-11E5C0C99F8E,trial_germplasm_bridge_synthetic.csv,182,bridge
854E22A3-F0F0-5E0E-B5D0-37B0D9C4AFF0,trial_germplasm_bridge_synthetic.csv,183,bridge
B4C35B80-4AA2-5502-8D57-160E1B6515A6,trial_germplasm_bridge_synthetic.csv,184,bridge
62E30A66-91B5-58A7-A1C7-ABCE8C6DF00B,trial_germplasm_bridge_synthetic.csv,185,bridge
3FA48221-969B-59E9-B495-13920826821D,trial_germplasm_bridge_synthetic.csv,186,bridge
C62AB52C-B7FD-51C8-B2AD-5C02D4CB15CE,trial_germplasm_bridge_synthetic.csv,187,bridge
041DB135-5A16-53CE-A68B-D042B8A9FD54,trial_germplasm_bridge_synthetic.csv,188,bridge
52DF8F99-5AEB-5102-89BE-30ECA5709033,trial_germplasm_bridge_synthetic.csv,189,bridge
DAE56394-555F-598A-B202-50EC23B1ED2E,trial_germplasm_bridge_synthetic.csv,190,bridge
266B9E07-1519-5A45-A6BD-B2EA61481F48,trial_germplasm_bridge_synthetic.csv,191,bridge
CAD7CBDB-45EE-5377-9023-071B9AFA5BFE,trial_germplasm_bridge_synthetic.csv,192,bridge
FAE7409D-0DA3-57E7-9BDC-92BB517D2984,trial_germplasm_bridge_synthetic.csv,193,bridge
53D6D298-C8D1-5527-A5AE-AFF011270D6D,trial_germplasm_bridge_synthetic.csv,194,bridge
1BE6FB58-0227-575B-B9CF-867BAD3B2704,trial_germplasm_bridge_synthetic.csv,195,bridge
CBE62FCB-C983-5271-BF9F-128662F2F774,trial_germplasm_bridge_synthetic.csv,196,bridge
9EE2D248-D876-5E40-908C-6BB6B1C1FB5F,trial_germplasm_bridge_synthetic.csv,197,bridge
67B8539C-0E06-53C6-A097-229EBD698B11,trial_germplasm_bridge_synthetic.csv,198,bridge
A10E2200-0391-561B-AD90-DB7DC116057D,trial_germplasm_bridge_synthetic.csv,199,bridge
0814563A-3DEB-5F8D-9FAE-C4E5F19D5BE8,trial_germplasm_bridge_synthetic.csv,200,bridge
2E58DDFE-D9AE-5259-A4CD-EDD529F9019A,trial_germplasm_bridge_synthetic.csv,201,bridge
508ABAD7-BE0E-5441-9E06-16B429AC23E2,trial_germplasm_bridge_synthetic.csv,202,bridge
D3D2B827-F860-5019-A8FE-41FAC9B9756E,trial_germplasm_bridge_synthetic.csv,203,bridge
BAC64DE9-9FDD-56D3-99D7-6DCCD9FB63E3,trial_germplasm_bridge_synthetic.csv,204,bridge
7BBAE4CA-BCCC-5E72-B91F-4AAD49C423CC,trial_germplasm_bridge_synthetic.csv,205,bridge
D06B5966-E2A7-5875-BCE7-98625D6C34AB,trial_germplasm_bridge_synthetic.csv,206,bridge
1AC0E3F8-663A-5036-95AB-94F0492E4425,trial_germplasm_bridge_synthetic.csv,207,bridge
AEA42947-A7BE-51A3-B6E7-EC772CE5860B,trial_germplasm_bridge_synthetic.csv,208,bridge
258D8775-CAE4-52D9-9BF5-1E04ABA365A3,trial_germplasm_bridge_synthetic.csv,209,bridge
F6C79742-4C1D-51BA-9574-230138226EC7,trial_germplasm_bridge_synthetic.csv,210,bridge
E9DF8D04-B8A0-5BBD-A577-04AA75D6BEE7,trial_germplasm_bridge_synthetic.csv,211,bridge
3BF4C460-BE76-5C3B-8026-6923D1A1FB9E,trial_germplasm_bridge_synthetic.csv,212,bridge
8E10DA3A-7F9C-58DD-B833-36A8AE5DE8C1,trial_germplasm_bridge_synthetic.csv,213,bridge
96D19287-7E26-5A29-81ED-FEE9FBF9F28B,trial_germplasm_bridge_synthetic.csv,214,bridge
DFDFD062-7E88-591C-B1AA-1A6E6E236BD2,trial_germplasm_bridge_synthetic.csv,215,bridge
EA4D0B51-6598-5E45-AF31-D0E21EE798B8,trial_germplasm_bridge_synthetic.csv,216,bridge
4D9E1BBB-3EB5-5746-8177-EFF8E6217F83,trial_germplasm_bridge_synthetic.csv,217,bridge
F7676EE9-5B8A-58B9-9873-C34339C97485,trial_germplasm_bridge_synthetic.csv,218,bridge
7EA35990-DDFB-5B45-B482-2B288AF8719B,trial_germplasm_bridge_synthetic.csv,219,bridge
71FCCBDD-5973-5D4F-833B-150CE6EE360C,trial_germplasm_bridge_synthetic.csv,220,bridge
B7A4787C-B079-541D-AC26-F1B720D30537,trial_germplasm_bridge_synthetic.csv,221,bridge
39224517-948E-55CD-8512-BADB5553070F,trial_germplasm_bridge_synthetic.csv,222,bridge
FEB09056-1C14-5A93-8969-582661AFDFDC,trial_germplasm_bridge_synthetic.csv,223,bridge
A6E1B46C-CD30-5A45-90B4-77D51E21459E,trial_germplasm_bridge_synthetic.csv,224,bridge
7E9E239E-749E-53F6-A578-815A56EFBD57,trial_germplasm_bridge_synthetic.csv,225,bridge
FA3ECE5D-56AB-54DD-8470-1175E9BCF85F,trial_germplasm_bridge_synthetic.csv,226,bridge
39063AB1-0D88-5750-A0C1-DA3C699ED3AD,trial_germplasm_bridge_synthetic.csv,227,bridge
0321D4BC-B358-5D50-9E26-EECA6EA2376F,trial_germplasm_bridge_synthetic.csv,228,bridge
FEB64C10-22ED-5386-9334-4E7B68F0BF52,trial_germplasm_bridge_synthetic.csv,229,bridge
D660981C-5B4F-574D-91FB-F164E9706789,trial_germplasm_bridge_synthetic.csv,230,bridge
DEF589AA-D3BC-54B0-9790-7AD1E1E02296,trial_germplasm_bridge_synthetic.csv,231,bridge
9C680BC1-382A-5A07-9038-B5F0668C0CE7,trial_germplasm_bridge_synthetic.csv,232,bridge
3A02DA5F-B02B-5600-8731-1EDED243BF5A,trial_germplasm_bridge_synthetic.csv,233,bridge
15334B4D-496C-5E5E-88FB-408B607B8642,trial_germplasm_bridge_synthetic.csv,234,bridge
9668A1C4-B944-58E0-8E94-17B51909A599,trial_germplasm_bridge_synthetic.csv,235,bridge
B46F28D7-0B4B-5EB3-A00B-E4B252052B68,trial_germplasm_bridge_synthetic.csv,236,bridge
B48EF3F8-52DE-556B-AD0E-801D0B82C5B7,trial_germplasm_bridge_synthetic.csv,237,bridge
996BFD3A-30A0-563B-B26E-DBE27AB6DA7F,trial_germplasm_bridge_synthetic.csv,238,bridge
A12DAD6D-AA0F-5C52-B7BA-C7974DBE12E9,trial_germplasm_bridge_synthetic.csv,239,bridge
DB4280AF-262C-55D8-9FA0-3F1467BDCE5A,trial_germplasm_bridge_synthetic.csv,240,bridge
02B7057F-D097-5011-AE3E-29A56532DD8A,trial_germplasm_bridge_synthetic.csv,241,bridge
40D7BF9E-ADDB-5FBD-A6F6-4B07FADE7580,trial_germplasm_bridge_synthetic.csv,242,bridge
A93DD1F3-DE4E-5D4B-82B4-6F3891706320,trial_germplasm_bridge_synthetic.csv,243,bridge
531DFB65-0BD5-5F8A-96A0-E564CF74B27D,trial_germplasm_bridge_synthetic.csv,244,bridge
090534C9-8E6C-58C6-83A1-81ACCD4FC154,trial_germplasm_bridge_synthetic.csv,245,bridge
125B1BD7-65F9-5F10-91F7-5D08F80D83F2,trial_germplasm_bridge_synthetic.csv,246,bridge
6D6AFE13-89E4-5DBA-8B1F-BF490D76FC92,trial_germplasm_bridge_synthetic.csv,247,bridge
AE99A689-EBA9-59FC-AE51-472678B9CD5F,trial_germplasm_bridge_synthetic.csv,248,bridge
6BF6E0D9-7452-5A3C-8E74-6D60DFB6A634,trial_germplasm_bridge_synthetic.csv,249,bridge
44BF24BB-D853-5755-A945-2AE43A304783,trial_germplasm_bridge_synthetic.csv,250,bridge
7EF13B57-EB5F-5893-BAF2-BC77CBDE8C8A,trial_germplasm_bridge_synthetic.csv,251,bridge
4E513318-B794-54EE-A109-B0830F920656,trial_germplasm_bridge_synthetic.csv,252,bridge
F4D35C00-2A99-5BE9-A2DD-95448B59D350,trial_germplasm_bridge_synthetic.csv,253,bridge
55BD24B5-E2D7-52CE-AA5C-E0769AB62552,trial_germplasm_bridge_synthetic.csv,254,bridge
E20E7231-67B1-539D-B246-80C79828BD7C,trial_germplasm_bridge_synthetic.csv,255,bridge
EB73BCE8-28AA-5AB9-80E0-A81B81C190FE,trial_germplasm_bridge_synthetic.csv,256,bridge
2D702009-DBC1-58C4-8203-8CC4C60D8391,trial_germplasm_bridge_synthetic.csv,257,bridge
CD6B4F9B-2198-5C55-BFB8-5ACDB8CCBC79,trial_germplasm_bridge_synthetic.csv,258,bridge
DAE46CB6-00EC-5D7A-8B56-6924BEB09F00,trial_germplasm_bridge_synthetic.csv,259,bridge
D80AE73E-5DD2-518B-868E-264819001AE8,trial_germplasm_bridge_synthetic.csv,260,bridge
969E03F4-8081-5945-A317-EE9A988155FD,trial_germplasm_bridge_synthetic.csv,261,bridge
8DC76225-2D17-5190-B314-EC0FE8C2D037,trial_germplasm_bridge_synthetic.csv,262,bridge
3F5C31B6-0C4A-5114-9287-67B97A0FC02D,trial_germplasm_bridge_synthetic.csv,263,bridge
289275FD-AFDF-5DD5-A680-08210186A290,trial_germplasm_bridge_synthetic.csv,264,bridge
5EC012B2-0C60-54B7-BD04-55B582CDEEFC,trial_germplasm_bridge_synthetic.csv,265,bridge
8574D2C8-BD88-5830-9A0E-C83E7A037BCE,trial_germplasm_bridge_synthetic.csv,266,bridge
A2BB640A-5AAB-56E0-98D1-806B474EA284,trial_germplasm_bridge_synthetic.csv,267,bridge
D733E2D4-2D17-5712-B47E-E73FD583128E,trial_germplasm_bridge_synthetic.csv,268,bridge
26229070-4AFD-5D0B-A30C-96B48E565F6C,trial_germplasm_bridge_synthetic.csv,269,bridge
DE79B3A4-7D47-5A6F-B60E-5D3733992A74,trial_germplasm_bridge_synthetic.csv,270,bridge
1535E9D7-F2D6-5844-BCB3-B7E7CDC96DC2,trial_germplasm_bridge_synthetic.csv,271,bridge
83522507-08A6-50FB-99C8-F4B205984E6F,trial_germplasm_bridge_synthetic.csv,272,bridge
7354541B-3969-521E-8EFF-81BA57E03A62,trial_germplasm_bridge_synthetic.csv,273,bridge
C284A784-72DE-5521-92C2-02042EB267FA,trial_germplasm_bridge_synthetic.csv,274,bridge
9F918599-0872-5490-9AD1-57C79C42B162,trial_germplasm_bridge_synthetic.csv,275,bridge
58143A01-5089-5389-A3DF-8C8EBB661AF9,trial_germplasm_bridge_synthetic.csv,276,bridge
E924F3B4-7A12-55FD-BA27-C0B1408BB50B,trial_germplasm_bridge_synthetic.csv,277,bridge
E92CBFF0-5683-57F4-A672-9C4593EDC43F,trial_germplasm_bridge_synthetic.csv,278,bridge
2B89879B-873C-5FE5-BF15-C75ADFD65AE6,trial_germplasm_bridge_synthetic.csv,279,bridge
DE434E14-C896-52AF-82E5-5297C058BD2C,trial_germplasm_bridge_synthetic.csv,280,bridge
3AC3EAE4-4F11-511F-A654-FBB57F976831,trial_germplasm_bridge_synthetic.csv,281,bridge
7D80A522-BD1A-5F1C-95E3-97B608223B28,trial_germplasm_bridge_synthetic.csv,282,bridge
A8A5C701-AAC5-5758-ABF9-D3EF59986AE2,trial_germplasm_bridge_synthetic.csv,283,bridge
60372BD3-8628-5A4E-BAD5-5D160AD2D171,trial_germplasm_bridge_synthetic.csv,284,bridge
C5FFBC8D-1C06-5E2C-A285-A86186CA45CD,trial_germplasm_bridge_synthetic.csv,285,bridge
8FF7CA48-EFA8-53E2-BCA2-8A8BC8ED2196,trial_germplasm_bridge_synthetic.csv,286,bridge
82C4E02F-CC77-591E-BB69-AAF46450B8E4,trial_germplasm_bridge_synthetic.csv,287,bridge
966ADB3E-2701-57A3-9579-DE6C2FD93DFE,trial_germplasm_bridge_synthetic.csv,288,bridge
94E67E6A-3B99-520E-8246-CD7386DFB9F5,trial_germplasm_bridge_synthetic.csv,289,bridge
4F381654-C186-580E-A25E-E9CBB20D019A,trial_germplasm_bridge_synthetic.csv,290,bridge
7F8DB32E-4CA5-5483-BE76-1765114DE308,trial_germplasm_bridge_synthetic.csv,291,bridge
DCFB975E-726E-5EEE-AB99-A1003550C178,trial_germplasm_bridge_synthetic.csv,292,bridge
1A9BD406-5E94-572B-A7B2-7AE533E6E14C,trial_germplasm_bridge_synthetic.csv,293,bridge
E8B41085-87A0-53A7-907A-06DFA292E1C8,trial_germplasm_bridge_synthetic.csv,294,bridge
9948D7DD-9109-5A25-A9DC-47A672C9659F,trial_germplasm_bridge_synthetic.csv,295,bridge
09F8F917-B2BA-5909-93F9-7A4F2A40C192,trial_germplasm_bridge_synthetic.csv,296,bridge
10740FCC-DB5E-534A-AEC9-A4E0297E1BFF,trial_germplasm_bridge_synthetic.csv,297,bridge
ACF7B086-A902-5B1C-8171-78B79FE9F6AF,trial_germplasm_bridge_synthetic.csv,298,bridge
D588450E-5594-526E-9FF0-445EF36D7B72,trial_germplasm_bridge_synthetic.csv,299,bridge
F044AD0B-4CB8-5603-92BE-9E5E61639169,trial_germplasm_bridge_synthetic.csv,300,bridge
0DE72938-8FDD-52F0-89EC-B18DC48664B4,trial_germplasm_bridge_synthetic.csv,301,bridge
712F53D7-6C9B-5411-88B9-B66827AA9FF0,trial_germplasm_bridge_synthetic.csv,302,bridge
DC6621D7-17A9-583A-AD44-2D1F3D414966,trial_germplasm_bridge_synthetic.csv,303,bridge
5F49754D-1CA1-51A5-9509-087E69936FE9,trial_germplasm_bridge_synthetic.csv,304,bridge
8D098336-B525-5E1F-8F4D-FC7DA00D37F2,trial_germplasm_bridge_synthetic.csv,305,bridge
D5BE5B74-4F9C-576E-A2C1-212EFFDFD839,trial_germplasm_bridge_synthetic.csv,306,bridge
AC644E55-8555-585E-A2AB-709C7B9B5319,trial_germplasm_bridge_synthetic.csv,307,bridge
E28C4A6C-476E-5E41-A768-3DCB5BF5A9C8,trial_germplasm_bridge_synthetic.csv,308,bridge
ED1D4D6D-96BF-55A8-BEB2-5F333DE63BA9,trial_germplasm_bridge_synthetic.csv,309,bridge
306DBAED-864F-53AF-9442-F8B2304FFB71,trial_germplasm_bridge_synthetic.csv,310,bridge
FEA29573-9B5A-51F8-8721-D09508591525,trial_germplasm_bridge_synthetic.csv,311,bridge
0D3030F3-E964-58FE-A934-C017DF43E7F3,trial_germplasm_bridge_synthetic.csv,312,bridge
F6039308-121E-5CE4-BC0E-149DEF08E7A8,trial_germplasm_bridge_synthetic.csv,313,bridge
52334112-694D-5A26-8015-4C36AF923BED,trial_germplasm_bridge_synthetic.csv,314,bridge
E5A7AECB-C238-57C7-92F2-C9A931AA28E2,trial_germplasm_bridge_synthetic.csv,315,bridge
2902DC1E-C346-55DE-969D-BB6054439FFE,trial_germplasm_bridge_synthetic.csv,316,bridge
8BCE14F0-3289-5D86-8565-77FDD44EB2CB,trial_germplasm_bridge_synthetic.csv,317,bridge
BFE3AAB1-F494-5E51-95CC-E4B58B7B6C16,trial_germplasm_bridge_synthetic.csv,318,bridge
6649C9CB-922C-5576-BF00-8B4737701612,trial_germplasm_bridge_synthetic.csv,319,bridge
50676F24-B61F-549A-9EDE-76A0E74C8CD1,trial_germplasm_bridge_synthetic.csv,320,bridge
B36EC61B-6AA1-521D-9F0E-0E175317DA11,trial_germplasm_bridge_synthetic.csv,321,bridge
74220349-8512-5D55-8E12-5B6E7045BB0A,trial_germplasm_bridge_synthetic.csv,322,bridge
8D42D923-8F4C-5291-BC1D-15D4ED33B23A,trial_germplasm_bridge_synthetic.csv,323,bridge
5B48FED7-5A5F-5975-B1EA-271F9B71DAC0,trial_germplasm_bridge_synthetic.csv,324,bridge
F985521A-121A-5DEC-BC99-1BECE919A3B5,trial_germplasm_bridge_synthetic.csv,325,bridge
4B88414A-3AC7-585C-B525-9159032FFCAA,trial_germplasm_bridge_synthetic.csv,326,bridge
D03AD70F-BC07-5F61-8EEF-C595A7F53694,trial_germplasm_bridge_synthetic.csv,327,bridge
3D1CF6AE-5414-5621-97DD-C52BF43D41B4,trial_germplasm_bridge_synthetic.csv,328,bridge
9439043E-699A-570C-B28A-F6319D5AA719,trial_germplasm_bridge_synthetic.csv,329,bridge
4AAD2595-0BD9-5B99-8A2B-ABBF3A9D30F9,trial_germplasm_bridge_synthetic.csv,330,bridge
4A72E955-549E-5234-98BD-F6D9900230C3,trial_germplasm_bridge_synthetic.csv,331,bridge
B0156233-6BEB-57D1-80A1-E37B60B9CE04,trial_germplasm_bridge_synthetic.csv,332,bridge
ED14167C-C5A4-55A4-87D2-2532CF43B7D4,trial_germplasm_bridge_synthetic.csv,333,bridge
4B8A9A64-22CE-50B0-A44B-152A69DE34FA,trial_germplasm_bridge_synthetic.csv,334,bridge
E3C183FE-6960-523B-8261-CE02A9DE6ECD,trial_germplasm_bridge_synthetic.csv,335,bridge
9E06817F-2C9A-5991-A63B-A267AD8A0018,trial_germplasm_bridge_synthetic.csv,336,bridge
D1B00BDA-4E9D-566D-B99A-DC43C6690151,trial_germplasm_bridge_synthetic.csv,337,bridge
69700F2C-37AD-5312-BB20-252638225AE0,trial_germplasm_bridge_synthetic.csv,338,bridge
7929737B-3E62-5D7A-BFDF-181C48E90903,trial_germplasm_bridge_synthetic.csv,339,bridge
06A4C120-CD86-530A-80A9-0A74EFD5A6E5,trial_germplasm_bridge_synthetic.csv,340,bridge
79805455-B002-5AE8-89B7-CAFA47207CFB,trial_germplasm_bridge_synthetic.csv,341,bridge
B1B60E0A-3577-50A1-8645-A483C8DA5900,trial_germplasm_bridge_synthetic.csv,342,bridge
04F2A07A-2A77-514E-8A1F-8D8C249A38D2,trial_germplasm_bridge_synthetic.csv,343,bridge
F8ACFB00-710A-55BF-85CE-F7B074AE582C,trial_germplasm_bridge_synthetic.csv,344,bridge
4B63AD49-C796-5EFF-B774-BAB0CB8AD29A,trial_germplasm_bridge_synthetic.csv,345,bridge
03A82E52-5D8E-589D-A410-0E3760AB944D,trial_germplasm_bridge_synthetic.csv,346,bridge
0D41B952-8F82-5BFF-8C54-C9DA5E573D2E,trial_germplasm_bridge_synthetic.csv,347,bridge
C54F3ACA-40C2-5269-8702-AECC1359010B,trial_germplasm_bridge_synthetic.csv,348,bridge
1299CFDF-07DD-5A18-A243-346749E368D5,trial_germplasm_bridge_synthetic.csv,349,bridge
34BFBE5B-1266-5114-AFA8-F4D5AF36528F,trial_germplasm_bridge_synthetic.csv,350,bridge
3A221116-EF33-53AF-9BC3-BC16C57000BF,trial_germplasm_bridge_synthetic.csv,351,bridge
60A5FAEC-2F3A-5C12-B395-5C215420E534,trial_germplasm_bridge_synthetic.csv,352,bridge
DA962EAD-A7FD-54C0-B6A9-D31A9AD67831,trial_germplasm_bridge_synthetic.csv,353,bridge
D71B1460-3676-504B-B33A-9E352418DA10,trial_germplasm_bridge_synthetic.csv,354,bridge
775D1F11-5B4E-5765-860B-ACB40B02A37E,trial_germplasm_bridge_synthetic.csv,355,bridge
C60BAFF3-AF59-59BB-A4A5-B6A164E3C821,trial_germplasm_bridge_synthetic.csv,356,bridge
E1BD0135-1627-5371-9AB3-C28400CE3207,trial_germplasm_bridge_synthetic.csv,357,bridge
60739159-2FB7-50AB-B1A5-D70F7166526D,trial_germplasm_bridge_synthetic.csv,358,bridge
72E60057-7028-5ECF-AC94-72793E1F1761,trial_germplasm_bridge_synthetic.csv,359,bridge
9E18CCE8-1948-5FB5-B31C-5054E457EB44,trial_germplasm_bridge_synthetic.csv,360,bridge
A7EA71F5-E0BD-59DF-8C42-976275C161C5,trial_germplasm_bridge_synthetic.csv,361,bridge
EA104F25-8D31-5126-9359-32BAF149F465,trial_germplasm_bridge_synthetic.csv,362,bridge
8B874F29-38A7-5F96-9F0D-6E092ED52D00,trial_germplasm_bridge_synthetic.csv,363,bridge
6EAE7DF5-76F7-5BF3-97CC-1D0682F4DFD6,trial_germplasm_bridge_synthetic.csv,364,bridge
5DA62392-66F5-54D8-BA58-855C934F7FB1,trial_germplasm_bridge_synthetic.csv,365,bridge
5FDA70F2-E4B0-55C3-9432-E3D23A8CD077,trial_germplasm_bridge_synthetic.csv,366,bridge
06EF7FCB-245E-5599-9FE9-A23BE33A52FA,trial_germplasm_bridge_synthetic.csv,367,bridge
C0CBC38D-BB17-555B-9D2C-CCBC59ED404F,trial_germplasm_bridge_synthetic.csv,368,bridge
AF7EFDE9-9F46-572B-B156-75BE34A88C0D,trial_germplasm_bridge_synthetic.csv,369,bridge
0CF9B1F8-7014-56BA-B004-0500E2BCDB06,trial_germplasm_bridge_synthetic.csv,370,bridge
E982458C-3BD7-53C5-B12F-53E1DB00AA62,trial_germplasm_bridge_synthetic.csv,371,bridge
90E6C681-FB70-5576-9CA4-79809D6FA48B,trial_germplasm_bridge_synthetic.csv,372,bridge
C4891D94-64C4-588C-BBA9-29D69BC85DFA,trial_germplasm_bridge_synthetic.csv,373,bridge
CB420D9F-E1F5-57F5-A680-4EEE30964F20,trial_germplasm_bridge_synthetic.csv,374,bridge
1109B039-BA78-5928-85F2-343B666F76FA,trial_germplasm_bridge_synthetic.csv,375,bridge
EC84AF1B-1428-577D-ADEB-852115A6817C,trial_germplasm_bridge_synthetic.csv,376,bridge
258AD3FE-94FA-5D3A-9A5D-5840C1C807AA,trial_germplasm_bridge_synthetic.csv,377,bridge
7B4F2A92-940A-5230-B8DE-D90F44FE133A,trial_germplasm_bridge_synthetic.csv,378,bridge
82EDEB80-B9F5-5F31-A218-85A8BAD9FCCE,trial_germplasm_bridge_synthetic.csv,379,bridge
D5029BF5-FDB3-5A93-BEE4-3DA7FA2C1952,trial_germplasm_bridge_synthetic.csv,380,bridge
0F50DB55-29BB-5E21-A8B4-8A887DD46693,trial_germplasm_bridge_synthetic.csv,381,bridge
CF1B6358-47CC-5333-8780-E098CC6EED79,trial_germplasm_bridge_synthetic.csv,382,bridge
ADD35E5B-D9FA-58E4-982C-047D7FC10F4B,trial_germplasm_bridge_synthetic.csv,383,bridge
AC0D42DA-1EF0-5EC5-9F70-EBD7441B65B5,trial_germplasm_bridge_synthetic.csv,384,bridge
93E9392C-D53A-5B4D-969F-CBCD8789B1DF,trial_germplasm_bridge_synthetic.csv,385,bridge
7CF7F45C-BF61-583D-8F93-D8905CC6FA6E,trial_germplasm_bridge_synthetic.csv,386,bridge
BBE68B43-2E29-5E48-9121-DEF71ED42F31,trial_germplasm_bridge_synthetic.csv,387,bridge
63E667F5-FCCB-580F-94E0-CC11B1307340,trial_germplasm_bridge_synthetic.csv,388,bridge
26C2F27B-C6F8-5877-A264-FCF1E8B4F380,trial_germplasm_bridge_synthetic.csv,389,bridge
AE4BF21C-975A-5CA2-98FC-1982F51F63A2,trial_germplasm_bridge_synthetic.csv,390,bridge
52AD0220-EA11-5661-A6A5-72282FA3EF4A,trial_germplasm_bridge_synthetic.csv,391,bridge
85D20CF8-478B-5B7B-A521-DB372F464138,trial_germplasm_bridge_synthetic.csv,392,bridge
73347DBB-0C97-52F7-BEC6-16A8B7914F27,trial_germplasm_bridge_synthetic.csv,393,bridge
876DD392-CC92-5EE2-86A5-104C2052C53F,trial_germplasm_bridge_synthetic.csv,394,bridge
931957D5-2D82-5FD8-BE47-F9DC5FF67E16,trial_germplasm_bridge_synthetic.csv,395,bridge
2B195E86-CF74-53C4-8D15-3BBE40DEF599,trial_germplasm_bridge_synthetic.csv,396,bridge
5DAA6A5B-8007-5F00-ABFC-F84778CBEFD6,trial_germplasm_bridge_synthetic.csv,397,bridge
8B5711BB-0CE2-5327-8BEB-5E4C28431603,trial_germplasm_bridge_synthetic.csv,398,bridge
DE1B88B6-5D48-5008-AAEB-CE7121C6C029,trial_germplasm_bridge_synthetic.csv,399,bridge
560B9BB0-92B6-57AA-9E5B-C71B75F7FFBE,trial_germplasm_bridge_synthetic.csv,400,bridge
B9BDC95A-4C49-55DB-AF86-2FEBFD7EE979,trial_germplasm_bridge_synthetic.csv,401,bridge
0D05C69D-B277-5D6B-8E69-D16DD23F0271,trial_germplasm_bridge_synthetic.csv,402,bridge
B0678C5A-2FE6-57A0-98F5-1C7AEB202F0B,trial_germplasm_bridge_synthetic.csv,403,bridge
F252E913-8714-5119-855B-228E6C004E0A,trial_germplasm_bridge_synthetic.csv,404,bridge
1079AB2D-F594-5C01-971B-81F330A1A0F8,trial_germplasm_bridge_synthetic.csv,405,bridge
830DD163-8422-5615-9BBC-163CEA155024,trial_germplasm_bridge_synthetic.csv,406,bridge
0A53EF48-AA96-5139-8D73-A08A21E71548,trial_germplasm_bridge_synthetic.csv,407,bridge
858A2DC3-4001-585F-BF4B-9331B61ECFA7,trial_germplasm_bridge_synthetic.csv,408,bridge
C0CB9B6E-E86F-53EA-B128-B70593D32F77,trial_germplasm_bridge_synthetic.csv,409,bridge
E379FDCD-3C35-5A36-BD56-ED799420C7A1,trial_germplasm_bridge_synthetic.csv,410,bridge
09DFE96F-6944-51D8-A234-25C4DFD453F7,trial_germplasm_bridge_synthetic.csv,411,bridge
87F1D076-CB50-5B0A-8FDF-31E734474ABF,trial_germplasm_bridge_synthetic.csv,412,bridge
5E09DD2B-8F79-5BC4-9671-F21957594CEE,trial_germplasm_bridge_synthetic.csv,413,bridge
8D6BAAB7-0DF3-509C-AD09-ABED2F26B222,trial_germplasm_bridge_synthetic.csv,414,bridge
D50D3325-FDF3-52EA-BDFA-869EF32BE483,trial_germplasm_bridge_synthetic.csv,415,bridge
15034938-8AC6-5159-BA2F-ED95395BE8B8,trial_germplasm_bridge_synthetic.csv,416,bridge
D758BDF0-DA7F-5596-A373-7CED71F4F8A3,trial_germplasm_bridge_synthetic.csv,417,bridge
FDDA03D2-523D-5042-845E-5B4B9306D7D7,trial_germplasm_bridge_synthetic.csv,418,bridge
803AB24F-5D33-562E-8206-1F386FE2E91D,trial_germplasm_bridge_synthetic.csv,419,bridge
3534C08C-532D-5B35-A134-2651BEB4BB27,trial_germplasm_bridge_synthetic.csv,420,bridge
8F1AC090-3C5F-5256-8EF7-7C7FC0A17911,trial_germplasm_bridge_synthetic.csv,421,bridge
B0C22639-E656-58AE-A381-F2C440605932,trial_germplasm_bridge_synthetic.csv,422,bridge
BD0BCE2C-F75F-5ED6-9E93-7ECD0F7394B6,trial_germplasm_bridge_synthetic.csv,423,bridge
00986D40-4D39-51A4-9269-DA89CE3E3CF8,trial_germplasm_bridge_synthetic.csv,424,bridge
8BF33580-92D5-54DB-A525-0E2F1722E703,trial_germplasm_bridge_synthetic.csv,425,bridge
09A9513A-E9D2-5CC1-8C87-0D769E246BBC,trial_germplasm_bridge_synthetic.csv,426,bridge
857870EA-1EFA-5BC6-9658-19F3C344D944,trial_germplasm_bridge_synthetic.csv,427,bridge
E5EDCD2F-71FC-5B7D-BA80-BAF56AA25BEC,trial_germplasm_bridge_synthetic.csv,428,bridge
3B7CA52F-7375-58FA-B1DB-C5C5E9BF77F2,trial_germplasm_bridge_synthetic.csv,429,bridge
E3A4EA9E-A356-59D5-9184-E610858B669D,trial_germplasm_bridge_synthetic.csv,430,bridge
FA250DBF-C0B1-55CD-85A4-F5EFA5BE34DB,trial_germplasm_bridge_synthetic.csv,431,bridge
053598DB-C0C1-5E8D-B7B2-2A65A83284EC,trial_germplasm_bridge_synthetic.csv,432,bridge
16084C97-9E7D-5D2D-99A5-FA1EB7FA5CB7,trial_germplasm_bridge_synthetic.csv,433,bridge
BE946A6F-F43B-5A6B-B458-EF1B3888A1E5,trial_germplasm_bridge_synthetic.csv,434,bridge
03F5930F-7FF4-5EFC-B894-AB51F92A8FCE,trial_germplasm_bridge_synthetic.csv,435,bridge
F544A782-B8D6-5CDD-AE69-D23F415C94FF,trial_germplasm_bridge_synthetic.csv,436,bridge
AFD6BDC2-383A-5430-9FC0-D89118C5C9AA,trial_germplasm_bridge_synthetic.csv,437,bridge
B97F68C1-A863-528E-BDCA-8CDBB8F4C078,trial_germplasm_bridge_synthetic.csv,438,bridge
A959F7B5-C18C-5086-8681-3E79CCD620E1,trial_germplasm_bridge_synthetic.csv,439,bridge
2C234283-1C29-57A7-B0EB-19548F2F79D5,trial_germplasm_bridge_synthetic.csv,440,bridge
66AD1110-FD5F-5B9C-98AF-A1700CC34D76,trial_germplasm_bridge_synthetic.csv,441,bridge
263C020D-C131-5F68-B6A1-C480C9711683,trial_germplasm_bridge_synthetic.csv,442,bridge
52A43AE7-0790-5D31-B7A4-DD3AE00BF100,trial_germplasm_bridge_synthetic.csv,443,bridge
70A4EA3E-BF6D-59C9-B673-ADB786DC87DE,trial_germplasm_bridge_synthetic.csv,444,bridge
86E1E745-0A67-51CB-A24A-A104F972F933,trial_germplasm_bridge_synthetic.csv,445,bridge
64E70AF8-1947-5B18-967F-28B16E643075,trial_germplasm_bridge_synthetic.csv,446,bridge
9F5293AA-1FC9-531F-9A56-1064379478E4,trial_germplasm_bridge_synthetic.csv,447,bridge
CF0CD4F4-E9DE-51DB-BBB5-3D6D0A45E704,trial_germplasm_bridge_synthetic.csv,448,bridge
F1D61C63-C16F-564C-A103-E85108AB3FF4,trial_germplasm_bridge_synthetic.csv,449,bridge
623A47CD-71E1-5448-97C0-205D4EB19F5D,trial_germplasm_bridge_synthetic.csv,450,bridge
03F69CE5-C145-53BA-A97C-FD0FA2C5044A,trial_germplasm_bridge_synthetic.csv,451,bridge
D442173E-FB81-540E-AD71-81A3909EE27D,trial_germplasm_bridge_synthetic.csv,452,bridge
629A9D96-E135-598A-B467-F948A78664AF,trial_germplasm_bridge_synthetic.csv,453,bridge
BCEBD2BE-8244-5C23-861E-5B4EA8580D7D,trial_germplasm_bridge_synthetic.csv,454,bridge
2673465E-45DE-5B31-A523-0C74F9A4FDBB,trial_germplasm_bridge_synthetic.csv,455,bridge
979E2022-CEA0-56A2-8879-F141E8407952,trial_germplasm_bridge_synthetic.csv,456,bridge
985ABCCA-5086-5A70-96FD-BFD3EB93A5BD,trial_germplasm_bridge_synthetic.csv,457,bridge
2A0EB124-244A-5FF8-8C08-4D6B85550AB2,trial_germplasm_bridge_synthetic.csv,458,bridge
421371BD-6654-5D30-866C-33D5C63F39B4,trial_germplasm_bridge_synthetic.csv,459,bridge
0F51B8C1-6D6C-578D-8E44-308B60236B6B,trial_germplasm_bridge_synthetic.csv,460,bridge
54F31510-536D-50A4-A841-905361CB84DD,trial_germplasm_bridge_synthetic.csv,461,bridge
3B2F685E-344C-50E8-91B7-63CB27FFA621,trial_germplasm_bridge_synthetic.csv,462,bridge
F6E139E3-17FD-5665-9D87-750DC2029E38,trial_germplasm_bridge_synthetic.csv,463,bridge
ADE7301C-D025-570E-ADB6-92E30F8B9579,trial_germplasm_bridge_synthetic.csv,464,bridge
96591E8D-9549-5F04-AB70-5F9BFD59B6C5,trial_germplasm_bridge_synthetic.csv,465,bridge
427988EE-390C-5810-9131-D521870D0EA6,trial_germplasm_bridge_synthetic.csv,466,bridge
C1F74439-6CD5-5CD5-A347-7DE553B49029,trial_germplasm_bridge_synthetic.csv,467,bridge
EACFCE92-AA38-56AA-BF65-C5424E84EDFE,trial_germplasm_bridge_synthetic.csv,468,bridge
CC8FB00E-4BBC-592C-9003-12C8F0B10A85,trial_germplasm_bridge_synthetic.csv,469,bridge
7E74C6BB-0CF8-5FD3-A91F-33D63F09AFAE,trial_germplasm_bridge_synthetic.csv,470,bridge
664D9DCB-5ED4-5D82-95B3-C8F364D0E9FC,trial_germplasm_bridge_synthetic.csv,471,bridge
7FAD71B7-3878-5AB1-8E08-8F35A2F15E37,trial_germplasm_bridge_synthetic.csv,472,bridge
2DD6468D-81F7-506A-A0BC-8A4A04EA05AF,trial_germplasm_bridge_synthetic.csv,473,bridge
80D05C77-10F1-5191-9DD9-78965543D870,trial_germplasm_bridge_synthetic.csv,474,bridge
013D8FDA-B370-51DD-97B0-8DA864787C05,trial_germplasm_bridge_synthetic.csv,475,bridge
3F20C803-83A6-5D6B-AB4F-C0E624B6F23B,trial_germplasm_bridge_synthetic.csv,476,bridge
DD2938E6-31C2-53CC-91F6-66CE2CA4FD59,trial_germplasm_bridge_synthetic.csv,477,bridge
07190E39-416F-5BBE-9824-F727DDDD5CA1,trial_germplasm_bridge_synthetic.csv,478,bridge
61F442CA-95EA-5C58-8A17-2997304921BD,trial_germplasm_bridge_synthetic.csv,479,bridge
2197BB56-58BA-58F2-90C0-8D6BFCAC4412,trial_germplasm_bridge_synthetic.csv,480,bridge
6C1ADAA6-4E9F-5700-84E5-58E3D19FF654,trial_germplasm_bridge_synthetic.csv,481,bridge
803D0728-9295-50AE-91B0-6E8ACDF364B7,trial_germplasm_bridge_synthetic.csv,482,bridge
C6318646-93E1-5DBC-B358-991F4F244E31,trial_germplasm_bridge_synthetic.csv,483,bridge
5044A027-1A18-5F97-AE95-A57EBD07100C,trial_germplasm_bridge_synthetic.csv,484,bridge
967B3E8A-A30F-5BF0-B30B-7811531FCB9E,trial_germplasm_bridge_synthetic.csv,485,bridge
7EEE1BA5-BB37-59DC-BBBF-1D41E7FA60CE,trial_germplasm_bridge_synthetic.csv,486,bridge
AE9A42F0-0A76-5471-8122-1EC5114B0DCE,trial_germplasm_bridge_synthetic.csv,487,bridge
15162388-50E7-5A8A-8D91-049CABF4EDA3,trial_germplasm_bridge_synthetic.csv,488,bridge
6B1347FD-C4C9-5C8E-964C-03D809D125C7,trial_germplasm_bridge_synthetic.csv,489,bridge
46134EC2-D08B-5AB4-9BAC-75CD02BA8BCA,trial_germplasm_bridge_synthetic.csv,490,bridge
118E00E8-28BB-5C50-8DE9-C614B2ED8D96,trial_germplasm_bridge_synthetic.csv,491,bridge
D81B90EB-EE4C-5F8B-9CEC-958536B89963,trial_germplasm_bridge_synthetic.csv,492,bridge
4C3430E0-4640-523D-8F38-C3FA863927D1,trial_germplasm_bridge_synthetic.csv,493,bridge
8F43E090-4399-5BDC-AE83-D109D0140247,trial_germplasm_bridge_synthetic.csv,494,bridge
D81107DC-214A-50C1-8418-66FE2DC1F31D,trial_germplasm_bridge_synthetic.csv,495,bridge
DB3071A9-C775-5FC7-9DB3-02253754D874,trial_germplasm_bridge_synthetic.csv,496,bridge
2E3189D6-A592-568C-8CFC-332236C5DAF8,trial_germplasm_bridge_synthetic.csv,497,bridge
63296B6B-2A57-51EB-B684-04D6CDEF42C8,trial_germplasm_bridge_synthetic.csv,498,bridge
F0E66A56-A7D7-5406-845C-08DB44F28569,trial_germplasm_bridge_synthetic.csv,499,bridge
E3E843A8-5A85-5D43-846D-52480576DC57,trial_germplasm_bridge_synthetic.csv,500,bridge
82811BBF-9820-5B9C-AF4B-99CD5F8529EB,trial_germplasm_bridge_synthetic.csv,501,bridge
58373E99-7105-58FB-81F2-C6939FC32D36,trial_germplasm_bridge_synthetic.csv,502,bridge
B53E4B49-61E5-5917-B28B-8FCAB012EC43,trial_germplasm_bridge_synthetic.csv,503,bridge
2412C8BF-FFD5-5F0F-A20F-C51F09E1C835,trial_germplasm_bridge_synthetic.csv,504,bridge
6637B8F2-1CCE-5C01-9319-2A5285F43850,trial_germplasm_bridge_synthetic.csv,505,bridge
AB3272BA-DC17-5CC5-96AE-6E86223AABE1,trial_germplasm_bridge_synthetic.csv,506,bridge
93BC5883-188A-5324-98EC-40CD2CC0EC76,trial_germplasm_bridge_synthetic.csv,507,bridge
7381A336-E407-5C74-A031-A13C1EF7E60B,trial_germplasm_bridge_synthetic.csv,508,bridge
5C9BCBE8-ED54-59DB-AF36-8BE5CB5AB87D,trial_germplasm_bridge_synthetic.csv,509,bridge
A87CF420-456B-5A2B-923C-D64048D7D794,trial_germplasm_bridge_synthetic.csv,510,bridge
1139DAB6-2EA0-5B70-A4DE-DCFD3BB4C711,trial_germplasm_bridge_synthetic.csv,511,bridge
7467EF4D-C244-5627-8A7E-5CB3F6902BC2,trial_germplasm_bridge_synthetic.csv,512,bridge
D0CB3051-0012-5249-9002-EB2C71EA9980,trial_germplasm_bridge_synthetic.csv,513,bridge
D5F5FEE4-0E9C-5D82-9254-1C36672D985B,trial_germplasm_bridge_synthetic.csv,514,bridge
2890771A-2187-5C0F-BA90-C5B3D882AD64,trial_germplasm_bridge_synthetic.csv,515,bridge
F498D4F1-4032-5769-88C5-D6E415CF340E,trial_germplasm_bridge_synthetic.csv,516,bridge
1A84B0F9-1BAC-56AE-B74C-665862B511AD,trial_germplasm_bridge_synthetic.csv,517,bridge
EE91FC5D-3806-522C-BC5D-211C867E5500,trial_germplasm_bridge_synthetic.csv,518,bridge
E7BC5437-720D-5753-B338-8CF218F11AFC,trial_germplasm_bridge_synthetic.csv,519,bridge
6A264BC6-9F7E-5B7B-8405-ECE808E6FB08,trial_germplasm_bridge_synthetic.csv,520,bridge
D02417D3-8A11-5190-8FE9-470CD121B56C,trial_germplasm_bridge_synthetic.csv,521,bridge
268C73B4-4823-5E10-8151-1825901514A5,trial_germplasm_bridge_synthetic.csv,522,bridge
EE99239C-6949-5CFC-91DD-D53BDF208478,trial_germplasm_bridge_synthetic.csv,523,bridge
04B0500E-37F6-58BE-AAAB-E642E0D51777,trial_germplasm_bridge_synthetic.csv,524,bridge
EC0A2D8B-5B33-5EC4-81F0-094A9D133C86,trial_germplasm_bridge_synthetic.csv,525,bridge
31EBD594-761D-5CA1-BAB4-EDE2735DD6DA,trial_germplasm_bridge_synthetic.csv,526,bridge
E9022FB2-8DFD-5A83-81C3-3AC0C8D97FE0,trial_germplasm_bridge_synthetic.csv,527,bridge
7AC082FC-94A7-5F2D-8F89-E7D15ABD7F94,trial_germplasm_bridge_synthetic.csv,528,bridge
A9FB1801-868E-5BB0-B64F-7CA8A3A2691A,trial_germplasm_bridge_synthetic.csv,529,bridge
FDD74537-145D-50D6-A85C-BB086B88B505,trial_germplasm_bridge_synthetic.csv,530,bridge
7B847066-C874-5BB5-932F-350398EFDAE0,trial_germplasm_bridge_synthetic.csv,531,bridge
5734D5B6-3B33-5DC4-A602-503454C185F3,trial_germplasm_bridge_synthetic.csv,532,bridge
1F82392F-C5FF-57B1-B664-7DC1489420D5,trial_germplasm_bridge_synthetic.csv,533,bridge
1B00FB37-167D-5FD5-9E7D-2535DC3B2E5F,trial_germplasm_bridge_synthetic.csv,534,bridge
BF4FCD11-53FA-5224-A18C-03D1036E6055,trial_germplasm_bridge_synthetic.csv,535,bridge
B89FBED9-79E0-58F9-976A-314B4C4A4DB3,trial_germplasm_bridge_synthetic.csv,536,bridge
2F3D0F9E-5D24-59CD-AFE4-96920635FE5A,trial_germplasm_bridge_synthetic.csv,537,bridge
1FA2071B-E94C-5D9F-AF41-D214A47E2DC9,trial_germplasm_bridge_synthetic.csv,538,bridge
826CC17E-B5A8-5337-AE9C-57324320559D,trial_germplasm_bridge_synthetic.csv,539,bridge
F314FC3E-905E-53CC-8166-BEA52DCE8134,trial_germplasm_bridge_synthetic.csv,540,bridge
A33BF53A-30B6-51DC-B246-E8BC46DCAF11,trial_germplasm_bridge_synthetic.csv,541,bridge
7DB78BA4-E469-5F6A-9249-92E26A8C5F70,trial_germplasm_bridge_synthetic.csv,542,bridge
04A574DA-666C-50DD-A9BB-F819D188F4F4,trial_germplasm_bridge_synthetic.csv,543,bridge
667D7F7E-258B-54E0-91FC-582F8749E96F,trial_germplasm_bridge_synthetic.csv,544,bridge
D739F53D-A77D-521D-AA8C-9C386A52D77B,trial_germplasm_bridge_synthetic.csv,545,bridge
CEE7BB2F-608A-5DE3-AF89-DBEE95F43E2E,trial_germplasm_bridge_synthetic.csv,546,bridge
83CEE909-435A-5664-8367-B2C67143A464,trial_germplasm_bridge_synthetic.csv,547,bridge
A7978DA7-B3C1-5DAE-B144-F906DAEC9336,trial_germplasm_bridge_synthetic.csv,548,bridge
90CCC7BB-7AC0-5450-970E-4C0CBCD07B1D,trial_germplasm_bridge_synthetic.csv,549,bridge
6AF23A5B-0E41-51A8-92C3-169DD384F9D3,trial_germplasm_bridge_synthetic.csv,550,bridge
ADA9859F-3CDA-5C8B-8A0E-016E37832874,trial_germplasm_bridge_synthetic.csv,551,bridge
AB4E4B6B-DAE8-5A37-8E30-69DE3472A023,trial_germplasm_bridge_synthetic.csv,552,bridge
CB8AD28B-60FF-5F24-8044-E2C2F49172E6,trial_germplasm_bridge_synthetic.csv,553,bridge
CD338806-E7E3-5F42-89AB-1FFFDB75AF5B,trial_germplasm_bridge_synthetic.csv,554,bridge
C85D6A79-BA81-5001-9317-625FF260E3C8,trial_germplasm_bridge_synthetic.csv,555,bridge
200B9C6F-1CCD-5FF7-8FD0-DBCBAE5BC4A9,trial_germplasm_bridge_synthetic.csv,556,bridge
5609C51E-1138-5EF3-84CB-0A4A69E99532,trial_germplasm_bridge_synthetic.csv,557,bridge
06559C79-F128-5216-8BB3-CB074161BD29,trial_germplasm_bridge_synthetic.csv,558,bridge
5B6C6989-17D8-5623-A858-6D030111D755,trial_germplasm_bridge_synthetic.csv,559,bridge
39008476-C70A-5E53-A2FC-AEC17A9C800E,trial_germplasm_bridge_synthetic.csv,560,bridge
7A8E0104-797E-52EC-A311-BC032E97B9D7,trial_germplasm_bridge_synthetic.csv,561,bridge
14179B44-8663-552B-AE49-202D73F6A9B1,trial_germplasm_bridge_synthetic.csv,562,bridge
D1355D96-47E2-5FE0-AAB0-E6EF330A0032,trial_germplasm_bridge_synthetic.csv,563,bridge
0B8B22AF-E340-5B0B-A4CE-C50FAEA3547A,trial_germplasm_bridge_synthetic.csv,564,bridge
DF4D3289-FD61-525D-88BE-31E245485967,trial_germplasm_bridge_synthetic.csv,565,bridge
9FE05252-6E4D-5A0E-AF00-909589A5A11B,trial_germplasm_bridge_synthetic.csv,566,bridge
2A43E8B3-7B63-5D29-ACBF-3ECC7A15815F,trial_germplasm_bridge_synthetic.csv,567,bridge
B8E67A5A-4C3E-5A3A-B026-ED2D17A705FA,trial_germplasm_bridge_synthetic.csv,568,bridge
5DDF5B36-D563-58FA-9BC9-20AB6885CBA3,trial_germplasm_bridge_synthetic.csv,569,bridge
B6A5345B-09EF-557E-A678-D065B01BCE39,trial_germplasm_bridge_synthetic.csv,570,bridge
0C6DE620-5367-54CF-842A-6ED754400568,trial_germplasm_bridge_synthetic.csv,571,bridge
98F7FBE9-BBA7-51FD-BDAF-48811812FCA1,trial_germplasm_bridge_synthetic.csv,572,bridge
520F860D-0BEE-57C3-8D7E-A430CD5A8070,trial_germplasm_bridge_synthetic.csv,573,bridge
8D5FE66F-D513-5FE7-8DDA-1A2C42E35A79,trial_germplasm_bridge_synthetic.csv,574,bridge
CB044D28-601A-5EE6-964E-2690B4A50898,trial_germplasm_bridge_synthetic.csv,575,bridge
DFD444B3-EAA7-5B03-801C-73C3A71D0A91,trial_germplasm_bridge_synthetic.csv,576,bridge
644BBBBF-9AEF-570F-A1DD-C57AE3AF27B8,trial_germplasm_bridge_synthetic.csv,577,bridge
6696BB87-548D-5783-ADDC-86ED071E8D27,trial_germplasm_bridge_synthetic.csv,578,bridge
C7E654B5-9DF7-5860-8C95-C4377F7DCCD4,trial_germplasm_bridge_synthetic.csv,579,bridge
14494358-8207-5CF0-84C6-9620B796189A,trial_germplasm_bridge_synthetic.csv,580,bridge
60BB635F-342A-5D6C-A682-C650A611AEC0,trial_germplasm_bridge_synthetic.csv,581,bridge
11D8C85F-4422-5186-9519-3B8A44F40444,trial_germplasm_bridge_synthetic.csv,582,bridge
2D7C501E-5028-5CD3-9C65-4A79F5B25BFF,trial_germplasm_bridge_synthetic.csv,583,bridge
C733F48D-0470-5D7A-AAA9-8B114D800DC4,trial_germplasm_bridge_synthetic.csv,584,bridge
4A5FDD0D-FD0E-5D53-AA5F-B426F5B3D052,trial_germplasm_bridge_synthetic.csv,585,bridge
D6BCBDF6-04AE-532F-AD18-DE3CEFB15D2F,trial_germplasm_bridge_synthetic.csv,586,bridge
DA8C6B16-C575-5AFE-8F20-81A0D319078F,trial_germplasm_bridge_synthetic.csv,587,bridge
4E1FF8A5-EDF9-5ED5-A4B6-78C126C70DBF,trial_germplasm_bridge_synthetic.csv,588,bridge
CE812540-432E-5376-8882-DC11FB1AD920,trial_germplasm_bridge_synthetic.csv,589,bridge
DADB8FB6-89E6-5714-B44C-62D530432263,trial_germplasm_bridge_synthetic.csv,590,bridge
162B6EBE-0FE4-521E-A07E-0DD0CD5D5ACF,trial_germplasm_bridge_synthetic.csv,591,bridge
C386410F-BD1B-50EF-9216-953BFBE80385,trial_germplasm_bridge_synthetic.csv,592,bridge
7B2989D7-F7EB-5076-9845-4727C19751CD,trial_germplasm_bridge_synthetic.csv,593,bridge
05E7FA6E-863F-52BA-A087-4D7E842E1660,trial_germplasm_bridge_synthetic.csv,594,bridge
39C114E0-8DD3-544F-8919-A8E86804333A,trial_germplasm_bridge_synthetic.csv,595,bridge
E37600C5-534F-5D7D-9829-7F8820B36238,trial_germplasm_bridge_synthetic.csv,596,bridge
D9250D58-C811-5D9A-AA51-3C3612751879,trial_germplasm_bridge_synthetic.csv,597,bridge
358A5412-B0D9-5598-B1CB-545F1E6301AD,trial_germplasm_bridge_synthetic.csv,598,bridge
35C3FE87-EBE6-5635-9BFE-84F448A3E499,trial_germplasm_bridge_synthetic.csv,599,bridge
E669C336-7297-5BE2-AB36-4C71367B5A35,trial_germplasm_bridge_synthetic.csv,600,bridge
34DE5C1D-F0FD-5054-A1A4-2EC69DBE56ED,trial_germplasm_bridge_synthetic.csv,601,bridge
F023797B-95A1-587A-A8DB-4D4A80547F9B,trial_germplasm_bridge_synthetic.csv,602,bridge
4F0EA372-868F-5699-8C4A-4FEE496B7B8E,trial_germplasm_bridge_synthetic.csv,603,bridge
4A9EEBC1-C604-5DC8-8B97-01E196BBBB12,trial_germplasm_bridge_synthetic.csv,604,bridge
DAC4CB52-D443-5316-8219-F623E99A6EB1,trial_germplasm_bridge_synthetic.csv,605,bridge
04CF6EE6-89AE-5897-9CAA-92D64DC32941,trial_germplasm_bridge_synthetic.csv,606,bridge
86E32211-C456-5593-AAD0-49FF4DB41FEC,trial_germplasm_bridge_synthetic.csv,607,bridge
6A6C05D6-2C44-5A50-8DE1-5D135E28B17E,trial_germplasm_bridge_synthetic.csv,608,bridge
88B55452-D14E-5D6A-9963-427B70BB53DF,trial_germplasm_bridge_synthetic.csv,609,bridge
5D2A881A-070B-5C1A-82B8-2924F5BF98C5,trial_germplasm_bridge_synthetic.csv,610,bridge
E4DE28B1-30D2-52FD-93B1-2D464FEE80A1,trial_germplasm_bridge_synthetic.csv,611,bridge
B65DED9C-A1C5-55D5-946F-7EC2DB780870,trial_germplasm_bridge_synthetic.csv,612,bridge
C3E5E580-B7C7-5527-89F6-1F7B82F0D9E1,trial_germplasm_bridge_synthetic.csv,613,bridge
91788E4E-C8DD-5753-9988-E11F7F283153,trial_germplasm_bridge_synthetic.csv,614,bridge
DC294E61-BFBD-592C-8D12-A0AB7739F780,trial_germplasm_bridge_synthetic.csv,615,bridge
73A7E8DC-B7F7-5FB0-8457-43DFB6C77C36,trial_germplasm_bridge_synthetic.csv,616,bridge
07066CCA-E5CD-5869-9C52-9A8246B05085,trial_germplasm_bridge_synthetic.csv,617,bridge
E7611026-1A51-52C6-BE86-E55B251A558E,trial_germplasm_bridge_synthetic.csv,618,bridge
15ED0DC8-1E33-50F5-B28B-F1502E5AC72A,trial_germplasm_bridge_synthetic.csv,619,bridge
ABB2B1C4-DF44-50E1-AF78-3B05D6E59E8E,trial_germplasm_bridge_synthetic.csv,620,bridge
89D2BF26-FD3E-50B3-B815-960CE362E872,trial_germplasm_bridge_synthetic.csv,621,bridge
2E5674AC-0784-589C-802E-ABB5097EAEEA,trial_germplasm_bridge_synthetic.csv,622,bridge
CD9BE51D-1BC2-569C-8CB1-167B36D7D2C1,trial_germplasm_bridge_synthetic.csv,623,bridge
12212311-29ED-598E-8A06-84D35F856D76,trial_germplasm_bridge_synthetic.csv,624,bridge
A45D62A3-C001-57A2-8C88-A492B8E0DE94,trial_germplasm_bridge_synthetic.csv,625,bridge
1A651431-AD69-50ED-B61B-C5634DB7B026,trial_germplasm_bridge_synthetic.csv,626,bridge
C0C1FEB1-706F-5020-9F63-8A15ECA2FF08,trial_germplasm_bridge_synthetic.csv,627,bridge
94C7BFF6-C131-5E60-A11B-A6F1FA2E34E3,trial_germplasm_bridge_synthetic.csv,628,bridge
07A0520B-31CE-572B-A904-3CB713080E68,trial_germplasm_bridge_synthetic.csv,629,bridge
B5A3C028-76D4-5AAD-93FC-7B56DCE46B21,trial_germplasm_bridge_synthetic.csv,630,bridge
A74C38DB-AA43-571C-BBCF-1A43C062E5B2,trial_germplasm_bridge_synthetic.csv,631,bridge
CEF58397-ED62-5264-A993-E40D1D59A4CA,trial_germplasm_bridge_synthetic.csv,632,bridge
13912329-9633-5BAE-B8CF-81A0CAEF3A15,trial_germplasm_bridge_synthetic.csv,633,bridge
51A3F0C8-94DB-5D25-9F9E-A3C1571D60A4,trial_germplasm_bridge_synthetic.csv,634,bridge
C20186A4-C5F5-5C6B-B0CB-4FC5BA01F2F2,trial_germplasm_bridge_synthetic.csv,635,bridge
88A5EE42-FADE-55E6-A0EE-5302B1A58F65,trial_germplasm_bridge_synthetic.csv,636,bridge
849B1DD0-AFE3-5D8D-B1A4-CCDCE381D53A,trial_germplasm_bridge_synthetic.csv,637,bridge
517BCC72-6EF4-5D8F-847F-DEB205805E8E,trial_germplasm_bridge_synthetic.csv,638,bridge
0D55FD8E-2FD0-5D63-B73B-C4174BC5A2E5,trial_germplasm_bridge_synthetic.csv,639,bridge
ABB57836-45A7-5B9D-B673-F51C9144A0D1,trial_germplasm_bridge_synthetic.csv,640,bridge
D0CFF26F-1A71-5A7B-A4CF-1AB1B552488D,trial_germplasm_bridge_synthetic.csv,641,bridge
9893C28C-CD14-5D29-919D-53C34A494E6F,trial_germplasm_bridge_synthetic.csv,642,bridge
84DC666A-C0E9-5B54-B59E-67F1BBBD8809,trial_germplasm_bridge_synthetic.csv,643,bridge
0770EDC9-D469-5C6A-9D13-5B1D69558CA1,trial_germplasm_bridge_synthetic.csv,644,bridge
993C629E-FFD2-5FC5-B0E9-25FEA56D45DA,trial_germplasm_bridge_synthetic.csv,645,bridge
69B20E2F-2024-589C-B0A5-3191C21624BA,trial_germplasm_bridge_synthetic.csv,646,bridge
D8B62BDA-2E12-5E84-8C1E-5E60C1CA5639,trial_germplasm_bridge_synthetic.csv,647,bridge
A5C31C76-CA5A-5C65-BD61-10E37F3A91FA,trial_germplasm_bridge_synthetic.csv,648,bridge
49B90624-6CA7-5A1C-9B5C-FE3DA1A346A7,trial_germplasm_bridge_synthetic.csv,649,bridge
64831CDA-56C9-5864-B4EF-7CC691B5184C,trial_germplasm_bridge_synthetic.csv,650,bridge
3D4F4B4B-E7F2-5594-B97C-4A4BFA4B9F2E,trial_germplasm_bridge_synthetic.csv,651,bridge
77B90A72-320B-5A7B-978E-D8E05444079D,trial_germplasm_bridge_synthetic.csv,652,bridge
B5E29D00-27B5-5162-8FDF-C475D8DBBA28,trial_germplasm_bridge_synthetic.csv,653,bridge
5CB73A30-7549-580A-BA55-1ACFBFA3AFD1,trial_germplasm_bridge_synthetic.csv,654,bridge
E7C736FE-C0E1-58A6-B011-4EC28039C25D,trial_germplasm_bridge_synthetic.csv,655,bridge
6AF2D340-C4C9-5365-84CE-435A28BD0168,trial_germplasm_bridge_synthetic.csv,656,bridge
718984A1-8D56-542D-AE38-4648D62715BD,trial_germplasm_bridge_synthetic.csv,657,bridge
2627B8C3-D3E9-549E-BDD5-91DCB96D892E,trial_germplasm_bridge_synthetic.csv,658,bridge
ADF110C2-BE42-5859-83A8-ED1E104567AB,trial_germplasm_bridge_synthetic.csv,659,bridge
5F9AC486-BD8F-5E7E-B0E0-86904805AD6C,trial_germplasm_bridge_synthetic.csv,660,bridge
EDE152A9-F1CE-5C6A-AEAE-CB2AFD2935CD,trial_germplasm_bridge_synthetic.csv,661,bridge
54435DA2-9A49-5E5C-8C29-AFBC94CA76D5,trial_germplasm_bridge_synthetic.csv,662,bridge
AD5BFE55-643A-5736-AD27-C37FA203772E,trial_germplasm_bridge_synthetic.csv,663,bridge
5D75B2AC-FCE5-5DE9-B50C-423A2FAC0D5D,trial_germplasm_bridge_synthetic.csv,664,bridge
34227DE9-8978-59C3-AC73-BC0A3A4FF7D9,trial_germplasm_bridge_synthetic.csv,665,bridge
7AB09EC4-432A-501D-8020-11C9A6B76324,trial_germplasm_bridge_synthetic.csv,666,bridge
7315E439-31C1-579F-BCFB-F78610428C37,trial_germplasm_bridge_synthetic.csv,667,bridge
8EC35E6F-00A8-5834-A8C3-1E06747B02EE,trial_germplasm_bridge_synthetic.csv,668,bridge
FD61EA46-A6FE-58CF-84A6-7800A1E604DE,trial_germplasm_bridge_synthetic.csv,669,bridge
F4DD6F76-99BB-5AF0-830B-3E6D88B2AB60,trial_germplasm_bridge_synthetic.csv,670,bridge
5443107D-D67A-5D9D-A501-E082033920C9,trial_germplasm_bridge_synthetic.csv,671,bridge
227C40F2-6B47-5BF2-8F78-067B2DF2FE52,trial_germplasm_bridge_synthetic.csv,672,bridge
C0FA4A5F-8239-5162-804F-9DF059F9894C,trial_germplasm_bridge_synthetic.csv,673,bridge
156E4AB8-3EBD-591E-894D-47C336AC006A,trial_germplasm_bridge_synthetic.csv,674,bridge
F5508301-6DCB-5420-80D6-2EAA83443153,trial_germplasm_bridge_synthetic.csv,675,bridge
D294D251-4C50-513D-ACC5-74078D166130,trial_germplasm_bridge_synthetic.csv,676,bridge
FA44F244-8B1F-51DA-8BAE-6E033F1DF6F4,trial_germplasm_bridge_synthetic.csv,677,bridge
17349109-18EB-52CD-8EC1-415463AA7F8A,trial_germplasm_bridge_synthetic.csv,678,bridge
E680DC43-4D67-53A2-A8CC-3A0847E86F62,trial_germplasm_bridge_synthetic.csv,679,bridge
3E81578B-32BD-56DB-99F2-EF14493764A0,trial_germplasm_bridge_synthetic.csv,680,bridge
0760187D-76C8-56A9-8E95-EC9F6B9EE53B,trial_germplasm_bridge_synthetic.csv,681,bridge
4E992DE9-1706-5CDA-AB42-1E4F190E88BD,trial_germplasm_bridge_synthetic.csv,682,bridge
2E95F224-CED6-527F-97D1-B18C74E2EE10,trial_germplasm_bridge_synthetic.csv,683,bridge
3B748D69-5326-570C-89BA-F41F28B6CE3B,trial_germplasm_bridge_synthetic.csv,684,bridge
00CFA048-A731-5269-8485-8F292A4543EA,trial_germplasm_bridge_synthetic.csv,685,bridge
1E537E11-F4EF-5973-9A8E-AD263FB2FAA6,trial_germplasm_bridge_synthetic.csv,686,bridge
75DF541A-1814-5C88-9721-2DDBA02EBB25,trial_germplasm_bridge_synthetic.csv,687,bridge
59F2DD31-40FC-5E5A-A6F6-E176D16769A3,trial_germplasm_bridge_synthetic.csv,688,bridge
30FB1094-00BE-5416-B816-8E36CC7877B9,trial_germplasm_bridge_synthetic.csv,689,bridge
12C78CF7-1041-581A-861F-E06857064E05,trial_germplasm_bridge_synthetic.csv,690,bridge
1B7C45A6-4868-5D53-A5C6-D8BB9F10E289,trial_germplasm_bridge_synthetic.csv,691,bridge
44BFD51B-4B18-5E49-B5A4-598AD4A680EB,trial_germplasm_bridge_synthetic.csv,692,bridge
E4EE94C7-BAA2-5BAE-9B96-0D47CF47411B,trial_germplasm_bridge_synthetic.csv,693,bridge
425B7523-AC14-5320-9A4F-167DE954D1C1,trial_germplasm_bridge_synthetic.csv,694,bridge
FBC45AAC-7E0F-5DCB-86AB-04533DAF5EF3,trial_germplasm_bridge_synthetic.csv,695,bridge
A486000F-2752-5907-B5D9-5969D894E2C2,trial_germplasm_bridge_synthetic.csv,696,bridge
7374F51C-727F-5EE1-84D7-FA6BA7EE3CD0,trial_germplasm_bridge_synthetic.csv,697,bridge
1A473310-80A4-57AD-B73C-F1E11CD2F892,trial_germplasm_bridge_synthetic.csv,698,bridge
7824B544-E968-5B9F-A1CC-285A9A3D4DA2,trial_germplasm_bridge_synthetic.csv,699,bridge
78573A10-CCEE-5D62-99BB-17B23C27FCA4,trial_germplasm_bridge_synthetic.csv,700,bridge
FB640D42-EBE5-5371-A4DA-2846FDA31D01,trial_germplasm_bridge_synthetic.csv,701,bridge
F97A9776-F096-5CCB-B5B5-02E036B049C8,trial_germplasm_bridge_synthetic.csv,702,bridge
FEBE5F4A-0614-5546-9B89-416A38EB249E,trial_germplasm_bridge_synthetic.csv,703,bridge
5F7E2E32-502D-5CEC-B385-63AC7EEBC5BE,trial_germplasm_bridge_synthetic.csv,704,bridge
8DBB053A-F79E-5A3D-B6D9-0B7F1E888239,trial_germplasm_bridge_synthetic.csv,705,bridge
CBEE6819-992E-57BB-8473-6CB5E903067A,trial_germplasm_bridge_synthetic.csv,706,bridge
2D22D2D5-B9C0-5FBB-9D59-C69DAFE3438F,trial_germplasm_bridge_synthetic.csv,707,bridge
E72AAF53-2E70-5734-919E-6AC87CFC5990,trial_germplasm_bridge_synthetic.csv,708,bridge
C5788C40-3028-5689-B84F-48F49EE53155,trial_germplasm_bridge_synthetic.csv,709,bridge
D8AD85CC-E2AD-5D56-A9D5-CC77B8981DF9,trial_germplasm_bridge_synthetic.csv,710,bridge
59B7903E-C736-5217-AE17-0B5478934CC8,trial_germplasm_bridge_synthetic.csv,711,bridge
32ED0A66-682F-5E9F-9836-759167D395F2,trial_germplasm_bridge_synthetic.csv,712,bridge
9982C3BF-1ACD-57D8-AA2E-502A3E8E1501,trial_germplasm_bridge_synthetic.csv,713,bridge
DC4381C5-2A9B-5A16-B5DC-1DDD350044AE,trial_germplasm_bridge_synthetic.csv,714,bridge
87257B3D-63F0-5070-9F60-1D3F84CD095B,trial_germplasm_bridge_synthetic.csv,715,bridge
FBBDCBDC-DAE9-5A6A-B0DB-9F61DAE8EF70,trial_germplasm_bridge_synthetic.csv,716,bridge
E4BB375C-11E6-5F50-BF95-0E456C64EDEC,trial_germplasm_bridge_synthetic.csv,717,bridge
96B95E64-6794-5E34-9053-4E23295D225E,trial_germplasm_bridge_synthetic.csv,718,bridge
819012AB-0C85-53B8-895B-E848C767A83D,trial_germplasm_bridge_synthetic.csv,719,bridge
C777C430-10F6-58EF-BDF7-2670B73FC377,trial_germplasm_bridge_synthetic.csv,720,bridge
8E0E5201-7C65-5C67-8387-DBAE7844C829,trial_germplasm_bridge_synthetic.csv,721,bridge
03EDFDFB-F9F4-5A82-8D04-2FFD3F8DD880,trial_germplasm_bridge_synthetic.csv,722,bridge
25FFFCD7-0CD4-591C-9DA1-8217383CBB28,trial_germplasm_bridge_synthetic.csv,723,bridge
FAD3A81D-272C-5C9C-AC98-A58004DD989D,trial_germplasm_bridge_synthetic.csv,724,bridge
7532CCE8-8433-5243-ADC1-0349BDC35C03,trial_germplasm_bridge_synthetic.csv,725,bridge
DEE8FE12-AE3E-5C4C-9C2E-63BF9F8E1DA3,trial_germplasm_bridge_synthetic.csv,726,bridge
AA7C782B-4634-57A6-92BC-220E9EBC90EF,trial_germplasm_bridge_synthetic.csv,727,bridge
1BBB2DEB-2EE6-5D20-B71E-92875B506CDC,trial_germplasm_bridge_synthetic.csv,728,bridge
4C267847-1766-5ECA-8B43-3C7A4BF42D6C,trial_germplasm_bridge_synthetic.csv,729,bridge
E01E25AD-A367-5155-8A01-EE26C9AE58A3,trial_germplasm_bridge_synthetic.csv,730,bridge
1593169C-11C4-562C-A43B-BFA6D1A2F0B3,trial_germplasm_bridge_synthetic.csv,731,bridge
441DCDBA-C9FD-5AA4-A8E9-890DB69E57E8,trial_germplasm_bridge_synthetic.csv,732,bridge
D59452A7-4029-5C64-8074-DB4D016A6060,trial_germplasm_bridge_synthetic.csv,733,bridge
83FD92F1-F379-5D50-AE1C-FA1B2CE453D1,trial_germplasm_bridge_synthetic.csv,734,bridge
8C2F3342-F424-5584-ACAF-58B98B360F1C,trial_germplasm_bridge_synthetic.csv,735,bridge
D20DF056-FAF7-5CD4-AD76-87B2250567AB,trial_germplasm_bridge_synthetic.csv,736,bridge
E931AEC0-EB46-5485-8DF2-1C7CC36BD2B2,trial_germplasm_bridge_synthetic.csv,737,bridge
E59A3C3C-DCD4-5473-89B1-5AAA3AFA79C5,trial_germplasm_bridge_synthetic.csv,738,bridge
7FE241B4-62F7-5E06-AECD-B38F67020C23,trial_germplasm_bridge_synthetic.csv,739,bridge
201C189D-83F9-5126-9DC1-3A2ED58A6B85,trial_germplasm_bridge_synthetic.csv,740,bridge
700E3E7D-DDD1-505F-96F8-D1C74D2AA9F7,trial_germplasm_bridge_synthetic.csv,741,bridge
A2A5C8BE-4760-5E32-8546-E1DDFB8CA534,trial_germplasm_bridge_synthetic.csv,742,bridge
72D7EDE7-94A0-5E2C-B673-F49FFD41F048,trial_germplasm_bridge_synthetic.csv,743,bridge
6AD4131D-4933-50BB-992B-9A4376539C0D,trial_germplasm_bridge_synthetic.csv,744,bridge
6D65CD37-5863-5E01-8E19-98F84A8346E9,trial_germplasm_bridge_synthetic.csv,745,bridge
A2560242-70EA-549C-98E6-21F8AF29BB41,trial_germplasm_bridge_synthetic.csv,746,bridge
538633D4-6466-533D-A9CD-933F7775AECE,trial_germplasm_bridge_synthetic.csv,747,bridge
52384E19-603A-51AF-ABE5-0ADE16544966,trial_germplasm_bridge_synthetic.csv,748,bridge
F968A37E-0813-554F-8A5D-E091D15939C6,trial_germplasm_bridge_synthetic.csv,749,bridge
45C0B445-1CBA-5822-8645-3BB831C16951,trial_germplasm_bridge_synthetic.csv,750,bridge
8376D343-FEEF-581B-AD27-9F7DCC7EC710,trial_germplasm_bridge_synthetic.csv,751,bridge
F9DBBB29-D25F-5CDD-AEEB-12F7E159BE13,trial_germplasm_bridge_synthetic.csv,752,bridge
06B6EE3E-228E-54AB-BAC0-11820BF47660,trial_germplasm_bridge_synthetic.csv,753,bridge
386C396C-4FE7-5E50-9B49-7CE4C599E073,trial_germplasm_bridge_synthetic.csv,754,bridge
40A2FF2E-3ACA-5872-972A-2DA15755CEDC,trial_germplasm_bridge_synthetic.csv,755,bridge
1437DE48-556D-5F97-AF6E-A86AC774D789,trial_germplasm_bridge_synthetic.csv,756,bridge
765E07BC-7F12-56C8-AD72-38FAE0C15936,trial_germplasm_bridge_synthetic.csv,757,bridge
118A50CE-6108-5EB7-9078-3D113041ED62,trial_germplasm_bridge_synthetic.csv,758,bridge
9343830C-971B-5EAC-8AFF-00B3A1E45A1B,trial_germplasm_bridge_synthetic.csv,759,bridge
4B49E355-D310-5681-9E30-6E99E177C19A,trial_germplasm_bridge_synthetic.csv,760,bridge
6F9488E5-6E09-521F-982A-CC7989935C41,trial_germplasm_bridge_synthetic.csv,761,bridge
5DA6D5AB-0ED2-5E0F-B5F6-0B409524E289,trial_germplasm_bridge_synthetic.csv,762,bridge
EDFA5C86-AE9E-57C4-9457-3B278D574CCC,trial_germplasm_bridge_synthetic.csv,763,bridge
BA4D5354-743F-5A43-8511-2EA4DF3C207A,trial_germplasm_bridge_synthetic.csv,764,bridge
C22BD35A-C70A-5A09-A31D-7C6D3FC730A1,trial_germplasm_bridge_synthetic.csv,765,bridge
A16E1D0F-F99B-5286-921B-DA67CA7BAD95,trial_germplasm_bridge_synthetic.csv,766,bridge
A3E39D62-03EF-5068-8A2B-60F59C6C4C34,trial_germplasm_bridge_synthetic.csv,767,bridge
41CAE49D-12FE-55A1-9AD8-39A7B5CCDB97,trial_germplasm_bridge_synthetic.csv,768,bridge
2130180F-E6AA-5DE1-A619-EAFCA43BEBCA,trial_germplasm_bridge_synthetic.csv,769,bridge
15B8AA04-BEBB-5A91-A421-8BC2DFD3720E,trial_germplasm_bridge_synthetic.csv,770,bridge
1EFC257B-2041-5E14-9CFA-6679BA5636A9,trial_germplasm_bridge_synthetic.csv,771,bridge
DBFDB682-F79A-5783-977E-410965D2AC49,trial_germplasm_bridge_synthetic.csv,772,bridge
5F8CA6C3-AC6F-5CE9-9439-25DBDF58E1D5,trial_germplasm_bridge_synthetic.csv,773,bridge
1E4B807D-29D0-547D-A8BD-B58BE195B50E,trial_germplasm_bridge_synthetic.csv,774,bridge
BA90C5FD-1C2F-51BA-9458-7A27DED8632B,trial_germplasm_bridge_synthetic.csv,775,bridge
ABDA5542-1BB7-5D08-A52A-030393490696,trial_germplasm_bridge_synthetic.csv,776,bridge
0B1EA2E0-BFDB-5FE7-A2BE-869BFF27821B,trial_germplasm_bridge_synthetic.csv,777,bridge
0AA31B6C-1C1D-5E9E-BECE-A1E765AF3652,trial_germplasm_bridge_synthetic.csv,778,bridge
B4D8AB2B-7393-5BD8-B32A-9A5C2AD0075D,trial_germplasm_bridge_synthetic.csv,779,bridge
0A09396C-A0B7-5E5C-91BE-839586A41EB6,trial_germplasm_bridge_synthetic.csv,780,bridge
5EBDAEE3-9D17-529A-A850-39B548EFEDE3,trial_germplasm_bridge_synthetic.csv,781,bridge
330FCE96-9FDA-5F02-B078-ADC3EAFA1B5A,trial_germplasm_bridge_synthetic.csv,782,bridge
611A4E08-0E48-5BA6-92EC-C0BAFF8D2895,trial_germplasm_bridge_synthetic.csv,783,bridge
93850D51-C31B-58B0-9579-EC40BD8511C9,trial_germplasm_bridge_synthetic.csv,784,bridge
133CE5C3-F305-5E43-BD4B-077A1BD5975B,trial_germplasm_bridge_synthetic.csv,785,bridge
D582EF9A-46D2-5C00-A23B-4029BA01B5E6,trial_germplasm_bridge_synthetic.csv,786,bridge
025B2117-8EBF-54D2-8CEA-14F0F917F059,trial_germplasm_bridge_synthetic.csv,787,bridge
47688C86-27F6-55F9-AF29-9F6D14E13611,trial_germplasm_bridge_synthetic.csv,788,bridge
3B88FE5A-2E54-54CF-A2BC-412926BE0A0A,trial_germplasm_bridge_synthetic.csv,789,bridge
52E2CB0A-C49A-581C-B87B-A01632D5C6E6,trial_germplasm_bridge_synthetic.csv,790,bridge
2FC55566-C0D8-578C-9087-AC3CA09245F7,trial_germplasm_bridge_synthetic.csv,791,bridge
249D4FBE-BDF5-55E6-AD92-E37CE946C495,trial_germplasm_bridge_synthetic.csv,792,bridge
6653ED7B-DBE8-5FCB-9D79-B2BFAD6A3C44,trial_germplasm_bridge_synthetic.csv,793,bridge
18D7B70F-780B-51F7-9E94-B2C195FF3617,trial_germplasm_bridge_synthetic.csv,794,bridge
2315DC1F-4B0F-5345-BCE1-26A450673A88,trial_germplasm_bridge_synthetic.csv,795,bridge
13F4A9DD-132F-54B9-B8B0-EBD32B97B007,trial_germplasm_bridge_synthetic.csv,796,bridge
800D3122-9DD0-5BCC-9EC4-6D92DFFC679C,trial_germplasm_bridge_synthetic.csv,797,bridge
E1A5E9C9-473C-5C41-BA7D-831B872E2AA5,trial_germplasm_bridge_synthetic.csv,798,bridge
B00201EA-9F62-5D7B-A08B-C18BD7D78388,trial_germplasm_bridge_synthetic.csv,799,bridge
E5CB8F5A-84DA-5EE5-BDA5-251007254343,trial_germplasm_bridge_synthetic.csv,800,bridge
83178171-B533-570D-9970-283A6655D780,trial_germplasm_bridge_synthetic.csv,801,bridge
BCAD65FA-487A-5AFD-A9B0-3F23EB6BABA7,trial_germplasm_bridge_synthetic.csv,802,bridge
7EC31DA4-AD8E-5A70-9966-F58EC0D69143,trial_germplasm_bridge_synthetic.csv,803,bridge
8EC873E7-897F-5E6F-8E0D-E28FA85ED663,trial_germplasm_bridge_synthetic.csv,804,bridge
74FFAEFA-1109-5396-BA71-83699187B774,trial_germplasm_bridge_synthetic.csv,805,bridge
C783E210-32FB-517E-BCE8-7D0B82D9FF37,trial_germplasm_bridge_synthetic.csv,806,bridge
39567EF0-768C-5B80-A113-54E14A0C96F0,trial_germplasm_bridge_synthetic.csv,807,bridge
9835C4C8-20FD-5E5E-8E0F-BAF7B87EA0CD,trial_germplasm_bridge_synthetic.csv,808,bridge
F9CFE415-8555-5FF5-988E-A1E472C7727F,trial_germplasm_bridge_synthetic.csv,809,bridge
5A804136-F357-5D49-B136-9316173D31C5,trial_germplasm_bridge_synthetic.csv,810,bridge
0EAAF665-E98E-570C-9112-ADB37C4BE763,trial_germplasm_bridge_synthetic.csv,811,bridge
A1844309-67AA-5BD6-9940-82B9615F8D8B,trial_germplasm_bridge_synthetic.csv,812,bridge
06CEAC1B-DE13-59CB-9477-553681FACAAC,trial_germplasm_bridge_synthetic.csv,813,bridge
1BC9A2FF-2144-59B1-B67F-A428223E7565,trial_germplasm_bridge_synthetic.csv,814,bridge
0E3B67F1-0CCA-5959-97A0-1CA5573ECBB6,trial_germplasm_bridge_synthetic.csv,815,bridge
7AFDCAD6-D2D6-5F4D-A8D7-6D32AD0F97BD,trial_germplasm_bridge_synthetic.csv,816,bridge
5F3B387D-B3D9-58B0-BAF5-FB78E45D3E3D,trial_germplasm_bridge_synthetic.csv,817,bridge
ED0C0A8C-53C8-5884-BA00-BCD1C7DBFFDB,trial_germplasm_bridge_synthetic.csv,818,bridge
3F44B5DA-EA22-5C8D-AAAD-396AC872D38C,trial_germplasm_bridge_synthetic.csv,819,bridge
1DC80ECF-1583-5C89-91E2-4C9FDBDC6EDD,trial_germplasm_bridge_synthetic.csv,820,bridge
F4439994-A0A7-5920-AB1B-C4A820ABFC60,trial_germplasm_bridge_synthetic.csv,821,bridge
A5E78649-77FB-536E-B7E8-49487DE00150,trial_germplasm_bridge_synthetic.csv,822,bridge
035670D6-9BD1-5A3D-BAF7-409207735DFA,trial_germplasm_bridge_synthetic.csv,823,bridge
A86B835D-6D5D-57B4-8D1F-00793FC1AD91,trial_germplasm_bridge_synthetic.csv,824,bridge
9E8FD05E-4DA3-52D2-BC75-62417CBA3EF1,trial_germplasm_bridge_synthetic.csv,825,bridge
5EB98004-D704-574E-ABCE-A0AB1D0D0B8E,trial_germplasm_bridge_synthetic.csv,826,bridge
33235605-ECC2-5986-AE10-5C16019FDA3D,trial_germplasm_bridge_synthetic.csv,827,bridge
4893E3C4-0BAB-5F43-9D2F-5FB657A55AC2,trial_germplasm_bridge_synthetic.csv,828,bridge
34705C6F-D6C2-5B3C-B65B-BDEC535758FE,trial_germplasm_bridge_synthetic.csv,829,bridge
F6518F37-C016-53BA-93B0-009C8E1B2D7E,trial_germplasm_bridge_synthetic.csv,830,bridge
44C85CF7-3702-50B6-8D79-898CE6F52DD7,trial_germplasm_bridge_synthetic.csv,831,bridge
4D12871E-4AE4-5C18-A8A2-0407A0DCA523,trial_germplasm_bridge_synthetic.csv,832,bridge
EF9353DD-A6FB-5DAB-9197-8D9EB95ADE9F,trial_germplasm_bridge_synthetic.csv,833,bridge
112D968C-6123-517B-8360-89C6615735ED,trial_germplasm_bridge_synthetic.csv,834,bridge
9219B8BD-5F96-514B-B407-CC64D40CD691,trial_germplasm_bridge_synthetic.csv,835,bridge
C60A3479-2012-53EF-A54B-1FDB884F345E,trial_germplasm_bridge_synthetic.csv,836,bridge
81691249-E179-56C0-869B-48D71645EB7F,trial_germplasm_bridge_synthetic.csv,837,bridge
5A8B9E2F-ED16-5DEA-BEEC-FCD78CC7BA0D,trial_germplasm_bridge_synthetic.csv,838,bridge
7CBA78B0-1373-5482-87E6-C63B7860EE1C,trial_germplasm_bridge_synthetic.csv,839,bridge
7B5B9F17-A4D6-55CE-96FB-936860673DE4,trial_germplasm_bridge_synthetic.csv,840,bridge
96C84F53-01D7-5353-AF90-E3F6D7C8FF9B,trial_germplasm_bridge_synthetic.csv,841,bridge
C3C74113-0CDF-522F-9671-25D26992E361,trial_germplasm_bridge_synthetic.csv,842,bridge
B27969DD-B705-55FE-BFA9-D63E6B56FEC4,trial_germplasm_bridge_synthetic.csv,843,bridge
5F00C6E1-3CC6-57CC-BB35-38CB36F28746,trial_germplasm_bridge_synthetic.csv,844,bridge
24BE4E83-A962-559D-9BD9-B744FAFC861E,trial_germplasm_bridge_synthetic.csv,845,bridge
DA0562BC-11AC-596C-B736-A75AADCDD115,trial_germplasm_bridge_synthetic.csv,846,bridge
F4E282D7-364D-554A-A78B-31FEB7CF28DF,trial_germplasm_bridge_synthetic.csv,847,bridge
F125C4C3-C3B7-509F-A124-B3540CD04E86,trial_germplasm_bridge_synthetic.csv,848,bridge
902E6A08-0075-52CB-B73D-ED80DD6F9FBB,trial_germplasm_bridge_synthetic.csv,849,bridge
733B5C33-06E9-5ECD-AB75-39C2887E9937,trial_germplasm_bridge_synthetic.csv,850,bridge
37162D66-92E8-5D1E-8480-2639182DDB47,trial_germplasm_bridge_synthetic.csv,851,bridge
A5B2A5EC-C146-5A41-A242-126B479D5EF8,trial_germplasm_bridge_synthetic.csv,852,bridge
BC012CFE-CFCE-5C1A-81EA-7A2FF49574C9,trial_germplasm_bridge_synthetic.csv,853,bridge
B2E02078-EF75-5C18-AA30-BB92544EECA9,trial_germplasm_bridge_synthetic.csv,854,bridge
963A5CFB-74F2-5218-966A-DDCAF12DD76F,trial_germplasm_bridge_synthetic.csv,855,bridge
07A06287-8224-5A5E-B34D-ECFDBC1688CB,trial_germplasm_bridge_synthetic.csv,856,bridge
3497CB41-BD0C-51BF-B0FF-E4AD6E01E512,trial_germplasm_bridge_synthetic.csv,857,bridge
C192AA8E-8BA0-58F0-AD51-6D21AADDF459,trial_germplasm_bridge_synthetic.csv,858,bridge
F2785664-39C2-5383-BA00-BC4A73FBB57B,trial_germplasm_bridge_synthetic.csv,859,bridge
F385BD7C-A55C-560E-9A2B-F1F41C9A5E20,trial_germplasm_bridge_synthetic.csv,860,bridge
D99E5F29-DE2A-5338-8B16-F6B90874A8C7,trial_germplasm_bridge_synthetic.csv,861,bridge
15C526D9-7B86-5C46-891E-3C0C3F739D66,trial_germplasm_bridge_synthetic.csv,862,bridge
C8F2B365-630B-54EF-B849-000B4C598C23,trial_germplasm_bridge_synthetic.csv,863,bridge
2AB88A26-A4D4-5283-9319-AF3AD0B1390E,trial_germplasm_bridge_synthetic.csv,864,bridge
F2E4BCD4-6EB2-5EF8-BF79-0D45D55A31CB,trial_germplasm_bridge_synthetic.csv,865,bridge
D6D72785-6F4C-5D65-9634-948EF3C6ECE5,trial_germplasm_bridge_synthetic.csv,866,bridge
5C4A341D-451E-56C8-B5E2-98192F674891,trial_germplasm_bridge_synthetic.csv,867,bridge
0D56CACA-8576-560E-B19C-48E39A0E77B4,trial_germplasm_bridge_synthetic.csv,868,bridge
36523E56-2C16-532F-B000-C87C7C20FADB,trial_germplasm_bridge_synthetic.csv,869,bridge
48C0BDB5-0E18-58FD-B439-10B714B29C7F,trial_germplasm_bridge_synthetic.csv,870,bridge
34C117F0-7221-578C-BDFE-82F59C378804,trial_germplasm_bridge_synthetic.csv,871,bridge
34A5CEEB-2BF3-591C-A58B-2B7789FB6D6C,trial_germplasm_bridge_synthetic.csv,872,bridge
6632F5F1-E241-5080-9DA5-872E8EA4CCDE,trial_germplasm_bridge_synthetic.csv,873,bridge
89DB980F-EF0B-5A97-8A64-DF03942F532C,trial_germplasm_bridge_synthetic.csv,874,bridge
7DA4E35D-7EB8-56C3-B5F6-CE202738C75C,trial_germplasm_bridge_synthetic.csv,875,bridge
7E97C42A-E648-5AC7-A5FC-ED233E65548E,trial_germplasm_bridge_synthetic.csv,876,bridge
F9343A9E-E374-5503-859A-2C5248BEEBC3,trial_germplasm_bridge_synthetic.csv,877,bridge
89D9EDA4-BA13-5702-AD96-5248F4FE3499,trial_germplasm_bridge_synthetic.csv,878,bridge
08806570-0F54-5B4D-AFCD-1FE11AF051E0,trial_germplasm_bridge_synthetic.csv,879,bridge
0D263887-D4A1-5270-8274-BFAE1270581F,trial_germplasm_bridge_synthetic.csv,880,bridge
BF32401B-F467-528A-8A5B-F99393375E7D,trial_germplasm_bridge_synthetic.csv,881,bridge
41004850-27D2-5C85-94BE-113EC2738468,trial_germplasm_bridge_synthetic.csv,882,bridge
1834D31C-B833-55B0-AE66-2C0104668093,trial_germplasm_bridge_synthetic.csv,883,bridge
F582D6EB-169F-53BB-90D2-24548FC22C09,trial_germplasm_bridge_synthetic.csv,884,bridge
9A73E74E-2775-5F8D-AA29-DE99C82CA5CA,trial_germplasm_bridge_synthetic.csv,885,bridge
6AFA3796-A926-5ABA-ACCF-7406A964A581,trial_germplasm_bridge_synthetic.csv,886,bridge
8386D299-CC31-5D7B-B5BD-95B417782EB8,trial_germplasm_bridge_synthetic.csv,887,bridge
FB1D0EB3-9901-5FB4-862E-0306D6C978DB,trial_germplasm_bridge_synthetic.csv,888,bridge
A97D38E4-731B-5601-A9D1-9C3246FE113A,trial_germplasm_bridge_synthetic.csv,889,bridge
6648854F-3F33-5934-8FAA-6344226DC9CB,trial_germplasm_bridge_synthetic.csv,890,bridge
9F7BF683-2D19-5AFC-9A6B-734C3F9CF279,trial_germplasm_bridge_synthetic.csv,891,bridge
84A9288B-C819-57A0-8BAB-1CBD88A1F743,trial_germplasm_bridge_synthetic.csv,892,bridge
BE440D2C-C92C-599D-B595-892F82EA84DD,trial_germplasm_bridge_synthetic.csv,893,bridge
27F2E145-FC3C-5773-B9E4-FC27A91C905A,trial_germplasm_bridge_synthetic.csv,894,bridge
ED606415-7F1B-56D4-A8B4-0DA02CE5C6D1,trial_germplasm_bridge_synthetic.csv,895,bridge
CBEAB654-2DB0-557C-AA09-6B7E3C20405E,trial_germplasm_bridge_synthetic.csv,896,bridge
E6D69F0B-1650-5295-891A-AE619B10F3E6,trial_germplasm_bridge_synthetic.csv,897,bridge
44C96E37-813B-5F13-96A5-969ABC13D86F,trial_germplasm_bridge_synthetic.csv,898,bridge
C498B1DB-8922-50FD-A2E6-6232C215D7F8,trial_germplasm_bridge_synthetic.csv,899,bridge
28E9A720-2338-5829-832D-A4E1AEF819B4,trial_germplasm_bridge_synthetic.csv,900,bridge
7CBC71A9-B7E5-50F8-8502-804B830B9E57,trial_germplasm_bridge_synthetic.csv,901,bridge
7F794328-D777-5201-A2C3-2F8AC732E90A,trial_germplasm_bridge_synthetic.csv,902,bridge
28ABF3CA-FAE4-5B7A-84BE-092272AFDD94,trial_germplasm_bridge_synthetic.csv,903,bridge
82C50203-6740-5F02-84A2-746C0C955EB4,trial_germplasm_bridge_synthetic.csv,904,bridge
38E91939-5DB4-5C61-8DD5-B2C53470F242,trial_germplasm_bridge_synthetic.csv,905,bridge
1A326CAB-1C04-5F5C-93EF-D31983251D88,trial_germplasm_bridge_synthetic.csv,906,bridge
C2E230EA-659D-50E8-9619-D39DB89A0DF3,trial_germplasm_bridge_synthetic.csv,907,bridge
82D5755E-D3B9-52DB-87C6-6AB4AA36FBB4,trial_germplasm_bridge_synthetic.csv,908,bridge
4B497E72-6475-5B63-944E-24A9D1FAA7B5,trial_germplasm_bridge_synthetic.csv,909,bridge
33C46C63-850F-5C4B-9612-E72513165FAD,trial_germplasm_bridge_synthetic.csv,910,bridge
4A47B2ED-511E-53CE-BA3E-6F1BAD392363,trial_germplasm_bridge_synthetic.csv,911,bridge
7D5773A2-3F1F-5C0F-8204-D1FB962E0648,trial_germplasm_bridge_synthetic.csv,912,bridge
99EECA8F-8B31-5C33-887E-49E101B11D08,trial_germplasm_bridge_synthetic.csv,913,bridge
C02C8555-AFDC-5E44-9D45-95CB835036AD,trial_germplasm_bridge_synthetic.csv,914,bridge
43503ADF-8B11-55B2-8C74-308BBF26F99A,trial_germplasm_bridge_synthetic.csv,915,bridge
BA1A2F5B-5B9E-5536-BB7B-90E91BF47013,trial_germplasm_bridge_synthetic.csv,916,bridge
1664B560-8C84-5A1E-86AA-B967DE9CB359,trial_germplasm_bridge_synthetic.csv,917,bridge
E20D9724-4D10-53DD-9F1B-5DBE72B294D6,trial_germplasm_bridge_synthetic.csv,918,bridge
9A60F3E3-8A95-576E-B324-D057A11A7936,trial_germplasm_bridge_synthetic.csv,919,bridge
5D448118-7D9D-57EF-BEA4-C6B04DB9B6AA,trial_germplasm_bridge_synthetic.csv,920,bridge
DC628AB8-478D-51D9-8492-E19F81C6CA4A,trial_germplasm_bridge_synthetic.csv,921,bridge
49FF7947-4CD7-58A1-A199-5C595E8843C9,trial_germplasm_bridge_synthetic.csv,922,bridge
DD6153A6-CAC9-5E3C-8CDE-132B6FDCEE8A,trial_germplasm_bridge_synthetic.csv,923,bridge
1A1CD41F-93EF-55F2-96B0-37E6A461EE42,trial_germplasm_bridge_synthetic.csv,924,bridge
A062EE7E-C17B-5E00-AA08-CE64A545B1C2,trial_germplasm_bridge_synthetic.csv,925,bridge
A38C2FE4-B232-5D73-A5C0-990A217D9639,trial_germplasm_bridge_synthetic.csv,926,bridge
82B10471-D1D5-5E4C-843D-21836F47E9EE,trial_germplasm_bridge_synthetic.csv,927,bridge
6F8BF608-66DE-584C-A17B-075B2A010253,trial_germplasm_bridge_synthetic.csv,928,bridge
7B0D2DF2-D7F3-5F79-BA1A-D6FFA17F8841,trial_germplasm_bridge_synthetic.csv,929,bridge
DD8321AE-27D4-57B4-8B83-098092A2CA74,trial_germplasm_bridge_synthetic.csv,930,bridge
B2E86B36-9A23-51BA-9649-3066C72C5420,trial_germplasm_bridge_synthetic.csv,931,bridge
033FF03D-A60A-54C0-9108-67BF0C69D10A,trial_germplasm_bridge_synthetic.csv,932,bridge
C56A6E80-9647-5BA3-8A7F-C193B4A2257D,trial_germplasm_bridge_synthetic.csv,933,bridge
9612A79B-09A3-5ABE-B1DD-045A98330041,trial_germplasm_bridge_synthetic.csv,934,bridge
500E2B34-930D-5EC8-A19E-78F52252E0BC,trial_germplasm_bridge_synthetic.csv,935,bridge
BA566662-2ADB-5ED7-BF86-15564E73594F,trial_germplasm_bridge_synthetic.csv,936,bridge
061A6E46-C145-5E77-95E2-F4A54BED0C55,trial_germplasm_bridge_synthetic.csv,937,bridge
60EAB0CF-7145-59E1-AFB3-895D9ED92FFA,trial_germplasm_bridge_synthetic.csv,938,bridge
4B791BF8-4F5E-5AC9-946A-3ED307FA60B1,trial_germplasm_bridge_synthetic.csv,939,bridge
1273C08A-AEDC-5F34-A038-BC8C838B95E5,trial_germplasm_bridge_synthetic.csv,940,bridge
9E7C0BEE-D8F9-5841-8309-9E700B4E3F06,trial_germplasm_bridge_synthetic.csv,941,bridge
3289E67A-BD59-5CB0-AAC5-17878724DCEF,trial_germplasm_bridge_synthetic.csv,942,bridge
7E232E09-890C-5D82-A882-075056E7222A,trial_germplasm_bridge_synthetic.csv,943,bridge
13B85D3D-AF2B-5903-97FD-5AC8B0E66A73,trial_germplasm_bridge_synthetic.csv,944,bridge
716E0A8F-E304-5973-A3EA-942DEA411192,trial_germplasm_bridge_synthetic.csv,945,bridge
6741C0E0-AD57-5C21-A960-B4294D5910FE,trial_germplasm_bridge_synthetic.csv,946,bridge
3B22FA37-CC19-52FF-BD66-3488C3AD22E4,trial_germplasm_bridge_synthetic.csv,947,bridge
3583C443-8D39-5F08-BC4B-DCB6B3FBB015,trial_germplasm_bridge_synthetic.csv,948,bridge
E0BF193E-A08C-5F47-8CD2-62F400EE651E,trial_germplasm_bridge_synthetic.csv,949,bridge
6DCAF130-F89E-5B06-8648-B0D47421CA5A,trial_germplasm_bridge_synthetic.csv,950,bridge
14B0D01E-3064-5C00-A50F-8130EE366FE7,trial_germplasm_bridge_synthetic.csv,951,bridge
D483A1B6-24F0-5001-8A0A-59CA66DF35AE,trial_germplasm_bridge_synthetic.csv,952,bridge
C65D2AEB-77E4-5D66-80C4-FC3C86D21C28,trial_germplasm_bridge_synthetic.csv,953,bridge
79ECE869-DBBD-56DB-AF23-2B5639001708,trial_germplasm_bridge_synthetic.csv,954,bridge
65BE4CE0-B458-533B-9DD3-0F1B60AB50FB,trial_germplasm_bridge_synthetic.csv,955,bridge
560F4012-7FA7-5D7F-8314-9AA0E41B6449,trial_germplasm_bridge_synthetic.csv,956,bridge
6CEE9437-1B46-53A6-A683-22690D21EEAA,trial_germplasm_bridge_synthetic.csv,957,bridge
B5484A28-844F-5FF6-9E0E-4ECBD13B3374,trial_germplasm_bridge_synthetic.csv,958,bridge
F568865F-5A48-5469-AFB9-EA87AC234403,trial_germplasm_bridge_synthetic.csv,959,bridge
44702475-CFCE-5377-85FA-C55D2D3A9056,trial_germplasm_bridge_synthetic.csv,960,bridge
3BD31FCC-AB39-536C-B124-4A1AE51B9068,trial_germplasm_bridge_synthetic.csv,961,bridge
1A817A7B-64EC-5108-99A3-D9FF0F627CB2,trial_germplasm_bridge_synthetic.csv,962,bridge
0BD30B3A-D81F-529C-8860-095D0473FE7F,trial_germplasm_bridge_synthetic.csv,963,bridge
A7F05681-C991-5849-BABC-EAE62F2D73AD,trial_germplasm_bridge_synthetic.csv,964,bridge
F1E8F0E7-9435-5756-9927-6F1A3ECFC74C,trial_germplasm_bridge_synthetic.csv,965,bridge
5563E0FD-219C-5A4C-AF54-F4196A0DF1DF,trial_germplasm_bridge_synthetic.csv,966,bridge
83C63192-9974-5711-8823-9D97BF7CC52E,trial_germplasm_bridge_synthetic.csv,967,bridge
5935FF34-FD35-5D38-B974-DA6CC92D6AC4,trial_germplasm_bridge_synthetic.csv,968,bridge
D73B339B-B77B-5363-86FA-D6B7662BB5F2,trial_germplasm_bridge_synthetic.csv,969,bridge
8183113F-53AE-5913-A632-F5F9AA5D3067,trial_germplasm_bridge_synthetic.csv,970,bridge
B7245F3F-BF9D-5E8B-BE69-39747B3F80BC,trial_germplasm_bridge_synthetic.csv,971,bridge
825EA3C5-E82D-589C-860D-208E908F338F,trial_germplasm_bridge_synthetic.csv,972,bridge
DF672B07-0F02-5A0F-B8F6-44F36EFEDE7F,trial_germplasm_bridge_synthetic.csv,973,bridge
F0CE15AD-4B53-5A22-927E-5D1EB852FE44,trial_germplasm_bridge_synthetic.csv,974,bridge
40D07428-2FF4-55C2-B4CA-53BA5FAA6830,trial_germplasm_bridge_synthetic.csv,975,bridge
E30FC4E0-4D2C-5E9E-AA7F-900FDB34F116,trial_germplasm_bridge_synthetic.csv,976,bridge
33AD78F6-64CF-5295-91D6-91829EC4BB74,trial_germplasm_bridge_synthetic.csv,977,bridge
52DB359E-83F6-5590-B3FE-DA803D5E333F,trial_germplasm_bridge_synthetic.csv,978,bridge
B5E9435E-E728-5974-BEB9-D8554E5D5EF1,trial_germplasm_bridge_synthetic.csv,979,bridge
7EECD334-FD53-56E3-8E09-72F8699FD810,trial_germplasm_bridge_synthetic.csv,980,bridge
34352D4E-C093-517C-965B-170F2A522929,trial_germplasm_bridge_synthetic.csv,981,bridge
BF532908-B94A-5528-B8A8-D379CE7293D5,trial_germplasm_bridge_synthetic.csv,982,bridge
5F287075-7D58-526D-8242-4A92439BF517,trial_germplasm_bridge_synthetic.csv,983,bridge
C1E03647-E004-5533-B4B9-A22770726D40,trial_germplasm_bridge_synthetic.csv,984,bridge
CEC496E0-631B-5050-B512-4790830668C5,trial_germplasm_bridge_synthetic.csv,985,bridge
BE0C5963-19B6-581B-A5E4-1EEEFC83E1C5,trial_germplasm_bridge_synthetic.csv,986,bridge
C26AABE7-CE47-5628-A34C-FC9F82C48310,trial_germplasm_bridge_synthetic.csv,987,bridge
B107E0D8-FFA4-5C15-BC9C-C540C6336292,trial_germplasm_bridge_synthetic.csv,988,bridge
63947111-B917-521C-81F1-6005E1353F48,trial_germplasm_bridge_synthetic.csv,989,bridge
91363F09-573B-5380-9597-7A4F8F9B91C0,trial_germplasm_bridge_synthetic.csv,990,bridge
6B5F572A-99C7-553D-99E5-C5C9C271772B,trial_germplasm_bridge_synthetic.csv,991,bridge
CA09722E-D161-52DF-AE10-78F1E6888CC9,trial_germplasm_bridge_synthetic.csv,992,bridge
CDC20C7C-2AE6-5935-985F-C5C5E21148F3,trial_germplasm_bridge_synthetic.csv,993,bridge
23279C34-7B0B-52FC-89CE-A0C5643A4335,trial_germplasm_bridge_synthetic.csv,994,bridge
29FCEC97-A7EE-501D-A63F-5B75846D53B2,trial_germplasm_bridge_synthetic.csv,995,bridge
5DE055EF-9C64-5319-AA4F-4205901069DA,trial_germplasm_bridge_synthetic.csv,996,bridge
A3AD2AB2-2B64-5959-AA5B-F3DFAFBEBD7A,trial_germplasm_bridge_synthetic.csv,997,bridge
D282A0D7-E7C1-5540-A68E-589266B86969,trial_germplasm_bridge_synthetic.csv,998,bridge
E82C16F4-87E7-5C50-96AB-D7B14B486E76,trial_germplasm_bridge_synthetic.csv,999,bridge
AE000556-6279-5A4B-9FB0-18CF15402B2D,trial_germplasm_bridge_synthetic.csv,1000,bridge
5643E300-67DD-525D-B974-1E90313DA4C0,trial_germplasm_bridge_synthetic.csv,1001,bridge
E167517B-71F7-500C-B388-A8BCC3277D60,trial_germplasm_bridge_synthetic.csv,1002,bridge
E713FE60-B53A-5FF1-810D-8E743005F347,trial_germplasm_bridge_synthetic.csv,1003,bridge
01C4ECAF-1827-5FC9-9EA9-9C0C0ADC0398,trial_germplasm_bridge_synthetic.csv,1004,bridge
E6E3D267-FFCA-5DAF-8875-F1C30053374B,trial_germplasm_bridge_synthetic.csv,1005,bridge
DA3B1313-70DA-5AA5-9472-876AC712F74D,trial_germplasm_bridge_synthetic.csv,1006,bridge
7430A282-0330-59CA-A508-D5B4842C7CE0,trial_germplasm_bridge_synthetic.csv,1007,bridge
E79C45BF-2971-5FA9-9AE5-A4C02321AD3A,trial_germplasm_bridge_synthetic.csv,1008,bridge
BED15215-DB3F-500D-851C-9A6774E1E706,trial_germplasm_bridge_synthetic.csv,1009,bridge
21F53DB9-AE8A-56B2-829E-3A0D9119216A,trial_germplasm_bridge_synthetic.csv,1010,bridge
C40BFB6C-878B-5B02-A3FD-533C10786F6F,trial_germplasm_bridge_synthetic.csv,1011,bridge
FBAF60BA-E86F-5CE8-B709-0CE040BB8FE7,trial_germplasm_bridge_synthetic.csv,1012,bridge
F9830032-7370-526A-9D7E-0642181750C0,trial_germplasm_bridge_synthetic.csv,1013,bridge
9E31C0B8-8554-5520-AD59-8C3825CA31DF,trial_germplasm_bridge_synthetic.csv,1014,bridge
44AD5ABA-0DB6-55D1-B72D-EFD96A40D727,trial_germplasm_bridge_synthetic.csv,1015,bridge
5F05E6ED-23CA-5B3D-AA8F-42595A3F6CBD,trial_germplasm_bridge_synthetic.csv,1016,bridge
CFF93F82-DB40-5605-9FFF-726206233078,trial_germplasm_bridge_synthetic.csv,1017,bridge
56D299EE-8D1A-5971-9462-FE0444F8BBBB,trial_germplasm_bridge_synthetic.csv,1018,bridge
7654F764-2C03-5037-8567-77F85706C61F,trial_germplasm_bridge_synthetic.csv,1019,bridge
41E47E2E-1AF8-5A69-8B6B-8B336DBAE076,trial_germplasm_bridge_synthetic.csv,1020,bridge
CFD5432A-C72A-5BAA-8408-F1D2E1581B05,trial_germplasm_bridge_synthetic.csv,1021,bridge
17D9E6E4-173C-5ED5-9541-E634E61546EB,trial_germplasm_bridge_synthetic.csv,1022,bridge
6C7DCFD8-B759-5589-B881-780A241256B5,trial_germplasm_bridge_synthetic.csv,1023,bridge
277535DA-B1E6-5E95-B96F-BB672E4535DD,trial_germplasm_bridge_synthetic.csv,1024,bridge
B6C04828-6809-5FD9-B4F3-28E77A248536,trial_germplasm_bridge_synthetic.csv,1025,bridge
9F496956-DDA1-5251-83D7-450389966CD3,trial_germplasm_bridge_synthetic.csv,1026,bridge
CD98F20E-413F-5ECF-BFB5-570955E60D86,trial_germplasm_bridge_synthetic.csv,1027,bridge
6FC87D4B-25AC-5C35-90E0-16D785883FE8,trial_germplasm_bridge_synthetic.csv,1028,bridge
5BFE5A0C-1D16-5C18-8CFE-571345F8E22E,trial_germplasm_bridge_synthetic.csv,1029,bridge
8855DDA8-2CA0-5A56-B981-2F6644DE7BE6,trial_germplasm_bridge_synthetic.csv,1030,bridge
038283D9-1D65-5D9B-B95F-B89089EAE6F0,trial_germplasm_bridge_synthetic.csv,1031,bridge
37DDAA68-691E-5B45-B830-C5EA26865567,trial_germplasm_bridge_synthetic.csv,1032,bridge
C6A944B9-51A6-51D4-AFB4-E991F9667FCA,trial_germplasm_bridge_synthetic.csv,1033,bridge
6FBFD2DA-5654-5B86-AAE5-BA8251C76D5C,trial_germplasm_bridge_synthetic.csv,1034,bridge
FAE0741C-6B83-592D-9BBB-488BD8F9D5AA,trial_germplasm_bridge_synthetic.csv,1035,bridge
834FC684-BE85-5D70-B9E9-9A91DB415EA0,trial_germplasm_bridge_synthetic.csv,1036,bridge
F949D8C8-AB92-57A5-A353-D5C91CDB97DE,trial_germplasm_bridge_synthetic.csv,1037,bridge
9E4BCEDB-7EF3-5E30-BBCE-5BD2D02E0890,trial_germplasm_bridge_synthetic.csv,1038,bridge
93C8984F-4BAC-5A65-A9A1-21FC9C64A973,trial_germplasm_bridge_synthetic.csv,1039,bridge
CB556037-5753-54DF-9576-E0846FF23621,trial_germplasm_bridge_synthetic.csv,1040,bridge
A3BCA866-B44C-507D-B60D-935B836FAE53,trial_germplasm_bridge_synthetic.csv,1041,bridge
60A193B2-9C5C-573F-9E36-6EF3C4A79254,trial_germplasm_bridge_synthetic.csv,1042,bridge
1607715F-5CA5-5BC2-BA26-A75E661D1907,trial_germplasm_bridge_synthetic.csv,1043,bridge
AC8E0AB6-AA52-5D18-8C5A-DA1CE50D04CD,trial_germplasm_bridge_synthetic.csv,1044,bridge
342312C8-A2DA-5E64-BAD3-23C93E874D96,trial_germplasm_bridge_synthetic.csv,1045,bridge
441719E8-BED8-5142-94C0-253A5E744709,trial_germplasm_bridge_synthetic.csv,1046,bridge
F5602D75-99FB-5394-A487-8406ED4FD1E4,trial_germplasm_bridge_synthetic.csv,1047,bridge
507C050E-4498-5F7B-AD21-FD7B73D0A4C9,trial_germplasm_bridge_synthetic.csv,1048,bridge
0996D912-FD88-5C41-A8E2-51005DEB63B5,trial_germplasm_bridge_synthetic.csv,1049,bridge
2BF71BC7-3A74-5763-BD63-E5691E605B7E,trial_germplasm_bridge_synthetic.csv,1050,bridge
07781AA8-3F47-5CAD-A93E-6024FB1B745A,trial_germplasm_bridge_synthetic.csv,1051,bridge
DEBCAC69-FA40-5A87-8A43-2ED928C30BC2,trial_germplasm_bridge_synthetic.csv,1052,bridge
9A4599F4-B01E-54A8-A031-29658EC7AE7C,trial_germplasm_bridge_synthetic.csv,1053,bridge
86FB99D2-16EF-5C53-89B6-1E529A37ECC7,trial_germplasm_bridge_synthetic.csv,1054,bridge
F18AFAAA-20C1-5EFB-9FC0-435A51E6F408,trial_germplasm_bridge_synthetic.csv,1055,bridge
4FB9DCF4-4635-5C10-8BD7-F63BC2B20BFF,trial_germplasm_bridge_synthetic.csv,1056,bridge
3B8426A2-14C2-5605-973C-6E4E477E1C42,trial_germplasm_bridge_synthetic.csv,1057,bridge
F83EC6D9-4AEF-5D81-93AF-C57BFF461C82,trial_germplasm_bridge_synthetic.csv,1058,bridge
7D80EA35-DAFD-50A1-8542-C31193823DAE,trial_germplasm_bridge_synthetic.csv,1059,bridge
9BC64E15-F953-50AD-AB6B-EA002F781ADB,trial_germplasm_bridge_synthetic.csv,1060,bridge
BE7D9FEB-D911-5A6C-A40B-14D940D73972,trial_germplasm_bridge_synthetic.csv,1061,bridge
50C50F12-7323-57CF-A890-6C2D5EB94BF1,trial_germplasm_bridge_synthetic.csv,1062,bridge
71890666-9E67-502E-8B87-1692CB98CF0A,trial_germplasm_bridge_synthetic.csv,1063,bridge
0563A78A-7DF1-5384-BFF5-9C91D05DDA2E,trial_germplasm_bridge_synthetic.csv,1064,bridge
16EF839B-075C-5E26-9E48-6C81D327BF46,trial_germplasm_bridge_synthetic.csv,1065,bridge
8F844CC8-AA34-5F7F-BC01-BB27AAE458E9,trial_germplasm_bridge_synthetic.csv,1066,bridge
71B6ABF0-99F5-5D98-B973-9F69FFC525A7,trial_germplasm_bridge_synthetic.csv,1067,bridge
8723865B-1D8F-5B31-89FB-F876AF2003ED,trial_germplasm_bridge_synthetic.csv,1068,bridge
DC03A947-A0A1-556A-B0EA-2411C4B88230,trial_germplasm_bridge_synthetic.csv,1069,bridge
84868702-638E-5432-A3E0-4B0B138F2207,trial_germplasm_bridge_synthetic.csv,1070,bridge
EA1F587C-2665-5C3C-80C1-7935E94B5491,trial_germplasm_bridge_synthetic.csv,1071,bridge
CF933FFF-BD13-5D6F-B5C8-806914140625,trial_germplasm_bridge_synthetic.csv,1072,bridge
448D3579-EF06-5985-B2FD-836493B167AF,trial_germplasm_bridge_synthetic.csv,1073,bridge
B162E18A-17B1-5CE9-992B-9881D0F12EAF,trial_germplasm_bridge_synthetic.csv,1074,bridge
AD236B63-8136-54D2-AF07-00A1B4922388,trial_germplasm_bridge_synthetic.csv,1075,bridge
9563A969-E9E8-5877-8F04-F56E4203BA74,trial_germplasm_bridge_synthetic.csv,1076,bridge
BE623F6A-1765-58CB-A435-691178D0F381,trial_germplasm_bridge_synthetic.csv,1077,bridge
2B648E33-881A-5DC7-A1C3-B4DF067B0F21,trial_germplasm_bridge_synthetic.csv,1078,bridge
4E3B883E-0419-59F2-B1DC-26B922E7C291,trial_germplasm_bridge_synthetic.csv,1079,bridge
CE0B8CBC-9B47-5467-B07C-76FFD911C568,trial_germplasm_bridge_synthetic.csv,1080,bridge
6A2952A4-F7CC-57BE-8CED-FF59277B9710,trial_germplasm_bridge_synthetic.csv,1081,bridge
016890F2-5560-5B7F-9EF1-5C484CF6BD95,trial_germplasm_bridge_synthetic.csv,1082,bridge
447E0729-7812-5DA2-807D-A1B9EB28ADA1,trial_germplasm_bridge_synthetic.csv,1083,bridge
B5F97113-04CD-52A0-B50B-EF2F07C54841,trial_germplasm_bridge_synthetic.csv,1084,bridge
C26991ED-2F92-53A8-8B04-92E231AA899C,trial_germplasm_bridge_synthetic.csv,1085,bridge
EE22B02F-3BBB-597D-A8B9-E2B3CAB43945,trial_germplasm_bridge_synthetic.csv,1086,bridge
E6C6D86A-BAD9-5A05-9E7C-9F70A8B6A256,trial_germplasm_bridge_synthetic.csv,1087,bridge
CE0A6AE9-1561-55A1-8262-7ACFF02D5EC8,trial_germplasm_bridge_synthetic.csv,1088,bridge
4F20DED2-2229-5B3A-B20B-B549D2EEA745,trial_germplasm_bridge_synthetic.csv,1089,bridge
AB8A524F-9528-5AF0-91C1-429CDA823443,trial_germplasm_bridge_synthetic.csv,1090,bridge
20B03CE7-D04B-50F4-AE41-8FF0B77D8B56,trial_germplasm_bridge_synthetic.csv,1091,bridge
A9EC8984-378A-5077-8269-5F0D11038493,trial_germplasm_bridge_synthetic.csv,1092,bridge
7B6E7809-9C13-5925-AA88-59C7E0E801C5,trial_germplasm_bridge_synthetic.csv,1093,bridge
9D692AFF-DE66-5038-89AA-16429C6C3CDB,trial_germplasm_bridge_synthetic.csv,1094,bridge
B9204BBF-DE4D-58C3-90DC-AC4836F02B10,trial_germplasm_bridge_synthetic.csv,1095,bridge
0A7C3580-66C2-5BCB-8A78-D6DE7FBC5F3B,trial_germplasm_bridge_synthetic.csv,1096,bridge
4F515D95-D551-5C24-918A-DD0114C4BE95,trial_germplasm_bridge_synthetic.csv,1097,bridge
A6F94EA6-6FC5-5750-8186-C401A6EA4BA0,trial_germplasm_bridge_synthetic.csv,1098,bridge
8C31F9BD-6928-52FA-A7CF-ECB847FFFAFB,trial_germplasm_bridge_synthetic.csv,1099,bridge
7C5EE9C1-A386-585A-A4DB-9CC8E8CFC13D,trial_germplasm_bridge_synthetic.csv,1100,bridge
AFFAFCCF-8020-52B7-85C3-048A458B0520,trial_germplasm_bridge_synthetic.csv,1101,bridge
DB50E941-DDDD-544D-81AE-997F18782239,trial_germplasm_bridge_synthetic.csv,1102,bridge
19B00411-D360-53AE-95BC-FDA82FCF77D8,trial_germplasm_bridge_synthetic.csv,1103,bridge
E1F37278-12D3-5742-9B38-F3789C2D5AAB,trial_germplasm_bridge_synthetic.csv,1104,bridge
D2B52A05-BC80-5A4E-969A-170B0B294DC8,trial_germplasm_bridge_synthetic.csv,1105,bridge
80FFE469-9BBC-5E48-BE6D-3A4F071B185F,trial_germplasm_bridge_synthetic.csv,1106,bridge
CE043AF1-BA2A-5E95-A6F5-DE5BAF564CC6,trial_germplasm_bridge_synthetic.csv,1107,bridge
0D5CC05F-1D66-528C-8AD0-79B9F2E8A091,trial_germplasm_bridge_synthetic.csv,1108,bridge
87029A1E-384A-5364-9557-96F3CECF3AFB,trial_germplasm_bridge_synthetic.csv,1109,bridge
66343E6A-F29F-5B15-9EAF-4E0287108273,trial_germplasm_bridge_synthetic.csv,1110,bridge
BC68F713-DED4-5E21-B7CA-01CBFADD05FA,trial_germplasm_bridge_synthetic.csv,1111,bridge
995D5DC5-335C-5CF8-B794-653D35CE13B2,trial_germplasm_bridge_synthetic.csv,1112,bridge
D22FBC53-9B11-525B-9123-BEB50FBD4D0B,trial_germplasm_bridge_synthetic.csv,1113,bridge
508D55C4-75A6-551B-AEC7-E68A3362407A,trial_germplasm_bridge_synthetic.csv,1114,bridge
50573147-9007-54B5-87FC-6C2907AB157A,trial_germplasm_bridge_synthetic.csv,1115,bridge
4C51E50B-332D-5ED4-9DDF-694519447368,trial_germplasm_bridge_synthetic.csv,1116,bridge
E15AEDC2-769A-5E60-973B-917B8AE2B274,trial_germplasm_bridge_synthetic.csv,1117,bridge
1409736B-C5EC-5004-BE43-E1D2F0DFCDC9,trial_germplasm_bridge_synthetic.csv,1118,bridge
2B066CF7-A1F7-5F8A-800E-E7BC203F5FF9,trial_germplasm_bridge_synthetic.csv,1119,bridge
6936EC12-37B4-5B3E-96B2-335718595BA4,trial_germplasm_bridge_synthetic.csv,1120,bridge
B44BDCBA-84CD-5F06-8B3B-E76E6E1D2DF3,trial_germplasm_bridge_synthetic.csv,1121,bridge
881E497D-A511-5BF9-8DF4-318FFEF34D3D,trial_germplasm_bridge_synthetic.csv,1122,bridge
C4E758A6-0E43-576E-B916-391061BD3C85,trial_germplasm_bridge_synthetic.csv,1123,bridge
C762E869-CF54-5945-A40B-32D904D7EB2D,trial_germplasm_bridge_synthetic.csv,1124,bridge
E4134D17-EB0E-5E02-A305-A92D03181445,trial_germplasm_bridge_synthetic.csv,1125,bridge
73BD2ED3-C3A8-501C-BCD2-92418C360B9A,trial_germplasm_bridge_synthetic.csv,1126,bridge
5BD710DC-A67F-56AC-AF37-0870B4576F30,trial_germplasm_bridge_synthetic.csv,1127,bridge
5D48EE3B-0ABD-5857-9210-0BE07AACC805,trial_germplasm_bridge_synthetic.csv,1128,bridge
D7089E22-4A72-5F34-AB5E-7172C0FE306B,trial_germplasm_bridge_synthetic.csv,1129,bridge
F57D6A31-6360-5371-89B2-F1A78DF06F6A,trial_germplasm_bridge_synthetic.csv,1130,bridge
03370BB7-2F0F-53CD-BF5F-4FD15345D075,trial_germplasm_bridge_synthetic.csv,1131,bridge
489F7896-F591-5091-BBE3-638F74530B01,trial_germplasm_bridge_synthetic.csv,1132,bridge
25007480-7AF8-5B61-8196-8E8D58227816,trial_germplasm_bridge_synthetic.csv,1133,bridge
C0BE856B-6DDA-58EF-A9C7-EFDEAA25496C,trial_germplasm_bridge_synthetic.csv,1134,bridge
A08396E0-BB74-5421-968B-1CF2C1D0A0E4,trial_germplasm_bridge_synthetic.csv,1135,bridge
AD140896-A302-5700-9D07-FA6E7D6C5885,trial_germplasm_bridge_synthetic.csv,1136,bridge
7CEB1115-C341-5BAB-B01B-7A2D3EC65F21,trial_germplasm_bridge_synthetic.csv,1137,bridge
382C88AA-9040-54B9-950F-FA30706C6F10,trial_germplasm_bridge_synthetic.csv,1138,bridge
2C896D80-361E-5192-A125-BF15616BA295,trial_germplasm_bridge_synthetic.csv,1139,bridge
3866F968-388C-5D86-AE3A-51C515C56E98,trial_germplasm_bridge_synthetic.csv,1140,bridge
2FDDEE16-B45A-5996-ABCD-9C8D4D259B75,trial_germplasm_bridge_synthetic.csv,1141,bridge
9A60B8FB-3145-55C5-BC64-238993085273,trial_germplasm_bridge_synthetic.csv,1142,bridge
F2F4EACF-4736-535B-B0F6-D23E1B99DF27,trial_germplasm_bridge_synthetic.csv,1143,bridge
1379A912-A207-5D74-9166-07E7C5915E17,trial_germplasm_bridge_synthetic.csv,1144,bridge
08AA65D8-689A-5403-BAAB-F28F533791E6,trial_germplasm_bridge_synthetic.csv,1145,bridge
847CEDC0-1CA2-53C2-953F-F1D19E1EEDD7,trial_germplasm_bridge_synthetic.csv,1146,bridge
77C42A68-85F1-59D4-B965-81195B898D6B,trial_germplasm_bridge_synthetic.csv,1147,bridge
38C5C4BB-01DC-5CC0-8CDE-EE4A4CBD15EC,trial_germplasm_bridge_synthetic.csv,1148,bridge
FA584B68-6389-5BA1-A451-DD74507CCB02,trial_germplasm_bridge_synthetic.csv,1149,bridge
AAF3C63F-2E55-5065-9171-55551B849007,trial_germplasm_bridge_synthetic.csv,1150,bridge
4B0CD9FE-3EE5-5324-88CB-C64C2162BC63,trial_germplasm_bridge_synthetic.csv,1151,bridge
37B00D74-CFD6-5B6F-AB28-D8AFB302ED41,trial_germplasm_bridge_synthetic.csv,1152,bridge
97B96F91-35AA-5186-8049-111DB49CC195,trial_germplasm_bridge_synthetic.csv,1153,bridge
1A156482-18AA-5B38-84FB-1414D1AA8FA5,trial_germplasm_bridge_synthetic.csv,1154,bridge
0C444CD1-3DBF-5D99-B1EA-35967AEE3EBE,trial_germplasm_bridge_synthetic.csv,1155,bridge
E9D8ED9E-8F1D-5C62-A2F1-D661A991821F,trial_germplasm_bridge_synthetic.csv,1156,bridge
ED621321-9C07-57CD-BA88-58AA1721639B,trial_germplasm_bridge_synthetic.csv,1157,bridge
63A2149F-5B5B-5A3C-B716-0F7EC97AEB4F,trial_germplasm_bridge_synthetic.csv,1158,bridge
2AE66DAC-E63F-5207-8553-7A871FDFF1FA,trial_germplasm_bridge_synthetic.csv,1159,bridge
A3F001D9-2637-5A0F-9D4A-A83F717D2B60,trial_germplasm_bridge_synthetic.csv,1160,bridge
61E53202-E946-543D-BD72-BB9469848C8E,trial_germplasm_bridge_synthetic.csv,1161,bridge
CD2AC374-8B03-5D8E-86A9-07EE6FCDF9A3,trial_germplasm_bridge_synthetic.csv,1162,bridge
A9A83E78-A611-5FD4-AF28-C1F572E6E585,trial_germplasm_bridge_synthetic.csv,1163,bridge
2C58366D-3A4E-5837-98C5-B1FFD7D3C20B,trial_germplasm_bridge_synthetic.csv,1164,bridge
FA7DCEBE-1ACC-542B-8455-F6B6E19E6234,trial_germplasm_bridge_synthetic.csv,1165,bridge
00926CC6-B018-5821-B77E-1635DC5715AF,trial_germplasm_bridge_synthetic.csv,1166,bridge
6965C3D4-5175-5232-BC6B-BAEA835055A1,trial_germplasm_bridge_synthetic.csv,1167,bridge
898B407C-BB07-50E7-BADD-0D6BB8BEE811,trial_germplasm_bridge_synthetic.csv,1168,bridge
FBBEBEE5-9F6C-536A-A0F9-042CB143C56A,trial_germplasm_bridge_synthetic.csv,1169,bridge
D9A9E197-5BD5-5977-805F-B010A6569CE3,trial_germplasm_bridge_synthetic.csv,1170,bridge
8EA9A8DA-3399-5898-AB3D-DE18D74F09D3,trial_germplasm_bridge_synthetic.csv,1171,bridge
280D124C-68DB-51AC-BB91-BB233A6C63A5,trial_germplasm_bridge_synthetic.csv,1172,bridge
E45C3D7D-11B5-5023-9705-EFD3F87BCAF6,trial_germplasm_bridge_synthetic.csv,1173,bridge
61F0B165-ED32-5D68-9B17-6658B71242D7,trial_germplasm_bridge_synthetic.csv,1174,bridge
AC6A9A37-C2F6-502E-A612-040D53BD3D57,trial_germplasm_bridge_synthetic.csv,1175,bridge
1898C238-A8CD-5D1A-A72C-9999807212EC,trial_germplasm_bridge_synthetic.csv,1176,bridge
9628003A-8381-5F02-89C5-150E74DFE333,trial_germplasm_bridge_synthetic.csv,1177,bridge
F0775E40-4C42-56BE-BA84-86FA15942F64,trial_germplasm_bridge_synthetic.csv,1178,bridge
B949074B-2DF1-5B97-9921-402B616A28FB,trial_germplasm_bridge_synthetic.csv,1179,bridge
BE19035B-52E1-568A-AEB0-1CADC307F2D6,trial_germplasm_bridge_synthetic.csv,1180,bridge
D333ACD8-4EF3-56EB-8677-7DB920356281,trial_germplasm_bridge_synthetic.csv,1181,bridge
55CDD3F3-78C2-50E7-B9A6-49B23DB38F36,trial_germplasm_bridge_synthetic.csv,1182,bridge
7DAE7F20-4BEC-5073-9807-171EB751EF05,trial_germplasm_bridge_synthetic.csv,1183,bridge
89E61BFB-5EC4-539F-B1CD-3345C2F1D4ED,trial_germplasm_bridge_synthetic.csv,1184,bridge
CBA36B5F-9F95-5FE1-AF81-2AFC4CC7C6DC,trial_germplasm_bridge_synthetic.csv,1185,bridge
FD52AC5E-4E35-5D54-8E31-D1BD51C4620D,trial_germplasm_bridge_synthetic.csv,1186,bridge
887F64B9-CD8D-5B38-9BE0-655A7178D00B,trial_germplasm_bridge_synthetic.csv,1187,bridge
32B5B60C-BB7D-550B-BC3E-06BAEBFF301F,trial_germplasm_bridge_synthetic.csv,1188,bridge
71FE0DC5-CCE4-5BEA-A825-611B9F903349,trial_germplasm_bridge_synthetic.csv,1189,bridge
3B1E6A85-FBFD-54DA-8733-E0E26498214E,trial_germplasm_bridge_synthetic.csv,1190,bridge
DC3C3A09-78FA-56CF-ABBE-6CEF1AC2AE1E,trial_germplasm_bridge_synthetic.csv,1191,bridge
BCE15E5E-E3D0-503F-9502-08345623DAC4,trial_germplasm_bridge_synthetic.csv,1192,bridge
AC80BBD1-2D9B-5690-B6F1-8BF1CC7B0AAD,trial_germplasm_bridge_synthetic.csv,1193,bridge
5F531FDA-65A4-5120-9689-5E858598D1EA,trial_germplasm_bridge_synthetic.csv,1194,bridge
21455704-4DEB-5D6F-B79A-322738868886,trial_germplasm_bridge_synthetic.csv,1195,bridge
F9A95D7F-7170-5496-9B94-C0AB055F0B90,trial_germplasm_bridge_synthetic.csv,1196,bridge
9C1645EB-AC89-5162-AAE9-4EACE329BF57,trial_germplasm_bridge_synthetic.csv,1197,bridge
F8F03DCB-8ECF-5D79-86DA-235F702336AF,trial_germplasm_bridge_synthetic.csv,1198,bridge
29270B1F-4FC2-5BE5-9A72-480454A927E1,trial_germplasm_bridge_synthetic.csv,1199,bridge
64D530C7-4663-51ED-A110-849DBD68AF63,trial_germplasm_bridge_synthetic.csv,1200,bridge
D8DC31C1-D3CD-5C39-BA06-42CF4B591002,trial_germplasm_bridge_synthetic.csv,1201,bridge
279D3530-F1DD-5B2F-8D79-3C6DFFDB3013,trial_germplasm_bridge_synthetic.csv,1202,bridge
DC4F5EF2-C6DB-5B17-B02E-45D3DCF39F22,trial_germplasm_bridge_synthetic.csv,1203,bridge
6A2BA74E-9BC3-5084-B0ED-D2F1736B70A4,trial_germplasm_bridge_synthetic.csv,1204,bridge
C6D431E7-962C-545C-BA82-C92A435ED3DC,trial_germplasm_bridge_synthetic.csv,1205,bridge
99775E48-CDCB-51D7-8BCD-058AFFFEEF50,trial_germplasm_bridge_synthetic.csv,1206,bridge
970DCCB4-5E72-580B-A0CA-E453316E9D18,trial_germplasm_bridge_synthetic.csv,1207,bridge
C60F5138-0FBD-5A1B-9A46-8B8DF01A012A,trial_germplasm_bridge_synthetic.csv,1208,bridge
4D96C545-6E1A-52ED-AF24-2EECB90EB8A9,trial_germplasm_bridge_synthetic.csv,1209,bridge
CDEA15AB-C4AA-56AA-B120-8135265304C4,trial_germplasm_bridge_synthetic.csv,1210,bridge
A24E12D5-D628-5210-858A-6623AC2A8001,trial_germplasm_bridge_synthetic.csv,1211,bridge
B1800936-5A9E-56CB-8B9E-E0D94E020FDE,trial_germplasm_bridge_synthetic.csv,1212,bridge
D8F16B49-D247-558B-B1DF-5E0D9DB36858,trial_germplasm_bridge_synthetic.csv,1213,bridge
A009A830-938E-5138-8949-04F7A10F299A,trial_germplasm_bridge_synthetic.csv,1214,bridge
28AD9BBA-5793-59AA-BC84-70D6B4F99FB7,trial_germplasm_bridge_synthetic.csv,1215,bridge
AB7612CC-CE83-5F27-99D6-A81F98191FE0,trial_germplasm_bridge_synthetic.csv,1216,bridge
CC9C9317-A83F-5BF4-B8AF-31EA93B73318,trial_germplasm_bridge_synthetic.csv,1217,bridge
A3235A28-6CF8-5AC2-8DF7-F1B61EF16B07,trial_germplasm_bridge_synthetic.csv,1218,bridge
C70CFBB3-C1E7-5974-A20D-66F8D19C96BD,trial_germplasm_bridge_synthetic.csv,1219,bridge
E280987E-9DDC-5436-B721-D7827E61C561,trial_germplasm_bridge_synthetic.csv,1220,bridge
4E53B069-6E9D-5EF2-8A4F-B576A34732A2,trial_germplasm_bridge_synthetic.csv,1221,bridge
E9352131-BB85-5E68-B15D-BE6EC21E55E0,trial_germplasm_bridge_synthetic.csv,1222,bridge
0DB2AC99-52BA-50A0-9F41-7A0E1AA16381,trial_germplasm_bridge_synthetic.csv,1223,bridge
553B94FC-4F03-535B-9A7C-0505ECB5DF21,trial_germplasm_bridge_synthetic.csv,1224,bridge
05817201-76CB-5B53-AED2-E35900A0AD42,trial_germplasm_bridge_synthetic.csv,1225,bridge
0657F6D2-C0B1-59C9-897B-51B74B8A0F82,trial_germplasm_bridge_synthetic.csv,1226,bridge
D42EAEE0-A257-59D0-BDC5-BBBD9CE0A32F,trial_germplasm_bridge_synthetic.csv,1227,bridge
E788C29E-D589-5696-94B3-165219CE5F73,trial_germplasm_bridge_synthetic.csv,1228,bridge
B1903411-7325-59C5-87B8-C6B0061E2E28,trial_germplasm_bridge_synthetic.csv,1229,bridge
8757F281-6193-58A7-8418-09267777B794,trial_germplasm_bridge_synthetic.csv,1230,bridge
FBA09E8A-0AC5-5283-878C-35E506760D6B,trial_germplasm_bridge_synthetic.csv,1231,bridge
B0B9F363-020A-5334-B606-C8E77B1B37EC,trial_germplasm_bridge_synthetic.csv,1232,bridge
2FB7BA40-1B5A-5BF2-A246-BC093879EDF3,trial_germplasm_bridge_synthetic.csv,1233,bridge
20352584-7A9E-51F8-AC32-ECBFAB7CC19D,trial_germplasm_bridge_synthetic.csv,1234,bridge
C5FBAD43-10D0-54D1-BDCB-ED4114141C06,trial_germplasm_bridge_synthetic.csv,1235,bridge
DD513624-B10F-5DDE-B653-A3D1973CA09D,trial_germplasm_bridge_synthetic.csv,1236,bridge
65D88DAD-3E8D-5B0B-AE4A-7411CF1F313B,trial_germplasm_bridge_synthetic.csv,1237,bridge
7763E463-0286-5501-910C-222090DDE8BB,trial_germplasm_bridge_synthetic.csv,1238,bridge
08C42B17-6175-5EEB-B5D4-487B3FD711D1,trial_germplasm_bridge_synthetic.csv,1239,bridge
4334E5C5-F2ED-572B-997E-CDD271A95C39,trial_germplasm_bridge_synthetic.csv,1240,bridge
35B9F1D9-3131-5325-91F8-4BA6C67AED63,trial_germplasm_bridge_synthetic.csv,1241,bridge
0DAEDC8D-FA98-55D2-987E-4C3461880991,trial_germplasm_bridge_synthetic.csv,1242,bridge
13427D98-25EE-5D82-8DF5-9BA42FAAAE09,trial_germplasm_bridge_synthetic.csv,1243,bridge
FAF151CE-3F2A-5642-9F92-491FF6DD62F1,trial_germplasm_bridge_synthetic.csv,1244,bridge
98DAE711-3BD2-574A-94C4-C62AC7191CA1,trial_germplasm_bridge_synthetic.csv,1245,bridge
DA36F330-AF03-5F9D-BC43-9B76BF9653B5,trial_germplasm_bridge_synthetic.csv,1246,bridge
B6644453-6B4B-5AC6-94A6-275D859436C1,trial_germplasm_bridge_synthetic.csv,1247,bridge
E5915796-4529-5068-ABBA-48DC561F53CB,trial_germplasm_bridge_synthetic.csv,1248,bridge
A524A9CB-0B07-565C-9FA8-25D36D75B7F3,trial_germplasm_bridge_synthetic.csv,1249,bridge
F3CCAB75-485B-56DE-8386-13F0FC9266A2,trial_germplasm_bridge_synthetic.csv,1250,bridge
6EADBBBD-401F-5335-B8A1-251B6D8C6957,trial_germplasm_bridge_synthetic.csv,1251,bridge
5BD83492-571B-54BD-9ADE-FDA5FBBB4748,trial_germplasm_bridge_synthetic.csv,1252,bridge
F0154E35-9E3F-587D-991B-7E9F42944D61,trial_germplasm_bridge_synthetic.csv,1253,bridge
AC355DF7-27BA-508E-AA27-083C7634D954,trial_germplasm_bridge_synthetic.csv,1254,bridge
30A8EA0D-493B-5386-AE99-B31B15984648,trial_germplasm_bridge_synthetic.csv,1255,bridge
EA2E2410-FF35-5E15-BAFB-7B9F51DE2823,trial_germplasm_bridge_synthetic.csv,1256,bridge
BA95D78C-0CD0-5A86-8E13-6498746E200D,trial_germplasm_bridge_synthetic.csv,1257,bridge
F30D2AC8-ADA8-501F-A025-C74A0BA93BBF,trial_germplasm_bridge_synthetic.csv,1258,bridge
4918FAF3-9391-528D-927F-615F19D94682,trial_germplasm_bridge_synthetic.csv,1259,bridge
D26E9B3A-F707-51AC-8FF2-2EFFDD815405,trial_germplasm_bridge_synthetic.csv,1260,bridge
95DE4A0B-70E7-5520-A55A-DB44C943EA5D,trial_germplasm_bridge_synthetic.csv,1261,bridge
3619DFC1-8D1C-50EF-BA70-9DA2FC2314B4,trial_germplasm_bridge_synthetic.csv,1262,bridge
90656D85-A307-53C6-8775-7835F2C29DE4,trial_germplasm_bridge_synthetic.csv,1263,bridge
5D6E8311-667B-5E36-82B2-3CB116E230CD,trial_germplasm_bridge_synthetic.csv,1264,bridge
AE3C864C-5BC3-5160-8716-CEC0AB94A9F1,trial_germplasm_bridge_synthetic.csv,1265,bridge
05F3CEF8-BC99-58A0-9208-53322FF72653,trial_germplasm_bridge_synthetic.csv,1266,bridge
E5641914-4F1C-5BB7-AB18-D06AF290143C,trial_germplasm_bridge_synthetic.csv,1267,bridge
175DC93D-E39B-5AB3-89F3-03B0667D9582,trial_germplasm_bridge_synthetic.csv,1268,bridge
E9D4111A-A25C-56C4-B551-54C8BD9A9B77,trial_germplasm_bridge_synthetic.csv,1269,bridge
A203E9A7-15B3-5EF5-AB20-87072E09408F,trial_germplasm_bridge_synthetic.csv,1270,bridge
8042F584-23CF-5CCC-A176-B668245E4CD2,trial_germplasm_bridge_synthetic.csv,1271,bridge
F01C8764-DC65-50A2-9B58-DC58B86AE8B2,trial_germplasm_bridge_synthetic.csv,1272,bridge
BBAE2E94-FCD9-51DD-8024-6BE1947387F6,trial_germplasm_bridge_synthetic.csv,1273,bridge
A3F7993A-F6CE-5923-8C4B-2A99BA08B8DA,trial_germplasm_bridge_synthetic.csv,1274,bridge
87A6740C-8957-5925-8E19-304F5D076908,trial_germplasm_bridge_synthetic.csv,1275,bridge
50445F4C-ED51-5C46-935E-36C9515B1DEB,trial_germplasm_bridge_synthetic.csv,1276,bridge
270D4DC3-F717-5ADB-900E-28CCD79EE4A2,trial_germplasm_bridge_synthetic.csv,1277,bridge
41801460-7139-58B1-93DE-A4D2FF5D12C6,trial_germplasm_bridge_synthetic.csv,1278,bridge
78C572F2-2298-5B98-B32E-28749A97EF28,trial_germplasm_bridge_synthetic.csv,1279,bridge
FA80593C-82FA-52DE-BFFC-8F590EEB83E9,trial_germplasm_bridge_synthetic.csv,1280,bridge
5AFD5780-C013-557E-AFEE-4661604A0C66,trial_germplasm_bridge_synthetic.csv,1281,bridge
115E13EB-E83A-5CB0-AE6E-96044F7DDB54,trial_germplasm_bridge_synthetic.csv,1282,bridge
9605F21E-04EC-5C25-AE67-2A2FF1546704,trial_germplasm_bridge_synthetic.csv,1283,bridge
D368DB85-0235-5F83-8D1F-DF621496B0BE,trial_germplasm_bridge_synthetic.csv,1284,bridge
4A2646C6-8D38-5DBD-8B28-337A001A5DAE,trial_germplasm_bridge_synthetic.csv,1285,bridge
6E5487CB-2E38-5FD6-BB42-43069C1CBCEC,trial_germplasm_bridge_synthetic.csv,1286,bridge
7C82ADEE-4525-5B81-B3ED-CA45D4D2F51C,trial_germplasm_bridge_synthetic.csv,1287,bridge
574B597D-35E7-538A-AA12-742643C7003B,trial_germplasm_bridge_synthetic.csv,1288,bridge
1CE064CA-84CB-52A0-8D4C-8FA16DEB54E0,trial_germplasm_bridge_synthetic.csv,1289,bridge
5B1F90A4-5E93-540E-89A0-36FB7E8DC907,trial_germplasm_bridge_synthetic.csv,1290,bridge
AF8F57B9-302A-5F01-A6DE-C5B2873256AE,trial_germplasm_bridge_synthetic.csv,1291,bridge
859D53B5-004B-5ED0-8607-F38DF3778509,trial_germplasm_bridge_synthetic.csv,1292,bridge
4FC9F22E-6840-5E2D-8CF0-8AA6813EFA33,trial_germplasm_bridge_synthetic.csv,1293,bridge
AE196ABA-0C10-5E4C-96B5-0F75522FD00F,trial_germplasm_bridge_synthetic.csv,1294,bridge
1DF2D14D-D05B-5955-9233-D5CDEFE44E53,trial_germplasm_bridge_synthetic.csv,1295,bridge
79E19E78-D14D-5C9E-954F-9E815083D977,trial_germplasm_bridge_synthetic.csv,1296,bridge
976F1A09-F6B2-57B0-A79B-01870F342A44,trial_germplasm_bridge_synthetic.csv,1297,bridge
48ED78ED-3394-5318-BA0D-A084E0D4142C,trial_germplasm_bridge_synthetic.csv,1298,bridge
56034F22-3B9E-53F7-B56F-7E83551C1E51,trial_germplasm_bridge_synthetic.csv,1299,bridge
6A0DEC51-5E07-5EFB-8DEE-DB7861A31374,trial_germplasm_bridge_synthetic.csv,1300,bridge
F39197A0-0657-5CFB-89B1-D6EB5BB5F345,trial_germplasm_bridge_synthetic.csv,1301,bridge
469F246E-648C-5A3E-9225-73D96474B55A,trial_germplasm_bridge_synthetic.csv,1302,bridge
922026ED-73EF-546F-97B0-47604BFCD8A9,trial_germplasm_bridge_synthetic.csv,1303,bridge
F3EA0F69-4014-5028-90DD-C7A9BCDB7D77,trial_germplasm_bridge_synthetic.csv,1304,bridge
A2719CE7-E50A-54F8-B5E4-D02BD458219E,trial_germplasm_bridge_synthetic.csv,1305,bridge
D066482F-EC36-5E2E-9217-8A55D1701821,trial_germplasm_bridge_synthetic.csv,1306,bridge
D3253855-3A37-5422-81AF-0982D4D6FD0C,trial_germplasm_bridge_synthetic.csv,1307,bridge
3E7985E1-B6E4-5D61-AB54-02DDD6E8CE64,trial_germplasm_bridge_synthetic.csv,1308,bridge
BC7FF52E-2401-5A11-8BC2-3E0DDC091AEC,trial_germplasm_bridge_synthetic.csv,1309,bridge
958DC32B-3B2A-598C-B147-0ABE0341C001,trial_germplasm_bridge_synthetic.csv,1310,bridge
F4B2E615-CE54-521D-BE01-ECC0A8C88EE5,trial_germplasm_bridge_synthetic.csv,1311,bridge
CBAA0B48-237F-5086-A2BB-C6FE2209855A,trial_germplasm_bridge_synthetic.csv,1312,bridge
787C3FF0-3D93-50E6-A12D-27E81A536A96,trial_germplasm_bridge_synthetic.csv,1313,bridge
3EC823C3-1C01-5CA0-8FB7-9D187B7AE8CF,trial_germplasm_bridge_synthetic.csv,1314,bridge
EDCECF60-B939-5463-AB22-096BCA3C9F32,trial_germplasm_bridge_synthetic.csv,1315,bridge
30FFDD07-EF2B-5D2D-B4E4-55D4442E8E93,trial_germplasm_bridge_synthetic.csv,1316,bridge
088EE39F-2851-541A-BB2A-25D325D42F09,trial_germplasm_bridge_synthetic.csv,1317,bridge
D372D34A-7FC7-5F90-9A9F-9FADAD3E29AB,trial_germplasm_bridge_synthetic.csv,1318,bridge
ED472C69-AAF5-5EA8-AF83-AE6E5305A7C3,trial_germplasm_bridge_synthetic.csv,1319,bridge
240C01D5-B9F8-51B5-88CC-247CCAF829CD,trial_germplasm_bridge_synthetic.csv,1320,bridge
8D32D898-C083-58E7-B8FA-DA612070BA89,trial_germplasm_bridge_synthetic.csv,1321,bridge
5C2096FB-A30F-55F2-AFCF-940E98D6224A,trial_germplasm_bridge_synthetic.csv,1322,bridge
A100E2F8-8E25-5E35-A390-79A3B2730B5A,trial_germplasm_bridge_synthetic.csv,1323,bridge
5A657B09-2CCB-550B-A453-C29A64E1E5D6,trial_germplasm_bridge_synthetic.csv,1324,bridge
D88E12F7-E57C-5A13-97E3-47E58197BFC9,trial_germplasm_bridge_synthetic.csv,1325,bridge
E9DEA77A-8B33-55F2-ADDD-BA7B619AA314,trial_germplasm_bridge_synthetic.csv,1326,bridge
7B2B52B9-08AC-5E8F-AAF7-38DBE18C8E75,trial_germplasm_bridge_synthetic.csv,1327,bridge
39A01D5A-E2DC-586D-8800-6413CEC253DA,trial_germplasm_bridge_synthetic.csv,1328,bridge
8BD4CB44-9005-5564-A6DD-BC2541E18FE9,trial_germplasm_bridge_synthetic.csv,1329,bridge
1FEB8249-CBD4-5AE3-9140-8248583C3A7E,trial_germplasm_bridge_synthetic.csv,1330,bridge
C98901F4-97BE-526F-A99C-92357494ECB3,trial_germplasm_bridge_synthetic.csv,1331,bridge
E4F83BD8-536F-543F-8490-960BB96EAB1E,trial_germplasm_bridge_synthetic.csv,1332,bridge
B4067B4C-568E-5C84-828D-67C2BB5B981F,trial_germplasm_bridge_synthetic.csv,1333,bridge
602F118B-7C92-575F-9407-407B9A027EC4,trial_germplasm_bridge_synthetic.csv,1334,bridge
AE5B26BF-7D4F-573A-9747-C212B0C1C1F4,trial_germplasm_bridge_synthetic.csv,1335,bridge
9DB13A25-FEF1-53AA-90C4-75EC1EB230F7,trial_germplasm_bridge_synthetic.csv,1336,bridge
348C7BD3-89C0-5175-90CF-1D4B485CFEEE,trial_germplasm_bridge_synthetic.csv,1337,bridge
C38362D5-F48C-51EE-8093-1B0D653101E8,trial_germplasm_bridge_synthetic.csv,1338,bridge
D739E2B4-64FC-56C6-9F93-8A34103750FB,trial_germplasm_bridge_synthetic.csv,1339,bridge
5D76490A-9D4F-5881-8247-2153BCA1E042,trial_germplasm_bridge_synthetic.csv,1340,bridge
B55571FB-49EB-5800-BE75-224AADE5F470,trial_germplasm_bridge_synthetic.csv,1341,bridge
F108223B-0A6B-5AD6-912E-38EEFCBD520E,trial_germplasm_bridge_synthetic.csv,1342,bridge
42ABC5A2-E327-5DDE-8CF1-2DEA251574F1,trial_germplasm_bridge_synthetic.csv,1343,bridge
535E24D5-9CEF-5FE2-9D69-458562FB484D,trial_germplasm_bridge_synthetic.csv,1344,bridge
3B1F9ECA-CCF0-5213-BFE8-0A64EEFD05DD,trial_germplasm_bridge_synthetic.csv,1345,bridge
E705CF34-1914-5901-82D4-FA5187AB4D0D,trial_germplasm_bridge_synthetic.csv,1346,bridge
5258141C-D16C-5CEB-824D-1E42DEF4FFBC,trial_germplasm_bridge_synthetic.csv,1347,bridge
62A01CDE-DD4D-5D99-AE0D-1E9C3157AF33,trial_germplasm_bridge_synthetic.csv,1348,bridge
B6ED1BCA-231A-50C3-8AF8-19E489B629AE,trial_germplasm_bridge_synthetic.csv,1349,bridge
28BB851F-E6A2-5228-AE2B-9CC38321A9F1,trial_germplasm_bridge_synthetic.csv,1350,bridge
D0DA2A90-12A2-56F1-A96C-49F09E902AF9,trial_germplasm_bridge_synthetic.csv,1351,bridge
F34614CE-D061-59C5-9201-8A5764D95C11,trial_germplasm_bridge_synthetic.csv,1352,bridge
7D1972F8-83F5-58B4-9557-EF9BFA990DD7,trial_germplasm_bridge_synthetic.csv,1353,bridge
1AF78AE6-8CAA-5FDC-9013-D85F754BF3B1,trial_germplasm_bridge_synthetic.csv,1354,bridge
448FC74E-839A-508C-9316-898A31B50A6A,trial_germplasm_bridge_synthetic.csv,1355,bridge
99700A23-5392-534A-9CE8-4DD4E92DFE79,trial_germplasm_bridge_synthetic.csv,1356,bridge
B7CE7000-D4FE-526D-8F89-4A5CDF99F6A3,trial_germplasm_bridge_synthetic.csv,1357,bridge
2880AA60-6393-5BA2-8C92-284B452CCA39,trial_germplasm_bridge_synthetic.csv,1358,bridge
E55BAFE1-EC73-5D1B-BB27-FA49376B5C50,trial_germplasm_bridge_synthetic.csv,1359,bridge
904800F8-1BB9-5BC9-997A-85DAF695AF8D,trial_germplasm_bridge_synthetic.csv,1360,bridge
EFD5A6CE-A7BF-56FB-94FB-7A5FD2F333EA,trial_germplasm_bridge_synthetic.csv,1361,bridge
6070E766-672E-5A64-876A-B64F8C0D1724,trial_germplasm_bridge_synthetic.csv,1362,bridge
BF6423BC-005E-56A6-9668-F2FDE1DAA2B0,trial_germplasm_bridge_synthetic.csv,1363,bridge
B4CA567F-505B-5E82-96A2-CCCCCC67CA09,trial_germplasm_bridge_synthetic.csv,1364,bridge
2A90D13A-B6FD-5F4B-BB5C-714565D56E35,trial_germplasm_bridge_synthetic.csv,1365,bridge
9410FEAA-E85B-52D5-9D5E-D3AB4A04CC75,trial_germplasm_bridge_synthetic.csv,1366,bridge
D2291DFD-370A-5C06-BB89-371460187E30,trial_germplasm_bridge_synthetic.csv,1367,bridge
F57012DD-BD11-5E7A-B536-37C48487D1A8,trial_germplasm_bridge_synthetic.csv,1368,bridge
104BD4F0-8E23-5EEA-9FE3-DC73900B562E,trial_germplasm_bridge_synthetic.csv,1369,bridge
062E50B2-4321-5A99-B5C3-75940B652342,trial_germplasm_bridge_synthetic.csv,1370,bridge
21BDF9FF-BC98-5E45-A304-4619F58EB796,trial_germplasm_bridge_synthetic.csv,1371,bridge
14370934-441B-50CA-9C97-7F9D7E4CA320,trial_germplasm_bridge_synthetic.csv,1372,bridge
EA6911EA-A8F4-5405-B596-3444E2F24596,trial_germplasm_bridge_synthetic.csv,1373,bridge
F734423C-BFAE-56F5-B91E-11F6D13E2693,trial_germplasm_bridge_synthetic.csv,1374,bridge
51433D6B-3674-5DCF-BD7A-E6EBA412CF78,trial_germplasm_bridge_synthetic.csv,1375,bridge
D81A5B5E-8280-5C2A-9CDF-9773E0E4192B,trial_germplasm_bridge_synthetic.csv,1376,bridge
93461817-FD7A-580C-B754-CBC82D8681F4,trial_germplasm_bridge_synthetic.csv,1377,bridge
6E77EC8C-E8D0-58F9-A4EE-B3B6392063AA,trial_germplasm_bridge_synthetic.csv,1378,bridge
89C27E9F-454D-5ACD-A7B3-C4E32779469E,trial_germplasm_bridge_synthetic.csv,1379,bridge
33A264FF-86BB-5D2A-8E28-7F2748079E49,trial_germplasm_bridge_synthetic.csv,1380,bridge
DFDE0730-AEB1-57B3-BBE4-E672DAAB7066,trial_germplasm_bridge_synthetic.csv,1381,bridge
2A0F8BF5-FA06-5A58-8C25-41370A320685,trial_germplasm_bridge_synthetic.csv,1382,bridge
5F9BBBB0-5CC0-53D7-B2D0-A23D3BF266AF,trial_germplasm_bridge_synthetic.csv,1383,bridge
69BB0A40-11E1-577F-B777-58879C1D3678,trial_germplasm_bridge_synthetic.csv,1384,bridge
443BA21B-E684-515C-8CB4-3C29060A19F5,trial_germplasm_bridge_synthetic.csv,1385,bridge
2513104F-854F-528D-9815-50C7A975A1C7,trial_germplasm_bridge_synthetic.csv,1386,bridge
DB5A5A74-AEB7-5D9A-8641-0281F6219CFB,trial_germplasm_bridge_synthetic.csv,1387,bridge
DCA8E9D4-C0A3-5281-A162-8A94C3383926,trial_germplasm_bridge_synthetic.csv,1388,bridge
1AE8497E-1E23-554F-8E58-A9C788CF9DF0,trial_germplasm_bridge_synthetic.csv,1389,bridge
B3DEC836-6CBC-51E0-8744-C65512E84497,trial_germplasm_bridge_synthetic.csv,1390,bridge
5CABCB84-5BD6-57FF-B67E-5DB2CB16C196,trial_germplasm_bridge_synthetic.csv,1391,bridge
B335DB33-32E1-57C2-AF19-242FD4136D51,trial_germplasm_bridge_synthetic.csv,1392,bridge
F988720B-2482-58C5-B926-0A508A10A85E,trial_germplasm_bridge_synthetic.csv,1393,bridge
8C7A719A-FCBF-5DF1-9B1E-9A25FC66CF28,trial_germplasm_bridge_synthetic.csv,1394,bridge
EE4BD3A1-1226-5AD8-B18C-7EC6644A153D,trial_germplasm_bridge_synthetic.csv,1395,bridge
98AEEAA3-B1CF-537D-A862-B9907B2C5A5B,trial_germplasm_bridge_synthetic.csv,1396,bridge
0E6C8CE4-B7EF-546C-BA63-D5E020DA8C82,trial_germplasm_bridge_synthetic.csv,1397,bridge
93853606-7E37-5AF1-91CE-2F7FB6725BB1,trial_germplasm_bridge_synthetic.csv,1398,bridge
6A729FDF-F82F-5B03-A16F-EC98AA56FDF9,trial_germplasm_bridge_synthetic.csv,1399,bridge
1B55DE0F-1CA3-5FBA-9BA4-D4C3F8CB91BA,trial_germplasm_bridge_synthetic.csv,1400,bridge
9535E609-0F06-5CFC-89E0-192E017DB000,trial_germplasm_bridge_synthetic.csv,1401,bridge
B99521A7-4FAD-523A-A026-B68A5E04A3E0,trial_germplasm_bridge_synthetic.csv,1402,bridge
7F32E609-6700-50F1-812B-5E63AFCF04DF,trial_germplasm_bridge_synthetic.csv,1403,bridge
FEBCDAD8-65C7-5C7A-BE42-D3458E6F7B9D,trial_germplasm_bridge_synthetic.csv,1404,bridge
5F0265DB-83A4-5F9C-9DCE-0EB4CB9449FF,trial_germplasm_bridge_synthetic.csv,1405,bridge
FC08C0F9-3AA7-50F2-AD4F-7E0F90D5D34D,trial_germplasm_bridge_synthetic.csv,1406,bridge
E7ADBFE5-7C55-5430-B13B-3FFF07976B6D,trial_germplasm_bridge_synthetic.csv,1407,bridge
20CBD152-FE5E-5A64-8446-4660DC851A4D,trial_germplasm_bridge_synthetic.csv,1408,bridge
4E24D3EF-28F6-51FF-8DED-B2B7BA56241D,trial_germplasm_bridge_synthetic.csv,1409,bridge
9C955465-F088-51A8-B299-195FC7F0EDE2,trial_germplasm_bridge_synthetic.csv,1410,bridge
8391E580-504C-5CCE-A7A3-5E15A3365BC5,trial_germplasm_bridge_synthetic.csv,1411,bridge
4619ADB0-6651-5BDA-95B9-27C061F18653,trial_germplasm_bridge_synthetic.csv,1412,bridge
256E099C-8DCF-5E5A-9CF0-21BC71982B98,trial_germplasm_bridge_synthetic.csv,1413,bridge
830BA8D5-907E-502F-8F5F-39635A28FE89,trial_germplasm_bridge_synthetic.csv,1414,bridge
D946C0B2-86E3-5796-A122-B21195A44928,trial_germplasm_bridge_synthetic.csv,1415,bridge
651834E4-5E7C-5AB3-A5AA-C2D4D65CDA54,trial_germplasm_bridge_synthetic.csv,1416,bridge
39FFAAC4-97A2-5853-99E7-946C661D12AA,trial_germplasm_bridge_synthetic.csv,1417,bridge
AD0F3B8D-5165-5506-9AE8-7A7DFC8B017C,trial_germplasm_bridge_synthetic.csv,1418,bridge
3E016158-0A49-569B-BCDF-842865E08E3C,trial_germplasm_bridge_synthetic.csv,1419,bridge
8CF17D2F-FC5D-515F-974B-CEB09B57B7C1,trial_germplasm_bridge_synthetic.csv,1420,bridge
D014AC25-5AC3-58F9-9288-11DC3396C89E,trial_germplasm_bridge_synthetic.csv,1421,bridge
332887B6-FF49-5657-BD0A-930A0268DF11,trial_germplasm_bridge_synthetic.csv,1422,bridge
58337DBE-BD3D-5646-A940-914379C0385B,trial_germplasm_bridge_synthetic.csv,1423,bridge
7351D694-6D29-5905-83C4-2B03D97E95B0,trial_germplasm_bridge_synthetic.csv,1424,bridge
56F21901-1393-5EE9-AFFC-631C3F52EEE6,trial_germplasm_bridge_synthetic.csv,1425,bridge
A163E7A6-3C70-50B6-A0ED-C7646952823B,trial_germplasm_bridge_synthetic.csv,1426,bridge
981D2D49-96A9-5B7F-8ACB-7FD9355B9B89,trial_germplasm_bridge_synthetic.csv,1427,bridge
CA184B4C-AD9E-512A-9874-CCFCEE7B0B01,trial_germplasm_bridge_synthetic.csv,1428,bridge
B62D7B76-BE4A-5B38-91E4-2C4ACC33FBA9,trial_germplasm_bridge_synthetic.csv,1429,bridge
A3AEF956-151D-58E8-B055-71081860277B,trial_germplasm_bridge_synthetic.csv,1430,bridge
A242BA87-3252-51AC-8271-A677571A3471,trial_germplasm_bridge_synthetic.csv,1431,bridge
7CA0505B-9307-549B-B6F6-01096051CAB1,trial_germplasm_bridge_synthetic.csv,1432,bridge
0CAC468F-5E16-50BD-B6BA-0FDBD85AD85D,trial_germplasm_bridge_synthetic.csv,1433,bridge
05B7E963-3E3E-5B7A-ADCF-C16EBFC82511,trial_germplasm_bridge_synthetic.csv,1434,bridge
15426CFF-98D0-5FAD-AFCA-556C257379BB,trial_germplasm_bridge_synthetic.csv,1435,bridge
DE0754CA-1532-562D-94AC-FA009D931915,trial_germplasm_bridge_synthetic.csv,1436,bridge
488024F2-A51F-5C68-9A55-FC4E1ED9BF8B,trial_germplasm_bridge_synthetic.csv,1437,bridge
BF9CF941-EBD1-590B-8C99-26F501079315,trial_germplasm_bridge_synthetic.csv,1438,bridge
C5B92E6D-5694-5EA8-8C3A-085A7424C858,trial_germplasm_bridge_synthetic.csv,1439,bridge
CC8F0F64-811E-59F7-8ABF-9C8C07901AB4,trial_germplasm_bridge_synthetic.csv,1440,bridge
FD24BFB4-289A-58B2-863B-E5C2BCBD1AD2,trial_germplasm_bridge_synthetic.csv,1441,bridge
D4424AE5-4A14-552E-AF9B-66D624107DA7,trial_germplasm_bridge_synthetic.csv,1442,bridge
971623B4-E94D-531D-8804-33E4947E88F0,trial_germplasm_bridge_synthetic.csv,1443,bridge
877C0485-DE4F-5290-8A2F-845D2F64520A,trial_germplasm_bridge_synthetic.csv,1444,bridge
2CE68DA5-EEE2-5EF9-B4ED-B8B4FCFCFD5C,trial_germplasm_bridge_synthetic.csv,1445,bridge
752242BF-C5B4-5726-983E-AE8BE8522EF4,trial_germplasm_bridge_synthetic.csv,1446,bridge
9928DA46-8520-574C-8BC4-5033C28EDCCE,trial_germplasm_bridge_synthetic.csv,1447,bridge
432B8A7E-6430-5C74-B97B-173784B5C026,trial_germplasm_bridge_synthetic.csv,1448,bridge
DC8CBB02-77B2-56B3-B868-7E7F91E36C0C,trial_germplasm_bridge_synthetic.csv,1449,bridge
EB7203D4-69B0-50F9-9068-35C67D0F5DA4,trial_germplasm_bridge_synthetic.csv,1450,bridge
73367126-039E-5B1A-AD0B-4A474A8FD132,trial_germplasm_bridge_synthetic.csv,1451,bridge
96EF412E-D216-5355-B171-FDECEC1AC23C,trial_germplasm_bridge_synthetic.csv,1452,bridge
327A6746-B8B2-5245-98C7-FE9F5339826D,trial_germplasm_bridge_synthetic.csv,1453,bridge
5D72B3FE-FD4E-5382-9A32-3CD49110F065,trial_germplasm_bridge_synthetic.csv,1454,bridge
F93E9D9E-BC89-509E-9AEB-9D02CAF50875,trial_germplasm_bridge_synthetic.csv,1455,bridge
9D649201-99C1-5F90-9924-F0186155041B,trial_germplasm_bridge_synthetic.csv,1456,bridge
90E4C348-75C2-5FEF-8944-99773869136D,trial_germplasm_bridge_synthetic.csv,1457,bridge
0A2BA9D3-657B-51D7-BD40-252C51F81C00,trial_germplasm_bridge_synthetic.csv,1458,bridge
A57796BC-1555-596F-AE82-8E82FDAC11B8,trial_germplasm_bridge_synthetic.csv,1459,bridge
C8D094B7-1BF3-52CC-A4FE-42670668AD76,trial_germplasm_bridge_synthetic.csv,1460,bridge
932EDE5B-9E20-5390-BEBC-FDAAD72A5AF6,trial_germplasm_bridge_synthetic.csv,1461,bridge
081B8A80-5A88-50F3-9433-26DEBCA14FF9,trial_germplasm_bridge_synthetic.csv,1462,bridge
DDC6047E-1034-5C13-B8A7-FC4BAF38FF9C,trial_germplasm_bridge_synthetic.csv,1463,bridge
6D916812-26C1-5484-ADDF-FBFD5E71B9A2,trial_germplasm_bridge_synthetic.csv,1464,bridge
CAD0CDC0-8306-526D-B67A-DCABEF3E363B,trial_germplasm_bridge_synthetic.csv,1465,bridge
EFDF510F-F019-5B6B-A489-564115E9D5CF,trial_germplasm_bridge_synthetic.csv,1466,bridge
927C2B11-EE01-5D6B-AD7A-82B46FCA0C3D,trial_germplasm_bridge_synthetic.csv,1467,bridge
39AA7EF8-257A-55E3-8F6F-165255AFFD5F,trial_germplasm_bridge_synthetic.csv,1468,bridge
973A7EDC-DDD5-559E-AE7D-2B4EECA103DA,trial_germplasm_bridge_synthetic.csv,1469,bridge
DC51F178-2A0D-5D75-BFD1-6B2A6423D9C1,trial_germplasm_bridge_synthetic.csv,1470,bridge
F8691696-D2B9-58FD-A538-CF5D84780A57,trial_germplasm_bridge_synthetic.csv,1471,bridge
6C02506A-4976-5CEC-BECA-10A3532DBDD6,trial_germplasm_bridge_synthetic.csv,1472,bridge
B3CE461F-210A-5199-B798-28585CE590AA,trial_germplasm_bridge_synthetic.csv,1473,bridge
AE2EE722-A1F1-5117-A690-EB2BE5F21AC1,trial_germplasm_bridge_synthetic.csv,1474,bridge
C5E48BA7-260B-53A2-8CF0-5C64B8A1FBCE,trial_germplasm_bridge_synthetic.csv,1475,bridge
05B0C03F-8477-5EDE-88BF-560208EE5D4C,trial_germplasm_bridge_synthetic.csv,1476,bridge
3A21F274-7850-51D8-BACF-9E4731DA5A96,trial_germplasm_bridge_synthetic.csv,1477,bridge
6269EB87-21CC-5043-9D4B-FF48F10119F5,trial_germplasm_bridge_synthetic.csv,1478,bridge
378A4FA0-D018-5B93-9F22-AABAB0B6B0AD,trial_germplasm_bridge_synthetic.csv,1479,bridge
73E7BA62-6059-5EB0-9E6F-1B6ADCBB4063,trial_germplasm_bridge_synthetic.csv,1480,bridge
1E7A7EC2-3961-5BB4-858C-F29FFF2CA81C,trial_germplasm_bridge_synthetic.csv,1481,bridge
2C6F7B71-7A01-5008-8A9A-B56A7E18BED1,trial_germplasm_bridge_synthetic.csv,1482,bridge
C6BBE4BB-26A4-500F-BFCC-5F4A80C6527F,trial_germplasm_bridge_synthetic.csv,1483,bridge
CBA3B02F-FDB8-5E83-AE6F-A8C6DE654480,trial_germplasm_bridge_synthetic.csv,1484,bridge
9289B213-D75B-5DBA-9919-0B1B4956A308,trial_germplasm_bridge_synthetic.csv,1485,bridge
0AB9261E-1BA8-53C0-B821-329760BE57E1,trial_germplasm_bridge_synthetic.csv,1486,bridge
5DBBC4A2-6A7D-5E9A-AEB1-718960B4F456,trial_germplasm_bridge_synthetic.csv,1487,bridge
0F42E894-CC89-5B6A-BA11-61DB64D81467,trial_germplasm_bridge_synthetic.csv,1488,bridge
6F797582-2207-56BE-BA5D-F2470E496A83,trial_germplasm_bridge_synthetic.csv,1489,bridge
DB56E791-9F70-5F12-A7DC-6B69B9ED3345,trial_germplasm_bridge_synthetic.csv,1490,bridge
AA60961A-2A26-5EAD-BDE3-B06CD73E59E4,trial_germplasm_bridge_synthetic.csv,1491,bridge
8770FF88-4BFC-55E2-BBF0-B0F8BBBCEC41,trial_germplasm_bridge_synthetic.csv,1492,bridge
B2A9F636-EF97-5A80-A572-86B6CB2FF62E,trial_germplasm_bridge_synthetic.csv,1493,bridge
165C5426-44D9-542A-9E39-26EC46E570F2,trial_germplasm_bridge_synthetic.csv,1494,bridge
B3883A82-534D-531D-B9F2-10CC603FFC88,trial_germplasm_bridge_synthetic.csv,1495,bridge
A4F1D2E7-E4B4-5AA7-BB9F-68E13FEA94BB,trial_germplasm_bridge_synthetic.csv,1496,bridge
88282CB7-E26C-5B3C-B9F8-8B72BE2878D1,trial_germplasm_bridge_synthetic.csv,1497,bridge
99D97BB6-CAE4-5972-AA97-09CD6612B3C9,trial_germplasm_bridge_synthetic.csv,1498,bridge
CDBAE114-E3CC-50DB-9A2C-8B5D85CAB948,trial_germplasm_bridge_synthetic.csv,1499,bridge
1F6B53DA-3789-5C5D-87C7-71AA488B3A74,trial_germplasm_bridge_synthetic.csv,1500,bridge
E750DCAF-825F-503A-A520-AF24C4BE4790,trial_germplasm_bridge_synthetic.csv,1501,bridge
C75E4E44-14CE-5F8D-BC80-34B5E64221DA,trial_germplasm_bridge_synthetic.csv,1502,bridge
5EFE06A9-1F41-5877-BF32-9DD2BE57288F,trial_germplasm_bridge_synthetic.csv,1503,bridge
01CD1793-F4B6-5000-A70F-85E41778126B,trial_germplasm_bridge_synthetic.csv,1504,bridge
383D3214-4AAA-5266-937E-45F51A61824A,trial_germplasm_bridge_synthetic.csv,1505,bridge
A1C55115-650E-576E-AF58-D2043C0BA52B,trial_germplasm_bridge_synthetic.csv,1506,bridge
4C06246A-3705-5FA4-92AC-8E55F9F638C2,trial_germplasm_bridge_synthetic.csv,1507,bridge
25F4E97A-2E03-5512-A105-BE9E4CB2B32C,trial_germplasm_bridge_synthetic.csv,1508,bridge
BDFE0D61-7293-5514-9F05-3D679E3345D2,trial_germplasm_bridge_synthetic.csv,1509,bridge
D5ED543A-608F-5B37-BEBD-9C5F3CED20CC,trial_germplasm_bridge_synthetic.csv,1510,bridge
648B2BCB-7AED-5267-880E-A1A91E427A7D,trial_germplasm_bridge_synthetic.csv,1511,bridge
2F16050B-6B21-59DF-9CA3-A720093FA240,trial_germplasm_bridge_synthetic.csv,1512,bridge
35934E3D-EFA9-5154-AD64-6BBD391825D7,trial_germplasm_bridge_synthetic.csv,1513,bridge
CA0D24CF-6295-5027-A144-D5A423D396EE,trial_germplasm_bridge_synthetic.csv,1514,bridge
03FDF166-A750-5481-9991-184AD2EDD064,trial_germplasm_bridge_synthetic.csv,1515,bridge
1BFB2051-5509-57D6-B45A-EECCCCB325D1,trial_germplasm_bridge_synthetic.csv,1516,bridge
69ECECB9-31EF-5B9B-80A0-44F91066B886,trial_germplasm_bridge_synthetic.csv,1517,bridge
9CECFD11-AFFC-5919-8933-794C00D64F99,trial_germplasm_bridge_synthetic.csv,1518,bridge
D3068DCF-1062-5DB5-989D-DEE9806DAB75,trial_germplasm_bridge_synthetic.csv,1519,bridge
C56616EA-8925-50BC-AC45-22DDAFDD96F7,trial_germplasm_bridge_synthetic.csv,1520,bridge
E79C5695-96D9-5523-ACC0-5A70CA884A50,trial_germplasm_bridge_synthetic.csv,1521,bridge
A140C89E-1EEF-57B4-A44B-246E58786686,trial_germplasm_bridge_synthetic.csv,1522,bridge
C3CC3E13-9C53-5765-B672-6A7BF125F7E1,trial_germplasm_bridge_synthetic.csv,1523,bridge
820B7A89-5557-598A-9AAF-A0EF3D414AFC,trial_germplasm_bridge_synthetic.csv,1524,bridge
BCDF52C1-0695-5BA7-BC40-EA0EAEA6DFF3,trial_germplasm_bridge_synthetic.csv,1525,bridge
FA8647D1-9CFA-587C-A07B-23785FE43582,trial_germplasm_bridge_synthetic.csv,1526,bridge
5F3E5EED-6DC6-51DD-A7BA-978CC1BC431E,trial_germplasm_bridge_synthetic.csv,1527,bridge
CFA2D0B1-7FEB-553C-91F8-054CF52F7F8B,trial_germplasm_bridge_synthetic.csv,1528,bridge
83C25AA7-AAC3-5F2E-883C-243CD0AC6E77,trial_germplasm_bridge_synthetic.csv,1529,bridge
AD9EEE8A-FBDD-5C69-B5CD-0CCA790DD719,trial_germplasm_bridge_synthetic.csv,1530,bridge
40DF72D8-19CB-5E98-87A1-CE3221CE49FB,trial_germplasm_bridge_synthetic.csv,1531,bridge
0041F5C7-72EF-5B06-8151-0FDD9BDD9502,trial_germplasm_bridge_synthetic.csv,1532,bridge
A77EF8E2-E25B-576C-BE8F-E630D0C3DA7F,trial_germplasm_bridge_synthetic.csv,1533,bridge
6DDC18FB-85C4-5983-B2DD-408E4383AB25,trial_germplasm_bridge_synthetic.csv,1534,bridge
2AAFC23C-F305-59B7-B339-17D3ACD5A2DF,trial_germplasm_bridge_synthetic.csv,1535,bridge
7D469FF4-7429-53E3-B520-676A5CDF4C23,trial_germplasm_bridge_synthetic.csv,1536,bridge
86C68831-ADA0-5B1D-9C45-1189E45B2345,trial_germplasm_bridge_synthetic.csv,1537,bridge
D68FF59A-0D03-59E7-A79F-09AFD85259B4,trial_germplasm_bridge_synthetic.csv,1538,bridge
EB673EAC-9B47-5F70-A580-CB8B655758AA,trial_germplasm_bridge_synthetic.csv,1539,bridge
9DDDE996-40D8-599B-9931-030D304C14B7,trial_germplasm_bridge_synthetic.csv,1540,bridge
50908AA2-29CC-57B3-A820-72FD913A5D3B,trial_germplasm_bridge_synthetic.csv,1541,bridge
7E2087A5-C7FA-53FA-8209-CBEF6CA68337,trial_germplasm_bridge_synthetic.csv,1542,bridge
4E3B7B2E-D749-5BD1-9E67-C3C889956840,trial_germplasm_bridge_synthetic.csv,1543,bridge
F55BF8F2-75C3-5F56-AC78-241997105311,trial_germplasm_bridge_synthetic.csv,1544,bridge
36B887CE-617D-501C-9424-C3691C61E14E,trial_germplasm_bridge_synthetic.csv,1545,bridge
8ADAFE84-25A4-5EEC-A8B0-2C8204C89A54,trial_germplasm_bridge_synthetic.csv,1546,bridge
1060CAA1-BA0B-589A-BEDD-6ED940C4DD9E,trial_germplasm_bridge_synthetic.csv,1547,bridge
F39C9652-33F6-571C-99C9-512033AB417C,trial_germplasm_bridge_synthetic.csv,1548,bridge
7DDBA645-A5AA-5CE6-AC0F-25F3B21C1365,trial_germplasm_bridge_synthetic.csv,1549,bridge
C20C4BA0-C033-52B4-8666-EB252C7285DA,trial_germplasm_bridge_synthetic.csv,1550,bridge
19250345-2B1D-5976-91C3-9ABB792DC5A3,trial_germplasm_bridge_synthetic.csv,1551,bridge
63EEA7F3-F1D1-598F-8945-DD4815D73A4D,trial_germplasm_bridge_synthetic.csv,1552,bridge
E33B4A04-21B8-5568-87E5-A65933051A21,trial_germplasm_bridge_synthetic.csv,1553,bridge
09E978A8-3888-5A8C-A507-2F82292BCAA4,trial_germplasm_bridge_synthetic.csv,1554,bridge
EBCF9D3C-79F8-57C1-A1E4-2AC7EBF94AD6,trial_germplasm_bridge_synthetic.csv,1555,bridge
1BE322D9-388C-587D-9129-19D5AF694B39,trial_germplasm_bridge_synthetic.csv,1556,bridge
C3E67291-69B9-5198-A80D-F1B8C7CDB544,trial_germplasm_bridge_synthetic.csv,1557,bridge
BC35803A-9F87-597B-BCF3-EB0090A792C3,trial_germplasm_bridge_synthetic.csv,1558,bridge
19931286-FBF8-53E5-BDA3-0F26BDAD2E28,trial_germplasm_bridge_synthetic.csv,1559,bridge
95AA18EA-7FF9-5F3E-B1FF-31629845167B,trial_germplasm_bridge_synthetic.csv,1560,bridge
CC0403B6-1FC3-5625-BDEA-F28D715390B2,trial_germplasm_bridge_synthetic.csv,1561,bridge
3584051E-4247-534E-B9F5-74B809E78922,trial_germplasm_bridge_synthetic.csv,1562,bridge
DEA27478-2E87-5A41-8A73-4501D91D2082,trial_germplasm_bridge_synthetic.csv,1563,bridge
29BA2239-F971-5675-A974-B9336AC9D78D,trial_germplasm_bridge_synthetic.csv,1564,bridge
BE0ADCFB-CCBA-56EB-86E4-F9749B48F276,trial_germplasm_bridge_synthetic.csv,1565,bridge
3D65E223-E4A6-57DE-B469-2889FC61D2DE,trial_germplasm_bridge_synthetic.csv,1566,bridge
5512ED9F-CAFC-53F4-B323-20EB897A57CB,trial_germplasm_bridge_synthetic.csv,1567,bridge
B7A24971-B2B6-58A7-A7C0-E54174F45B04,trial_germplasm_bridge_synthetic.csv,1568,bridge
B2629FA4-B691-59DD-B437-51C49434B6F3,trial_germplasm_bridge_synthetic.csv,1569,bridge
53E1AA9D-F7E9-5B83-B4ED-E5B3F46073C4,trial_germplasm_bridge_synthetic.csv,1570,bridge
C53625CB-FA02-579C-BB69-9FD8C66335E4,trial_germplasm_bridge_synthetic.csv,1571,bridge
1690ABFC-3DC0-558F-B3BC-4FF8EDDB4C61,trial_germplasm_bridge_synthetic.csv,1572,bridge
51EBFC84-A67C-501D-A808-DB1A4D254B4A,trial_germplasm_bridge_synthetic.csv,1573,bridge
3EFF52F1-0079-5C1E-BF7B-4855110CDBB6,trial_germplasm_bridge_synthetic.csv,1574,bridge
FE0A6E0A-C5D9-5058-B1BE-50EB2C16023D,trial_germplasm_bridge_synthetic.csv,1575,bridge
956FF091-0E31-576A-A483-AAA142650DE1,trial_germplasm_bridge_synthetic.csv,1576,bridge
A07B0DBE-5CB0-5DB7-A07D-19005A8B6AEC,trial_germplasm_bridge_synthetic.csv,1577,bridge
0DFB21AD-7076-5022-9CA9-70F64A2E623B,trial_germplasm_bridge_synthetic.csv,1578,bridge
31B35168-90F2-52D1-98EE-7EDAABDE0ECD,trial_germplasm_bridge_synthetic.csv,1579,bridge
A2C8AD03-3988-535B-9C75-9B5BAB0BEB1C,trial_germplasm_bridge_synthetic.csv,1580,bridge
7FD4A03F-CC46-5508-AD84-852B8E093CC3,trial_germplasm_bridge_synthetic.csv,1581,bridge
1CFB2325-D2E7-597A-B412-AD8DB91557C7,trial_germplasm_bridge_synthetic.csv,1582,bridge
A69A4D89-8716-5EC7-9F96-E8307667CB86,trial_germplasm_bridge_synthetic.csv,1583,bridge
7B1A8213-A850-5246-AB8B-808F8F4B5CCB,trial_germplasm_bridge_synthetic.csv,1584,bridge
62CFB36C-D151-558F-BEA7-CFCFAA30C389,trial_germplasm_bridge_synthetic.csv,1585,bridge
463A12E8-607E-54F2-9912-FD4E69A47207,trial_germplasm_bridge_synthetic.csv,1586,bridge
10BE08DA-C562-5A68-909F-D851BAABDBDA,trial_germplasm_bridge_synthetic.csv,1587,bridge
0AF83B4B-11C0-52CC-A3C4-1F9B65E6BBD3,trial_germplasm_bridge_synthetic.csv,1588,bridge
60D51029-01FB-5BEA-BDD4-9C2AB1D7A268,trial_germplasm_bridge_synthetic.csv,1589,bridge
E7CF8769-2647-5B16-A3DA-9DD95FB869DD,trial_germplasm_bridge_synthetic.csv,1590,bridge
12A1DF16-D5BB-5322-8CB8-6E3DE35154CE,trial_germplasm_bridge_synthetic.csv,1591,bridge
18A087DE-390C-5E86-83F6-77D27A9D12C4,trial_germplasm_bridge_synthetic.csv,1592,bridge
3935D5A7-886C-5BB9-9E51-4FBE58406070,trial_germplasm_bridge_synthetic.csv,1593,bridge
D94F09DD-183A-5C9A-BD0D-D0AB6F60C6B4,trial_germplasm_bridge_synthetic.csv,1594,bridge
85ED382A-CE23-57A1-9617-ABC85D0FBD98,trial_germplasm_bridge_synthetic.csv,1595,bridge
9BD33DF0-B765-5829-84B1-ACA8B9FD7C51,trial_germplasm_bridge_synthetic.csv,1596,bridge
802561AE-C717-5F0A-8BE9-CDF33D28B086,trial_germplasm_bridge_synthetic.csv,1597,bridge
4E9A74E6-0778-5B4D-90EF-ADAA78ED6F16,trial_germplasm_bridge_synthetic.csv,1598,bridge
B29315D1-42EC-594C-8DEA-3A54B4E85105,trial_germplasm_bridge_synthetic.csv,1599,bridge
25A159F4-8E83-589C-B35A-B4EEA712F5BA,trial_germplasm_bridge_synthetic.csv,1600,bridge
61176F1B-810A-5DA8-98FD-FD5AB7EE40B5,trial_germplasm_bridge_synthetic.csv,1601,bridge
78017556-8325-5CD9-A4F0-940741FFA454,trial_germplasm_bridge_synthetic.csv,1602,bridge
23D60CB3-A511-5A83-AA04-BB785A566BEE,trial_germplasm_bridge_synthetic.csv,1603,bridge
D985D0A4-2781-5FA2-A52B-C3DCF6F4AD6D,trial_germplasm_bridge_synthetic.csv,1604,bridge
6D1A8A56-FE5A-504E-BAB4-CFEA5B9D9192,trial_germplasm_bridge_synthetic.csv,1605,bridge
7027EB97-B742-5675-B224-1A8A00279C3E,trial_germplasm_bridge_synthetic.csv,1606,bridge
1CCBBE4D-B18D-553D-A870-2407C11928AF,trial_germplasm_bridge_synthetic.csv,1607,bridge
E2D88804-9CB8-57BC-A69B-785A6491AC6C,trial_germplasm_bridge_synthetic.csv,1608,bridge
AF8960D8-9480-5721-9B7B-24859881C0B7,trial_germplasm_bridge_synthetic.csv,1609,bridge
81169DE5-92C3-52BC-8267-E303CFCFA763,trial_germplasm_bridge_synthetic.csv,1610,bridge
921CDA79-6C3F-5400-9D2D-0A43004C5F72,trial_germplasm_bridge_synthetic.csv,1611,bridge
A38ECB48-ED99-5E57-BD6F-A911312457D0,trial_germplasm_bridge_synthetic.csv,1612,bridge
D2B57358-82AD-5D56-8A0B-485292A88D28,trial_germplasm_bridge_synthetic.csv,1613,bridge
ABD1BE44-B20D-5D0F-830E-44A27E01B23A,trial_germplasm_bridge_synthetic.csv,1614,bridge
ACA5D868-11F5-51A0-BAFF-8D63985BB710,trial_germplasm_bridge_synthetic.csv,1615,bridge
715AE5A9-216C-5F55-B5C0-DB75E71F2785,trial_germplasm_bridge_synthetic.csv,1616,bridge
69849071-4206-53D3-B99A-98C90CD3A190,trial_germplasm_bridge_synthetic.csv,1617,bridge
4F2AFDF4-1EAD-5AAF-B08D-9EA4259A8831,trial_germplasm_bridge_synthetic.csv,1618,bridge
FCA4F398-E65C-5594-93ED-D6481B6B2D9D,trial_germplasm_bridge_synthetic.csv,1619,bridge
084BFB71-CCD6-5616-8C4F-9E1E99EEFC40,trial_germplasm_bridge_synthetic.csv,1620,bridge
5787CA2C-0C89-5D90-98F1-EF16A317A3CA,trial_germplasm_bridge_synthetic.csv,1621,bridge
CC0D4585-8AC2-57B2-B8B2-5706583E61E7,trial_germplasm_bridge_synthetic.csv,1622,bridge
AEBB58FD-224B-50B7-B754-703BBA4583E1,trial_germplasm_bridge_synthetic.csv,1623,bridge
C751F736-63A4-541E-A917-E8E01818DE0B,trial_germplasm_bridge_synthetic.csv,1624,bridge
00D765C2-CECD-5147-93DF-F9FFCED8BAD8,trial_germplasm_bridge_synthetic.csv,1625,bridge
C2447F0B-859D-5BF1-AA9F-B0D8067A02C3,trial_germplasm_bridge_synthetic.csv,1626,bridge
543E72E3-4BE9-546C-BCC5-94B442F3C877,trial_germplasm_bridge_synthetic.csv,1627,bridge
3D105502-7B9E-5534-A98F-83715B614091,trial_germplasm_bridge_synthetic.csv,1628,bridge
4DBAC1F5-CBB2-5E5C-BEA9-ED10B90FE990,trial_germplasm_bridge_synthetic.csv,1629,bridge
B30DA9A8-8AEC-5E60-BF4C-070010153444,trial_germplasm_bridge_synthetic.csv,1630,bridge
B99BB0B1-0F73-5A88-990C-72F27485A724,trial_germplasm_bridge_synthetic.csv,1631,bridge
2597361B-4A22-5E09-BC96-A5EC8ABFF671,trial_germplasm_bridge_synthetic.csv,1632,bridge
4C0002B9-9EC0-5B6D-A970-F1BA318798E5,trial_germplasm_bridge_synthetic.csv,1633,bridge
36B0474E-1FFE-5F3A-83F6-2A3C281C2490,trial_germplasm_bridge_synthetic.csv,1634,bridge
09EC5A23-B773-569C-AC21-48ADCDCAB51D,trial_germplasm_bridge_synthetic.csv,1635,bridge
712B05A8-BA1B-52FF-A065-C3431666AC28,trial_germplasm_bridge_synthetic.csv,1636,bridge
CAF055A9-D2ED-5016-9126-E350C161018D,trial_germplasm_bridge_synthetic.csv,1637,bridge
73A26134-F724-5C7F-9996-3F9A1B81D7D2,trial_germplasm_bridge_synthetic.csv,1638,bridge
C4D34037-6E7C-53CF-AA1E-35008F7466EE,trial_germplasm_bridge_synthetic.csv,1639,bridge
B0C4AE45-A20C-53FC-B339-C3CA3A483AA6,trial_germplasm_bridge_synthetic.csv,1640,bridge
7F89E432-8F6B-5DAD-BC99-54A884DCF9D9,trial_germplasm_bridge_synthetic.csv,1641,bridge
3A1877A6-04C0-51F9-B3ED-0A7F95340175,trial_germplasm_bridge_synthetic.csv,1642,bridge
E801E0DE-90C8-5B04-9EA6-538199DAD983,trial_germplasm_bridge_synthetic.csv,1643,bridge
B50041F5-ECEF-5D6A-99D0-6D5EE5521EFB,trial_germplasm_bridge_synthetic.csv,1644,bridge
F71961D9-D51A-53A8-983D-6FF64D689AD0,trial_germplasm_bridge_synthetic.csv,1645,bridge
B7CBDDED-9E38-5626-881F-55B225A68C12,trial_germplasm_bridge_synthetic.csv,1646,bridge
474BEADC-1C0B-5631-8B3B-9879D120DB60,trial_germplasm_bridge_synthetic.csv,1647,bridge
ED0AD807-A060-54D1-8446-853D314A1A48,trial_germplasm_bridge_synthetic.csv,1648,bridge
813EB1FC-2943-5D3C-9FAA-1B0CBBAAE229,trial_germplasm_bridge_synthetic.csv,1649,bridge
3BB4678B-B3A2-5C3F-9E3F-A40EB70D7271,trial_germplasm_bridge_synthetic.csv,1650,bridge
C7864A6E-B846-5EBA-929A-B2328E81F183,trial_germplasm_bridge_synthetic.csv,1651,bridge
BD424C5E-2E1A-5322-AF91-C8798E68A4C1,trial_germplasm_bridge_synthetic.csv,1652,bridge
79961C4E-EBF1-507B-8630-489F98A72872,trial_germplasm_bridge_synthetic.csv,1653,bridge
3B7EDF27-A812-5EC6-A9E2-783A02347FFE,trial_germplasm_bridge_synthetic.csv,1654,bridge
EC8357A2-535E-51A0-A903-34DD57EEBA48,trial_germplasm_bridge_synthetic.csv,1655,bridge
6D4F169A-471E-5E1F-8431-26F87F29E7D7,trial_germplasm_bridge_synthetic.csv,1656,bridge
773CEBCB-67FA-543E-96EA-524AF82FF2A8,trial_germplasm_bridge_synthetic.csv,1657,bridge
2B78D054-3287-50E9-9DE6-45733E4093B3,trial_germplasm_bridge_synthetic.csv,1658,bridge
AE43F1F6-52AA-50BB-A2AC-5AE17B24EADF,trial_germplasm_bridge_synthetic.csv,1659,bridge
586F284C-1A6B-5568-9C30-6E77DDD0505F,trial_germplasm_bridge_synthetic.csv,1660,bridge
8004511B-D334-5A49-8750-2B40899A08A4,trial_germplasm_bridge_synthetic.csv,1661,bridge
D840F359-BC38-523C-8AB5-798DD0D3DB3D,trial_germplasm_bridge_synthetic.csv,1662,bridge
B1FDAB15-DE15-50A5-B165-C6C3ABD39252,trial_germplasm_bridge_synthetic.csv,1663,bridge
B92B999A-8923-53C5-990A-1C077BF5B779,trial_germplasm_bridge_synthetic.csv,1664,bridge
5F7EE1CB-2BD2-5F76-BC3E-9B42431AF7FF,trial_germplasm_bridge_synthetic.csv,1665,bridge
75E7C94A-8A3C-59CA-9C97-E3E6DA4639E5,trial_germplasm_bridge_synthetic.csv,1666,bridge
A076BB2D-9E90-55ED-9DDC-1C9CC818742E,trial_germplasm_bridge_synthetic.csv,1667,bridge
72820E8A-55DD-5164-ADAD-BC2A5C00C49F,trial_germplasm_bridge_synthetic.csv,1668,bridge
B0E75627-138F-5850-867E-098D63350475,trial_germplasm_bridge_synthetic.csv,1669,bridge
BF616B37-AB01-5467-BC44-0BB1D5F36333,trial_germplasm_bridge_synthetic.csv,1670,bridge
6EF05F13-90A4-59BE-99F1-1627D700CBC7,trial_germplasm_bridge_synthetic.csv,1671,bridge
1290C53E-D4AC-5D46-B5EA-E89EC57DE508,trial_germplasm_bridge_synthetic.csv,1672,bridge
75FCB1DC-6B3D-55D9-B081-98F80F39F510,trial_germplasm_bridge_synthetic.csv,1673,bridge
1863A918-0B65-5E57-9DF7-4CB3A73EE041,trial_germplasm_bridge_synthetic.csv,1674,bridge
33D3C9C2-DAEC-50B7-B09C-F457A13BBEDA,trial_germplasm_bridge_synthetic.csv,1675,bridge
A75C36F9-7581-5CC5-BC2F-31A7ACBE0F5B,trial_germplasm_bridge_synthetic.csv,1676,bridge
186DA45C-A10B-53B9-9538-EDD09929B5E4,trial_germplasm_bridge_synthetic.csv,1677,bridge
8561F1A6-6CB0-5150-A679-BFF41617A310,trial_germplasm_bridge_synthetic.csv,1678,bridge
91AD4B96-EB85-5A40-899A-EE61BA8BD276,trial_germplasm_bridge_synthetic.csv,1679,bridge
A0417008-B956-53EE-A0D4-42789F23CEC3,trial_germplasm_bridge_synthetic.csv,1680,bridge
80363C7F-8B29-597A-BED2-220FF0297EF6,trial_germplasm_bridge_synthetic.csv,1681,bridge
53311DCF-8F97-5388-A3D5-8B3C00248446,trial_germplasm_bridge_synthetic.csv,1682,bridge
5CA534AC-4B72-5C48-BCE5-6116E9ED24F2,trial_germplasm_bridge_synthetic.csv,1683,bridge
8ABD3828-6028-51AB-908A-4352F6BF10D2,trial_germplasm_bridge_synthetic.csv,1684,bridge
18B92942-581B-5398-B687-4686BCD55B5A,trial_germplasm_bridge_synthetic.csv,1685,bridge
572FE9AC-E0CB-5E03-8605-F141042F61EE,trial_germplasm_bridge_synthetic.csv,1686,bridge
24FB68F2-3561-5C6D-9EBD-3E1E8EC5FD13,trial_germplasm_bridge_synthetic.csv,1687,bridge
B2C63011-A96B-5553-A00F-5F3445F5FE22,trial_germplasm_bridge_synthetic.csv,1688,bridge
2F674435-E864-5731-B9CD-D5F65C0858C3,trial_germplasm_bridge_synthetic.csv,1689,bridge
EA166415-D492-5C33-900C-0B2518F04F47,trial_germplasm_bridge_synthetic.csv,1690,bridge
A3760DF9-0B0E-5764-AAF5-435BF095C613,trial_germplasm_bridge_synthetic.csv,1691,bridge
F7BEB60D-82BA-5A00-B8BC-916898F943FC,trial_germplasm_bridge_synthetic.csv,1692,bridge
ACFC81BD-E0DC-5304-BA5E-C4CEE83FA828,trial_germplasm_bridge_synthetic.csv,1693,bridge
82466AE7-621F-57A7-97BC-EF7B96632DC0,trial_germplasm_bridge_synthetic.csv,1694,bridge
7EA29C60-2879-5798-9AB5-1CDC2A5F98E5,trial_germplasm_bridge_synthetic.csv,1695,bridge
A7033A88-B073-5894-BAA0-758A1FA37DA2,trial_germplasm_bridge_synthetic.csv,1696,bridge
A394EA24-A516-5233-B29D-2F536F5418F2,trial_germplasm_bridge_synthetic.csv,1697,bridge
A2EA305C-CB80-5093-A0FE-D89A78C559E5,trial_germplasm_bridge_synthetic.csv,1698,bridge
3EB9E041-FA04-5EE4-B701-93E4D842ECC8,trial_germplasm_bridge_synthetic.csv,1699,bridge
8779637C-F9AC-5D59-8954-4F2E70DE2C58,trial_germplasm_bridge_synthetic.csv,1700,bridge
9492DCCF-6C27-58A0-BA43-18A92FD195AD,trial_germplasm_bridge_synthetic.csv,1701,bridge
3B4E4EA6-EAC1-52CF-99FD-E952994B426C,trial_germplasm_bridge_synthetic.csv,1702,bridge
13718290-A6B7-55DB-BB10-0AC0BF526636,trial_germplasm_bridge_synthetic.csv,1703,bridge
92430AC1-2553-541C-BE17-7DF60D2E4249,trial_germplasm_bridge_synthetic.csv,1704,bridge
02E0A28A-005A-5E7C-806E-2D70B61BEA58,trial_germplasm_bridge_synthetic.csv,1705,bridge
8E86EA81-5555-563A-AB87-85F847C6B0B5,trial_germplasm_bridge_synthetic.csv,1706,bridge
E31D1E10-505B-59C8-97C9-F2F53D74C665,trial_germplasm_bridge_synthetic.csv,1707,bridge
22171552-43CC-5A50-95E0-8B8511AC306B,trial_germplasm_bridge_synthetic.csv,1708,bridge
1D07808F-03CE-5F1D-B0D1-2069E25C45FC,trial_germplasm_bridge_synthetic.csv,1709,bridge
2F8C761D-C7C6-5D8C-AB8D-55B96D2A90C5,trial_germplasm_bridge_synthetic.csv,1710,bridge
12BE17DB-1568-5B21-B06A-D114DCD1BE55,trial_germplasm_bridge_synthetic.csv,1711,bridge
CAC9B6EB-A468-50E2-9C63-4888C89D903D,trial_germplasm_bridge_synthetic.csv,1712,bridge
5656D1CB-D1E4-5FF2-AE77-6F66370DC6D5,trial_germplasm_bridge_synthetic.csv,1713,bridge
12778B97-EFBA-5C6A-888D-A02CE8748E39,trial_germplasm_bridge_synthetic.csv,1714,bridge
43252306-7E31-5BC1-B342-892BE61602A7,trial_germplasm_bridge_synthetic.csv,1715,bridge
598EFFB2-D2C3-5021-9AB7-74126A8C380E,trial_germplasm_bridge_synthetic.csv,1716,bridge
88E1474B-DEFD-5B0A-B03B-8D0B2069A450,trial_germplasm_bridge_synthetic.csv,1717,bridge
1A1E8A78-F946-5D8E-8B73-2B7D4EEE521D,trial_germplasm_bridge_synthetic.csv,1718,bridge
40A0E05D-D2A6-54E4-B116-51648191BFBC,trial_germplasm_bridge_synthetic.csv,1719,bridge
3F76BED8-65A4-5C25-B7DE-62CB11A49029,trial_germplasm_bridge_synthetic.csv,1720,bridge
3A3E856E-E883-5B68-8E57-C9393B03AB93,trial_germplasm_bridge_synthetic.csv,1721,bridge
0C391D07-40B8-52FB-BAD5-959C01AD8CD4,trial_germplasm_bridge_synthetic.csv,1722,bridge
71E86F61-99B9-5E7B-90AB-BAE62450F555,trial_germplasm_bridge_synthetic.csv,1723,bridge
BCB792BA-4E65-5D35-B9C6-17819139EA61,trial_germplasm_bridge_synthetic.csv,1724,bridge
C7415F1F-DAD3-5C26-B881-BDB89CCE6CF7,trial_germplasm_bridge_synthetic.csv,1725,bridge
9C43D7F8-9326-51F4-9ECD-A0430469FD6A,trial_germplasm_bridge_synthetic.csv,1726,bridge
B604DF38-C55E-549C-BB8B-3870570E6EE7,trial_germplasm_bridge_synthetic.csv,1727,bridge
BA7CDB37-A1A9-55A1-B549-8504D266DC99,trial_germplasm_bridge_synthetic.csv,1728,bridge
08E6746E-9E64-5CAC-84D8-7A831F8EE4A8,trial_germplasm_bridge_synthetic.csv,1729,bridge
