TRIAL_GUID,TRIAL_ID,MATERIAL_GUID,MATERIAL_ID,ENTRY_ROLE_LID,DISEASE_SCORE,MOISTURE_PCT,YIELD_T_HA,OBSERVATION_SOURCE_FILE,OBSERVATION_SOURCE_LINES,BRIDGE_SOURCE_FILE,BRIDGE_SOURCE_LINES,CHECK_YIELD_T_HA,TRIAL_YIELD_VS_CHECK_PCT,EXCLUDED_IRRIGATION_MISSED
012A85EB-C9A3-5335-B844-BC79FB3E8032,SYN-TR-0053,03B42C84-51CA-5773-8E4C-295473835D66,SYN-MZ-CHK02,CHECK,4.233333333333333,21.96666666666667,8.586666666666666,observation_synthetic 3.csv,3749;3750;3751;3791;3792;3793;3794;3795;3796,trial_germplasm_bridge_synthetic.csv,1251;1265;1266,8.631666666666668,99.47866383471711,True
012A85EB-C9A3-5335-B844-BC79FB3E8032,SYN-TR-0053,0A8854E8-E6EA-5138-8958-FCD031174CF5,SYN-MZ-00110,TRIAL_ENTRY,3.233333333333334,21.333333333333332,9.479999999999999,observation_synthetic 3.csv,3767;3768;3769;3782;3783;3784;3797;3798;3799,trial_germplasm_bridge_synthetic.csv,1257;1262;1267,8.631666666666668,109.82815215292526,True
012A85EB-C9A3-5335-B844-BC79FB3E8032,SYN-TR-0053,40E15A0B-137C-5F72-A21C-478860954756,SYN-MZ-00105,TRIAL_ENTRY,6.566666666666666,19.433333333333334,10.406666666666668,observation_synthetic 3.csv,3755;3756;3757;3779;3780;3781;3809;3810;3811,trial_germplasm_bridge_synthetic.csv,1253;1261;1271,8.631666666666668,120.56381540838,True
012A85EB-C9A3-5335-B844-BC79FB3E8032,SYN-TR-0053,4496507C-64F4-593E-B7C9-34EC243D266E,SYN-MZ-00109,TRIAL_ENTRY,2.4333333333333336,24.833333333333332,7.653333333333333,observation_synthetic 3.csv,3761;3762;3763;3773;3774;3775;3815;3816;3817,trial_germplasm_bridge_synthetic.csv,1255;1259;1273,8.631666666666668,88.66576559181308,True
012A85EB-C9A3-5335-B844-BC79FB3E8032,SYN-TR-0053,6CAF66B9-5911-548A-9CD3-402E210E39DF,SYN-MZ-00107,TRIAL_ENTRY,2.9333333333333336,20.266666666666666,8.106666666666667,observation_synthetic 3.csv,3764;3765;3766;3785;3786;3787;3800;3801;3802,trial_germplasm_bridge_synthetic.csv,1256;1263;1268,8.631666666666668,93.91774473836648,True
012A85EB-C9A3-5335-B844-BC79FB3E8032,SYN-TR-0053,7BFD7ED8-D740-54E9-9E9D-89E766C468ED,SYN-MZ-00108,TRIAL_ENTRY,2.1,20.7,7.81,observation_synthetic 3.csv,3752;3753;3754;3776;3777;3778;3812;3813;3814,trial_germplasm_bridge_synthetic.csv,1252;1260;1272,8.631666666666668,90.48078779687197,True
012A85EB-C9A3-5335-B844-BC79FB3E8032,SYN-TR-0053,895C37E3-3402-5903-BB78-18E139F002E0,SYN-MZ-CHK01,CHECK,4.633333333333333,20.933333333333334,8.676666666666668,observation_synthetic 3.csv,3758;3759;3760;3788;3789;3790;3806;3807;3808,trial_germplasm_bridge_synthetic.csv,1254;1264;1270,8.631666666666668,100.52133616528288,True
012A85EB-C9A3-5335-B844-BC79FB3E8032,SYN-TR-0053,D31D0B3A-9906-504E-8B88-BA3A51BD3F4E,SYN-MZ-00106,TRIAL_ENTRY,6.866666666666667,19.266666666666666,8.306666666666667,observation_synthetic 3.csv,3746;3747;3748;3770;3771;3772;3803;3804;3805,trial_germplasm_bridge_synthetic.csv,1250;1258;1269,8.631666666666668,96.2347943618459,True
01C560C2-0329-5C04-A0FA-B4D6DCA6C260,SYN-TR-0014,02C72F35-6DF2-535C-B881-73EEA4BDEF64,SYN-MZ-00032,TRIAL_ENTRY,3.033333333333333,19.833333333333332,13.083333333333334,observation_synthetic 3.csv,941;942;943;980;981;982;1004;1005;1006,trial_germplasm_bridge_synthetic.csv,315;328;336,11.796666666666665,110.90703588584348,False
01C560C2-0329-5C04-A0FA-B4D6DCA6C260,SYN-TR-0014,03B42C84-51CA-5773-8E4C-295473835D66,SYN-MZ-CHK02,CHECK,4.3,21.766666666666666,12.003333333333332,observation_synthetic 3.csv,938;939;940;983;984;985;995;996;997,trial_germplasm_bridge_synthetic.csv,314;329;333,11.796666666666665,101.75190731845154,False
01C560C2-0329-5C04-A0FA-B4D6DCA6C260,SYN-TR-0014,151CE54D-EAED-5C4E-AB65-6E225058176E,SYN-MZ-00029,TRIAL_ENTRY,3.266666666666667,21.7,12.32,observation_synthetic 3.csv,944;945;946;965;966;967;1001;1002;1003,trial_germplasm_bridge_synthetic.csv,316;323;335,11.796666666666665,104.43628143543376,False
01C560C2-0329-5C04-A0FA-B4D6DCA6C260,SYN-TR-0014,3DFD73B3-FBE4-5BE2-878B-AEB993A47967,SYN-MZ-00030,TRIAL_ENTRY,3.1,18.0,13.836666666666666,observation_synthetic 3.csv,956;957;958;971;972;973;1007;1008;1009,trial_germplasm_bridge_synthetic.csv,320;325;337,11.796666666666665,117.29302062729585,False
01C560C2-0329-5C04-A0FA-B4D6DCA6C260,SYN-TR-0014,895C37E3-3402-5903-BB78-18E139F002E0,SYN-MZ-CHK01,CHECK,4.233333333333333,22.166666666666668,11.589999999999998,observation_synthetic 3.csv,953;954;955;974;975;976;992;993;994,trial_germplasm_bridge_synthetic.csv,319;326;332,11.796666666666665,98.24809268154846,False
01C560C2-0329-5C04-A0FA-B4D6DCA6C260,SYN-TR-0014,BCB3BCE4-83EF-5273-AD5F-98501BE8DF60,SYN-MZ-00028,TRIAL_ENTRY,3.4,21.599999999999998,13.35,observation_synthetic 3.csv,950;951;952;977;978;979;989;990;991,trial_germplasm_bridge_synthetic.csv,318;327;331,11.796666666666665,113.167561458039,False
01C560C2-0329-5C04-A0FA-B4D6DCA6C260,SYN-TR-0014,D452B305-237F-578C-8664-5FBE4C1C73B1,SYN-MZ-00031,TRIAL_ENTRY,5.133333333333333,18.433333333333334,11.25,observation_synthetic 3.csv,947;948;949;968;969;970;998;999;1000,trial_germplasm_bridge_synthetic.csv,317;324;334,11.796666666666665,95.36592257699917,False
01C560C2-0329-5C04-A0FA-B4D6DCA6C260,SYN-TR-0014,F6CDB34F-475C-5C74-9BD0-6D017DAE3754,SYN-MZ-00027,TRIAL_ENTRY,2.5,20.0,12.07,observation_synthetic 3.csv,959;960;961;962;963;964;986;987;988,trial_germplasm_bridge_synthetic.csv,321;322;330,11.796666666666665,102.31703871150044,False
086CE1DC-E112-5846-B43B-B8592BF8C1B3,SYN-TR-0030,03B42C84-51CA-5773-8E4C-295473835D66,SYN-MZ-CHK02,CHECK,4.766666666666667,21.900000000000002,10.006666666666666,observation_synthetic 3.csv,2108;2109;2110;2114;2115;2116;2147;2148;2149,trial_germplasm_bridge_synthetic.csv,704;706;717,10.046666666666667,99.60185799601858,False
086CE1DC-E112-5846-B43B-B8592BF8C1B3,SYN-TR-0030,15913DBE-7013-549B-946D-3D6DA7AE3777,SYN-MZ-00062,TRIAL_ENTRY,3.1999999999999997,19.03333333333333,10.893333333333333,observation_synthetic 3.csv,2105;2106;2107;2135;2136;2137;2159;2160;2161,trial_germplasm_bridge_synthetic.csv,703;713;721,10.046666666666667,108.42733908427338,False
086CE1DC-E112-5846-B43B-B8592BF8C1B3,SYN-TR-0030,16FFFD30-47D9-5AA6-A381-643CA1A3FEF3,SYN-MZ-00061,TRIAL_ENTRY,4.666666666666667,23.666666666666668,10.05,observation_synthetic 3.csv,2090;2091;2092;2126;2127;2128;2138;2139;2140,trial_germplasm_bridge_synthetic.csv,698;710;714,10.046666666666667,100.0331785003318,False
086CE1DC-E112-5846-B43B-B8592BF8C1B3,SYN-TR-0030,5D11E6ED-86BC-5114-830E-943F22D3FAC8,SYN-MZ-00059,TRIAL_ENTRY,4.0,18.900000000000002,11.133333333333333,observation_synthetic 3.csv,2111;2112;2113;2129;2130;2131;2150;2151;2152,trial_germplasm_bridge_synthetic.csv,705;711;718,10.046666666666667,110.8161911081619,False
086CE1DC-E112-5846-B43B-B8592BF8C1B3,SYN-TR-0030,5EC7789B-6A39-584A-B525-208F59B83E86,SYN-MZ-00063,TRIAL_ENTRY,4.266666666666667,20.366666666666667,8.61,observation_synthetic 3.csv,2096;2097;2098;2120;2121;2122;2144;2145;2146,trial_germplasm_bridge_synthetic.csv,700;708;716,10.046666666666667,85.70006635700067,False
086CE1DC-E112-5846-B43B-B8592BF8C1B3,SYN-TR-0030,895C37E3-3402-5903-BB78-18E139F002E0,SYN-MZ-CHK01,CHECK,5.0,21.5,10.086666666666666,observation_synthetic 3.csv,2102;2103;2104;2123;2124;2125;2141;2142;2143,trial_germplasm_bridge_synthetic.csv,702;709;715,10.046666666666667,100.39814200398142,False
086CE1DC-E112-5846-B43B-B8592BF8C1B3,SYN-TR-0030,DD68F5D5-574A-5056-8841-6CB4192055E7,SYN-MZ-00060,TRIAL_ENTRY,7.733333333333333,21.53333333333333,9.443333333333333,observation_synthetic 3.csv,2099;2100;2101;2132;2133;2134;2156;2157;2158,trial_germplasm_bridge_synthetic.csv,701;712;720,10.046666666666667,93.99469143994692,False
086CE1DC-E112-5846-B43B-B8592BF8C1B3,SYN-TR-0030,ECEDBC9C-312B-51DC-942B-9D9E32887D58,SYN-MZ-00064,TRIAL_ENTRY,7.566666666666666,21.7,10.256666666666666,observation_synthetic 3.csv,2093;2094;2095;2117;2118;2119;2153;2154;2155,trial_germplasm_bridge_synthetic.csv,699;707;719,10.046666666666667,102.09024552090244,False
090BC3CE-14F6-5582-BBCF-3A6D0E57F2DC,SYN-TR-0016,02C72F35-6DF2-535C-B881-73EEA4BDEF64,SYN-MZ-00032,TRIAL_ENTRY,2.6,19.8,12.756666666666668,observation_synthetic 3.csv,1100;1101;1102;1127;1128;1129;1133;1134;1135,trial_germplasm_bridge_synthetic.csv,368;377;379,10.796666666666667,118.15375115776475,False
090BC3CE-14F6-5582-BBCF-3A6D0E57F2DC,SYN-TR-0016,03B42C84-51CA-5773-8E4C-295473835D66,SYN-MZ-CHK02,CHECK,4.033333333333333,22.599999999999998,10.626666666666667,observation_synthetic 3.csv,1088;1089;1090;1109;1110;1111;1136;1137;1138,trial_germplasm_bridge_synthetic.csv,364;371;380,10.796666666666667,98.42543995060204,False
090BC3CE-14F6-5582-BBCF-3A6D0E57F2DC,SYN-TR-0016,667DEBCE-B100-5059-AB1C-8388525FC762,SYN-MZ-00036,TRIAL_ENTRY,2.966666666666667,16.233333333333334,10.043333333333335,observation_synthetic 3.csv,1103;1104;1105;1121;1122;1123;1139;1140;1141,trial_germplasm_bridge_synthetic.csv,369;375;381,10.796666666666667,93.02253782031492,False
090BC3CE-14F6-5582-BBCF-3A6D0E57F2DC,SYN-TR-0016,6BC3F466-8A3A-514B-95C5-ED43F221577D,SYN-MZ-00034,TRIAL_ENTRY,7.066666666666666,20.233333333333334,12.193333333333333,observation_synthetic 3.csv,1082;1083;1084;1115;1116;1117;1145;1146;1147,trial_germplasm_bridge_synthetic.csv,362;373;383,10.796666666666667,112.9360913862303,False
090BC3CE-14F6-5582-BBCF-3A6D0E57F2DC,SYN-TR-0016,895C37E3-3402-5903-BB78-18E139F002E0,SYN-MZ-CHK01,CHECK,4.533333333333333,20.466666666666665,10.966666666666667,observation_synthetic 3.csv,1091;1092;1093;1118;1119;1120;1142;1143;1144,trial_germplasm_bridge_synthetic.csv,365;374;382,10.796666666666667,101.57456004939797,False
090BC3CE-14F6-5582-BBCF-3A6D0E57F2DC,SYN-TR-0016,CA7C91FE-A31E-543B-BE95-6F3A9B18244F,SYN-MZ-00035,TRIAL_ENTRY,3.1333333333333333,20.033333333333335,10.16,observation_synthetic 3.csv,1097;1098;1099;1112;1113;1114;1151;1152;1153,trial_germplasm_bridge_synthetic.csv,367;372;385,10.796666666666667,94.10311824637233,False
090BC3CE-14F6-5582-BBCF-3A6D0E57F2DC,SYN-TR-0016,CDAC1DFC-07F5-5AAA-ACF7-174A83106211,SYN-MZ-00033,TRIAL_ENTRY,3.3333333333333335,22.933333333333334,12.63,observation_synthetic 3.csv,1094;1095;1096;1106;1107;1108;1148;1149;1150,trial_germplasm_bridge_synthetic.csv,366;370;384,10.796666666666667,116.98054955233097,False
090BC3CE-14F6-5582-BBCF-3A6D0E57F2DC,SYN-TR-0016,D452B305-237F-578C-8664-5FBE4C1C73B1,SYN-MZ-00031,TRIAL_ENTRY,5.5,19.1,10.246666666666668,observation_synthetic 3.csv,1085;1086;1087;1124;1125;1126;1130;1131;1132,trial_germplasm_bridge_synthetic.csv,363;376;378,10.796666666666667,94.90583513430072,False
0A2E7740-623C-5869-9F9A-9B9E6743759E,SYN-TR-0058,03B42C84-51CA-5773-8E4C-295473835D66,SYN-MZ-CHK02,CHECK,3.966666666666667,22.166666666666668,10.703333333333333,observation_synthetic 3.csv,4127;4128;4129;4133;4134;4135;4163;4164;4165,trial_germplasm_bridge_synthetic.csv,1377;1379;1389,10.663333333333334,100.37511722413252,False
0A2E7740-623C-5869-9F9A-9B9E6743759E,SYN-TR-0058,6EA50459-A971-5271-BBBC-46B5E2E45F2F,SYN-MZ-00120,TRIAL_ENTRY,5.233333333333333,19.233333333333334,11.873333333333335,observation_synthetic 3.csv,4106;4107;4108;4139;4140;4141;4154;4155;4156,trial_germplasm_bridge_synthetic.csv,1370;1381;1386,10.663333333333334,111.34729603000939,False
0A2E7740-623C-5869-9F9A-9B9E6743759E,SYN-TR-0058,895C37E3-3402-5903-BB78-18E139F002E0,SYN-MZ-CHK01,CHECK,4.3999999999999995,20.933333333333334,10.623333333333333,observation_synthetic 3.csv,4115;4116;4117;4136;4137;4138;4175;4176;4177,trial_germplasm_bridge_synthetic.csv,1373;1380;1393,10.663333333333334,99.62488277586745,False
0A2E7740-623C-5869-9F9A-9B9E6743759E,SYN-TR-0058,9836AEB1-465F-5BDA-85AD-80E64BABEB25,SYN-MZ-00116,TRIAL_ENTRY,5.333333333333333,22.066666666666666,11.270000000000001,observation_synthetic 3.csv,4112;4113;4114;4151;4152;4153;4157;4158;4159,trial_germplasm_bridge_synthetic.csv,1372;1385;1387,10.663333333333334,105.68927789934357,False
0A2E7740-623C-5869-9F9A-9B9E6743759E,SYN-TR-0058,CABD4F18-9788-5897-9751-A7B474D482E3,SYN-MZ-00119,TRIAL_ENTRY,2.533333333333333,22.266666666666666,11.979999999999999,observation_synthetic 3.csv,4124;4125;4126;4130;4131;4132;4160;4161;4162,trial_germplasm_bridge_synthetic.csv,1376;1378;1388,10.663333333333334,112.34760862769613,False
0A2E7740-623C-5869-9F9A-9B9E6743759E,SYN-TR-0058,D24220FC-041B-5AE7-8248-88C18C7CFFA0,SYN-MZ-00117,TRIAL_ENTRY,3.8333333333333335,20.266666666666666,11.57,observation_synthetic 3.csv,4121;4122;4123;4148;4149;4150;4169;4170;4171,trial_germplasm_bridge_synthetic.csv,1375;1384;1391,10.663333333333334,108.5026570803376,False
0A2E7740-623C-5869-9F9A-9B9E6743759E,SYN-TR-0058,D548B0A8-3654-59DE-87E2-E8729F9D0F8C,SYN-MZ-00115,TRIAL_ENTRY,1.7333333333333334,20.966666666666665,11.229999999999999,observation_synthetic 3.csv,4118;4119;4120;4142;4143;4144;4166;4167;4168,trial_germplasm_bridge_synthetic.csv,1374;1382;1390,10.663333333333334,105.31416067521097,False
0A2E7740-623C-5869-9F9A-9B9E6743759E,SYN-TR-0058,F288242F-5737-58C8-88E2-064D25869916,SYN-MZ-00118,TRIAL_ENTRY,2.6999999999999997,24.166666666666668,12.863333333333335,observation_synthetic 3.csv,4109;4110;4111;4145;4146;4147;4172;4173;4174,trial_germplasm_bridge_synthetic.csv,1371;1383;1392,10.663333333333334,120.63144732728979,False
1014A6B1-E3EB-520D-BCC2-EF3F2F45A21B,SYN-TR-0029,03B42C84-51CA-5773-8E4C-295473835D66,SYN-MZ-CHK02,CHECK,4.1000000000000005,23.833333333333332,9.956666666666667,observation_synthetic 3.csv,2021;2022;2023;2042;2043;2044;2075;2076;2077,trial_germplasm_bridge_synthetic.csv,675;682;693,10.048333333333334,99.08774257754189,False
1014A6B1-E3EB-520D-BCC2-EF3F2F45A21B,SYN-TR-0029,15913DBE-7013-549B-946D-3D6DA7AE3777,SYN-MZ-00062,TRIAL_ENTRY,2.566666666666667,22.433333333333334,10.969999999999999,observation_synthetic 3.csv,2033;2034;2035;2060;2061;2062;2069;2070;2071,trial_germplasm_bridge_synthetic.csv,679;688;691,10.048333333333334,109.17233372035163,False
1014A6B1-E3EB-520D-BCC2-EF3F2F45A21B,SYN-TR-0029,16FFFD30-47D9-5AA6-A381-643CA1A3FEF3,SYN-MZ-00061,TRIAL_ENTRY,2.3666666666666667,25.233333333333334,9.053333333333333,observation_synthetic 3.csv,2024;2025;2026;2057;2058;2059;2078;2079;2080,trial_germplasm_bridge_synthetic.csv,676;687;694,10.048333333333334,90.09786034168187,False
1014A6B1-E3EB-520D-BCC2-EF3F2F45A21B,SYN-TR-0029,5D11E6ED-86BC-5114-830E-943F22D3FAC8,SYN-MZ-00059,TRIAL_ENTRY,3.033333333333333,22.633333333333336,10.770000000000001,observation_synthetic 3.csv,2036;2037;2038;2045;2046;2047;2087;2088;2089,trial_germplasm_bridge_synthetic.csv,680;683;697,10.048333333333334,107.18195388953394,False
1014A6B1-E3EB-520D-BCC2-EF3F2F45A21B,SYN-TR-0029,895C37E3-3402-5903-BB78-18E139F002E0,SYN-MZ-CHK01,CHECK,4.533333333333333,23.03333333333333,10.14,observation_synthetic 3.csv,2027;2028;2029;2063;2064;2065;2084;2085;2086,trial_germplasm_bridge_synthetic.csv,677;689;696,10.048333333333334,100.91225742245811,False
1014A6B1-E3EB-520D-BCC2-EF3F2F45A21B,SYN-TR-0029,CB3BA2FD-86CC-5ED9-964B-70C0E700498A,SYN-MZ-00058,TRIAL_ENTRY,6.133333333333333,21.433333333333334,11.106666666666667,observation_synthetic 3.csv,2018;2019;2020;2051;2052;2053;2072;2073;2074,trial_germplasm_bridge_synthetic.csv,674;685;692,10.048333333333334,110.53242660474375,False
1014A6B1-E3EB-520D-BCC2-EF3F2F45A21B,SYN-TR-0029,DD61D49A-852D-59C9-A7F8-0A85B6E85478,SYN-MZ-00057,TRIAL_ENTRY,3.4333333333333336,27.53333333333333,9.526666666666666,observation_synthetic 3.csv,2039;2040;2041;2054;2055;2056;2066;2067;2068,trial_germplasm_bridge_synthetic.csv,681;686;690,10.048333333333334,94.80842594128377,False
1014A6B1-E3EB-520D-BCC2-EF3F2F45A21B,SYN-TR-0029,DD68F5D5-574A-5056-8841-6CB4192055E7,SYN-MZ-00060,TRIAL_ENTRY,5.666666666666667,23.766666666666666,9.62,observation_synthetic 3.csv,2030;2031;2032;2048;2049;2050;2081;2082;2083,trial_germplasm_bridge_synthetic.csv,678;684;695,10.048333333333334,95.73726986233204,False
1189FB93-7EF9-5224-A85A-E06C73FB5152,SYN-TR-0009,03B42C84-51CA-5773-8E4C-295473835D66,SYN-MZ-CHK02,CHECK,4.3,20.866666666666667,10.25,observation_synthetic 3.csv,596;597;598;608;609;610;644;645;646,trial_germplasm_bridge_synthetic.csv,200;204;216,10.068333333333333,101.804337030293,False
1189FB93-7EF9-5224-A85A-E06C73FB5152,SYN-TR-0009,1A9526DC-BD8E-563C-9E4A-9481E88601A5,SYN-MZ-00021,TRIAL_ENTRY,5.733333333333333,20.8,9.136666666666667,observation_synthetic 3.csv,590;591;592;611;612;613;641;642;643,trial_germplasm_bridge_synthetic.csv,198;205;215,10.068333333333333,90.74656513822214,False
1189FB93-7EF9-5224-A85A-E06C73FB5152,SYN-TR-0009,4A5DFB3F-03B5-5B3F-9852-099CA5A15225,SYN-MZ-00020,TRIAL_ENTRY,6.266666666666667,19.966666666666665,8.673333333333334,observation_synthetic 3.csv,581;582;583;620;621;622;638;639;640,trial_germplasm_bridge_synthetic.csv,195;208;214,10.068333333333333,86.14467803343818,False
1189FB93-7EF9-5224-A85A-E06C73FB5152,SYN-TR-0009,5A705A98-7EAC-500C-AD19-08E66229D28F,SYN-MZ-00017,TRIAL_ENTRY,5.3999999999999995,20.26666666666667,9.42,observation_synthetic 3.csv,599;600;601;605;606;607;635;636;637,trial_germplasm_bridge_synthetic.csv,201;203;213,10.068333333333333,93.56066876344975,False
1189FB93-7EF9-5224-A85A-E06C73FB5152,SYN-TR-0009,62C92069-66BF-5B0B-ADBA-8D0357CE459C,SYN-MZ-00018,TRIAL_ENTRY,6.8,20.833333333333332,10.153333333333334,observation_synthetic 3.csv,584;585;586;623;624;625;626;627;628,trial_germplasm_bridge_synthetic.csv,196;209;210,10.068333333333333,100.84423108756829,False
1189FB93-7EF9-5224-A85A-E06C73FB5152,SYN-TR-0009,6E503269-36A0-59E5-B29F-D2C65C57CAD6,SYN-MZ-00022,TRIAL_ENTRY,6.933333333333334,20.466666666666665,9.953333333333333,observation_synthetic 3.csv,593;594;595;614;615;616;632;633;634,trial_germplasm_bridge_synthetic.csv,199;206;212,10.068333333333333,98.85780499917232,False
1189FB93-7EF9-5224-A85A-E06C73FB5152,SYN-TR-0009,895C37E3-3402-5903-BB78-18E139F002E0,SYN-MZ-CHK01,CHECK,3.9,21.400000000000002,9.886666666666667,observation_synthetic 3.csv,587;588;589;602;603;604;647;648;649,trial_germplasm_bridge_synthetic.csv,197;202;217,10.068333333333333,98.195662969707,False
1189FB93-7EF9-5224-A85A-E06C73FB5152,SYN-TR-0009,A8B6980C-FFB9-5F9B-92BA-AF12781ABDDE,SYN-MZ-00019,TRIAL_ENTRY,4.266666666666667,20.900000000000002,8.586666666666666,observation_synthetic 3.csv,578;579;580;617;618;619;629;630;631,trial_germplasm_bridge_synthetic.csv,194;207;211,10.068333333333333,85.28389339513325,False
1FEA884C-9C6C-54DF-82BE-ED9622A18007,SYN-TR-0038,03B42C84-51CA-5773-8E4C-295473835D66,SYN-MZ-CHK02,CHECK,3.9666666666666663,21.733333333333334,11.706666666666669,observation_synthetic 3.csv,2672;2673;2674;2693;2694;2695;2714;2715;2716,trial_germplasm_bridge_synthetic.csv,892;899;906,11.886666666666668,98.48569826135727,False
1FEA884C-9C6C-54DF-82BE-ED9622A18007,SYN-TR-0038,3B5928D4-F434-5749-A27B-AB4C1BAB75E5,SYN-MZ-00075,TRIAL_ENTRY,3.8666666666666667,21.433333333333334,11.49,observation_synthetic 3.csv,2669;2670;2671;2708;2709;2710;2723;2724;2725,trial_germplasm_bridge_synthetic.csv,891;904;909,11.886666666666668,96.66292765002802,False
1FEA884C-9C6C-54DF-82BE-ED9622A18007,SYN-TR-0038,647685C4-BD16-5B05-BF48-224E90967B1C,SYN-MZ-00079,TRIAL_ENTRY,6.466666666666666,16.333333333333332,11.92,observation_synthetic 3.csv,2666;2667;2668;2699;2700;2701;2732;2733;2734,trial_germplasm_bridge_synthetic.csv,890;901;912,11.886666666666668,100.28042624789678,False
1FEA884C-9C6C-54DF-82BE-ED9622A18007,SYN-TR-0038,762C94BB-F99F-58F7-AA2E-115A876D1499,SYN-MZ-00077,TRIAL_ENTRY,3.6999999999999997,23.566666666666666,13.043333333333335,observation_synthetic 3.csv,2675;2676;2677;2696;2697;2698;2729;2730;2731,trial_germplasm_bridge_synthetic.csv,893;900;911,11.886666666666668,109.73079080201906,False
1FEA884C-9C6C-54DF-82BE-ED9622A18007,SYN-TR-0038,895C37E3-3402-5903-BB78-18E139F002E0,SYN-MZ-CHK01,CHECK,4.166666666666667,20.766666666666666,12.066666666666668,observation_synthetic 3.csv,2681;2682;2683;2705;2706;2707;2720;2721;2722,trial_germplasm_bridge_synthetic.csv,895;903;908,11.886666666666668,101.51430173864273,False
1FEA884C-9C6C-54DF-82BE-ED9622A18007,SYN-TR-0038,937A167C-CBC9-54DF-9EB1-DFD136CAD1D1,SYN-MZ-00076,TRIAL_ENTRY,3.2000000000000006,22.8,13.006666666666666,observation_synthetic 3.csv,2684;2685;2686;2690;2691;2692;2735;2736;2737,trial_germplasm_bridge_synthetic.csv,896;898;913,11.886666666666668,109.42232192933255,False
1FEA884C-9C6C-54DF-82BE-ED9622A18007,SYN-TR-0038,AC374E79-DCC5-5449-BA1A-E2E8A323C8B3,SYN-MZ-00080,TRIAL_ENTRY,4.266666666666667,20.8,11.706666666666669,observation_synthetic 3.csv,2687;2688;2689;2711;2712;2713;2717;2718;2719,trial_germplasm_bridge_synthetic.csv,897;905;907,11.886666666666668,98.48569826135727,False
1FEA884C-9C6C-54DF-82BE-ED9622A18007,SYN-TR-0038,E222D60A-6B36-51B3-8397-D5CF6C5572CF,SYN-MZ-00078,TRIAL_ENTRY,2.2333333333333334,19.3,12.143333333333333,observation_synthetic 3.csv,2678;2679;2680;2702;2703;2704;2726;2727;2728,trial_germplasm_bridge_synthetic.csv,894;902;910,11.886666666666668,102.15928210880536,False
20D8396F-4A32-5E71-9389-E4D12F303624,SYN-TR-0032,03B42C84-51CA-5773-8E4C-295473835D66,SYN-MZ-CHK02,CHECK,3.8000000000000003,21.733333333333334,12.323333333333332,observation_synthetic 3.csv,2249;2250;2251;2264;2265;2266;2294;2295;2296,trial_germplasm_bridge_synthetic.csv,751;756;766,12.068333333333332,102.11296782212402,False
20D8396F-4A32-5E71-9389-E4D12F303624,SYN-TR-0032,07784854-7BC7-5ECA-BDD4-CACF4FB75117,SYN-MZ-00066,TRIAL_ENTRY,3.6333333333333333,19.033333333333335,13.85,observation_synthetic 3.csv,2252;2253;2254;2279;2280;2281;2285;2286;2287,trial_germplasm_bridge_synthetic.csv,752;761;763,12.068333333333332,114.76315426046128,False
20D8396F-4A32-5E71-9389-E4D12F303624,SYN-TR-0032,13F23BCD-52EF-574F-ACC6-7AB94AFF9049,SYN-MZ-00067,TRIAL_ENTRY,1.8333333333333333,19.233333333333334,12.676666666666668,observation_synthetic 3.csv,2234;2235;2236;2270;2271;2272;2288;2289;2290,trial_germplasm_bridge_synthetic.csv,746;758;764,12.068333333333332,105.04074022925012,False
20D8396F-4A32-5E71-9389-E4D12F303624,SYN-TR-0032,5EC7789B-6A39-584A-B525-208F59B83E86,SYN-MZ-00063,TRIAL_ENTRY,2.3333333333333335,20.733333333333334,10.42,observation_synthetic 3.csv,2255;2256;2257;2273;2274;2275;2300;2301;2302,trial_germplasm_bridge_synthetic.csv,753;759;768,12.068333333333332,86.34166551581275,False
20D8396F-4A32-5E71-9389-E4D12F303624,SYN-TR-0032,895C37E3-3402-5903-BB78-18E139F002E0,SYN-MZ-CHK01,CHECK,4.033333333333334,21.5,11.813333333333333,observation_synthetic 3.csv,2240;2241;2242;2258;2259;2260;2297;2298;2299,trial_germplasm_bridge_synthetic.csv,748;754;767,12.068333333333332,97.887032177876,False
20D8396F-4A32-5E71-9389-E4D12F303624,SYN-TR-0032,97E544B0-E0F2-5A44-8A8C-DF6E49262D21,SYN-MZ-00068,TRIAL_ENTRY,3.8666666666666667,20.03333333333333,11.386666666666665,observation_synthetic 3.csv,2246;2247;2248;2276;2277;2278;2291;2292;2293,trial_germplasm_bridge_synthetic.csv,750;760;765,12.068333333333332,94.3516088937992,False
20D8396F-4A32-5E71-9389-E4D12F303624,SYN-TR-0032,AF23A561-1794-5CA1-B10C-3628EECCF466,SYN-MZ-00065,TRIAL_ENTRY,6.7,18.3,11.996666666666664,observation_synthetic 3.csv,2237;2238;2239;2267;2268;2269;2303;2304;2305,trial_germplasm_bridge_synthetic.csv,747;757;769,12.068333333333332,99.40615937025272,False
20D8396F-4A32-5E71-9389-E4D12F303624,SYN-TR-0032,ECEDBC9C-312B-51DC-942B-9D9E32887D58,SYN-MZ-00064,TRIAL_ENTRY,6.633333333333333,22.066666666666666,12.206666666666669,observation_synthetic 3.csv,2243;2244;2245;2261;2262;2263;2282;2283;2284,trial_germplasm_bridge_synthetic.csv,749;755;762,12.068333333333332,101.14625051788431,False
20F30666-2A45-5B0E-B965-269C0160FC61,SYN-TR-0040,03B42C84-51CA-5773-8E4C-295473835D66,SYN-MZ-CHK02,CHECK,3.8666666666666667,21.7,11.219999999999999,observation_synthetic 3.csv,2819;2820;2821;2855;2856;2857;2870;2871;2872,trial_germplasm_bridge_synthetic.csv,941;953;958,10.813333333333333,103.76078914919853,False
20F30666-2A45-5B0E-B965-269C0160FC61,SYN-TR-0040,1776443C-40AD-5505-8CE0-36F14142D18C,SYN-MZ-00083,TRIAL_ENTRY,5.066666666666666,19.966666666666665,10.293333333333335,observation_synthetic 3.csv,2813;2814;2815;2849;2850;2851;2876;2877;2878,trial_germplasm_bridge_synthetic.csv,939;951;960,10.813333333333333,95.19112207151667,False
20F30666-2A45-5B0E-B965-269C0160FC61,SYN-TR-0040,53D0944B-7E8C-523D-AD45-43CF3C0E1ECC,SYN-MZ-00082,TRIAL_ENTRY,3.533333333333333,21.433333333333334,8.93,observation_synthetic 3.csv,2810;2811;2812;2843;2844;2845;2861;2862;2863,trial_germplasm_bridge_synthetic.csv,938;949;955,10.813333333333333,82.58323057953145,False
20F30666-2A45-5B0E-B965-269C0160FC61,SYN-TR-0040,647685C4-BD16-5B05-BF48-224E90967B1C,SYN-MZ-00079,TRIAL_ENTRY,6.533333333333334,15.866666666666667,10.793333333333335,observation_synthetic 3.csv,2831;2832;2833;2834;2835;2836;2873;2874;2875,trial_germplasm_bridge_synthetic.csv,945;946;959,10.813333333333333,99.81504315659681,False
20F30666-2A45-5B0E-B965-269C0160FC61,SYN-TR-0040,8940668C-190D-5BCB-95FD-A9FCAD3A0A50,SYN-MZ-00084,TRIAL_ENTRY,5.266666666666667,20.866666666666664,11.326666666666668,observation_synthetic 3.csv,2825;2826;2827;2840;2841;2842;2864;2865;2866,trial_germplasm_bridge_synthetic.csv,943;948;956,10.813333333333333,104.74722564734897,False
20F30666-2A45-5B0E-B965-269C0160FC61,SYN-TR-0040,895C37E3-3402-5903-BB78-18E139F002E0,SYN-MZ-CHK01,CHECK,3.8666666666666667,21.566666666666666,10.406666666666666,observation_synthetic 3.csv,2828;2829;2830;2846;2847;2848;2858;2859;2860,trial_germplasm_bridge_synthetic.csv,944;950;954,10.813333333333333,96.23921085080147,False
20F30666-2A45-5B0E-B965-269C0160FC61,SYN-TR-0040,AC374E79-DCC5-5449-BA1A-E2E8A323C8B3,SYN-MZ-00080,TRIAL_ENTRY,3.8000000000000003,20.766666666666666,10.450000000000001,observation_synthetic 3.csv,2816;2817;2818;2852;2853;2854;2867;2868;2869,trial_germplasm_bridge_synthetic.csv,940;952;957,10.813333333333333,96.6399506781751,False
20F30666-2A45-5B0E-B965-269C0160FC61,SYN-TR-0040,B13508E2-8CB0-595E-803A-083438893C79,SYN-MZ-00081,TRIAL_ENTRY,6.8999999999999995,21.333333333333332,11.46,observation_synthetic 3.csv,2822;2823;2824;2837;2838;2839;2879;2880;2881,trial_germplasm_bridge_synthetic.csv,942;947;961,10.813333333333333,105.980271270037,False
22C11841-EA05-506F-A2F7-CD659EC078A5,SYN-TR-0036,03B42C84-51CA-5773-8E4C-295473835D66,SYN-MZ-CHK02,CHECK,4.8999999999999995,20.933333333333334,9.976666666666667,observation_synthetic 3.csv,2543;2544;2545;2561;2562;2563;2591;2592;2593,trial_germplasm_bridge_synthetic.csv,849;855;865,10.096666666666668,98.81148894024429,False
22C11841-EA05-506F-A2F7-CD659EC078A5,SYN-TR-0036,03DE83EF-F14A-5D54-A2FD-1A335C2D63BE,SYN-MZ-00071,TRIAL_ENTRY,7.533333333333334,22.733333333333334,10.113333333333335,observation_synthetic 3.csv,2522;2523;2524;2552;2553;2554;2573;2574;2575,trial_germplasm_bridge_synthetic.csv,842;852;859,10.096666666666668,100.16507098052163,False
22C11841-EA05-506F-A2F7-CD659EC078A5,SYN-TR-0036,3B5928D4-F434-5749-A27B-AB4C1BAB75E5,SYN-MZ-00075,TRIAL_ENTRY,4.966666666666666,22.46666666666667,9.303333333333333,observation_synthetic 3.csv,2525;2526;2527;2558;2559;2560;2585;2586;2587,trial_germplasm_bridge_synthetic.csv,843;854;863,10.096666666666668,92.14262132717067,False
22C11841-EA05-506F-A2F7-CD659EC078A5,SYN-TR-0036,82E89912-889D-5A64-81E0-285A66F4F551,SYN-MZ-00073,TRIAL_ENTRY,4.733333333333333,21.066666666666666,12.773333333333333,observation_synthetic 3.csv,2537;2538;2539;2555;2556;2557;2570;2571;2572,trial_germplasm_bridge_synthetic.csv,847;853;858,10.096666666666668,126.51039947177284,False
22C11841-EA05-506F-A2F7-CD659EC078A5,SYN-TR-0036,895C37E3-3402-5903-BB78-18E139F002E0,SYN-MZ-CHK01,CHECK,5.066666666666666,20.233333333333334,10.216666666666667,observation_synthetic 3.csv,2540;2541;2542;2564;2565;2566;2579;2580;2581,trial_germplasm_bridge_synthetic.csv,848;856;861,10.096666666666668,101.18851105975568,False
22C11841-EA05-506F-A2F7-CD659EC078A5,SYN-TR-0036,937A167C-CBC9-54DF-9EB1-DFD136CAD1D1,SYN-MZ-00076,TRIAL_ENTRY,4.033333333333334,22.366666666666664,11.183333333333332,observation_synthetic 3.csv,2534;2535;2536;2549;2550;2551;2588;2589;2590,trial_germplasm_bridge_synthetic.csv,846;851;864,10.096666666666668,110.76262793000988,False
22C11841-EA05-506F-A2F7-CD659EC078A5,SYN-TR-0036,B518C2FF-B887-551B-A7F9-1C0EE751CFCF,SYN-MZ-00074,TRIAL_ENTRY,4.0,22.133333333333336,11.393333333333333,observation_synthetic 3.csv,2531;2532;2533;2546;2547;2548;2582;2583;2584,trial_germplasm_bridge_synthetic.csv,845;850;862,10.096666666666668,112.84252228458236,False
22C11841-EA05-506F-A2F7-CD659EC078A5,SYN-TR-0036,F2879B3F-447F-597F-B8D9-0CBF58C47571,SYN-MZ-00072,TRIAL_ENTRY,3.1999999999999997,21.566666666666666,9.153333333333334,observation_synthetic 3.csv,2528;2529;2530;2567;2568;2569;2576;2577;2578,trial_germplasm_bridge_synthetic.csv,844;857;860,10.096666666666668,90.65698250247605,False
247D8AA7-2C55-5808-9AA9-82AE4CE7FCCB,SYN-TR-0013,01BB90D3-8967-5A5C-BB61-08A07D8CD947,SYN-MZ-00026,TRIAL_ENTRY,5.733333333333333,23.566666666666666,10.299999999999999,observation_synthetic 3.csv,869;870;871;908;909;910;923;924;925,trial_germplasm_bridge_synthetic.csv,291;304;309,9.82,104.88798370672097,False
247D8AA7-2C55-5808-9AA9-82AE4CE7FCCB,SYN-TR-0013,03B42C84-51CA-5773-8E4C-295473835D66,SYN-MZ-CHK02,CHECK,4.066666666666666,21.066666666666666,9.65,observation_synthetic 3.csv,884;885;886;890;891;892;932;933;934,trial_germplasm_bridge_synthetic.csv,296;298;312,9.82,98.26883910386965,False
247D8AA7-2C55-5808-9AA9-82AE4CE7FCCB,SYN-TR-0013,151CE54D-EAED-5C4E-AB65-6E225058176E,SYN-MZ-00029,TRIAL_ENTRY,2.9333333333333336,21.433333333333334,9.796666666666667,observation_synthetic 3.csv,872;873;874;896;897;898;929;930;931,trial_germplasm_bridge_synthetic.csv,292;300;311,9.82,99.76238968092329,False
247D8AA7-2C55-5808-9AA9-82AE4CE7FCCB,SYN-TR-0013,3DFD73B3-FBE4-5BE2-878B-AEB993A47967,SYN-MZ-00030,TRIAL_ENTRY,3.0666666666666664,19.0,11.969999999999999,observation_synthetic 3.csv,878;879;880;899;900;901;917;918;919,trial_germplasm_bridge_synthetic.csv,294;301;307,9.82,121.89409368635438,False
247D8AA7-2C55-5808-9AA9-82AE4CE7FCCB,SYN-TR-0013,48766B60-7B8E-5227-9A4F-9E77EE26141C,SYN-MZ-00025,TRIAL_ENTRY,3.5666666666666664,19.8,10.82,observation_synthetic 3.csv,866;867;868;902;903;904;914;915;916,trial_germplasm_bridge_synthetic.csv,290;302;306,9.82,110.18329938900203,False
247D8AA7-2C55-5808-9AA9-82AE4CE7FCCB,SYN-TR-0013,895C37E3-3402-5903-BB78-18E139F002E0,SYN-MZ-CHK01,CHECK,4.133333333333334,20.599999999999998,9.99,observation_synthetic 3.csv,875;876;877;893;894;895;935;936;937,trial_germplasm_bridge_synthetic.csv,293;299;313,9.82,101.73116089613035,False
247D8AA7-2C55-5808-9AA9-82AE4CE7FCCB,SYN-TR-0013,BCB3BCE4-83EF-5273-AD5F-98501BE8DF60,SYN-MZ-00028,TRIAL_ENTRY,4.033333333333333,22.03333333333333,10.926666666666668,observation_synthetic 3.csv,887;888;889;911;912;913;926;927;928,trial_germplasm_bridge_synthetic.csv,297;305;310,9.82,111.26951799049559,False
247D8AA7-2C55-5808-9AA9-82AE4CE7FCCB,SYN-TR-0013,F6CDB34F-475C-5C74-9BD0-6D017DAE3754,SYN-MZ-00027,TRIAL_ENTRY,3.033333333333333,19.599999999999998,10.126666666666667,observation_synthetic 3.csv,881;882;883;905;906;907;920;921;922,trial_germplasm_bridge_synthetic.csv,295;303;308,9.82,103.12287847929396,False
24C6ACF1-7E67-5963-AE39-DB2CEFEF52D6,SYN-TR-0015,02C72F35-6DF2-535C-B881-73EEA4BDEF64,SYN-MZ-00032,TRIAL_ENTRY,3.1333333333333333,20.599999999999998,10.909999999999998,observation_synthetic 3.csv,1019;1020;1021;1055;1056;1057;1061;1062;1063,trial_germplasm_bridge_synthetic.csv,341;353;355,9.936666666666667,109.7953706809795,False
24C6ACF1-7E67-5963-AE39-DB2CEFEF52D6,SYN-TR-0015,03B42C84-51CA-5773-8E4C-295473835D66,SYN-MZ-CHK02,CHECK,3.5,20.900000000000002,9.85,observation_synthetic 3.csv,1022;1023;1024;1052;1053;1054;1073;1074;1075,trial_germplasm_bridge_synthetic.csv,342;352;359,9.936666666666667,99.12780945991277,False
24C6ACF1-7E67-5963-AE39-DB2CEFEF52D6,SYN-TR-0015,151CE54D-EAED-5C4E-AB65-6E225058176E,SYN-MZ-00029,TRIAL_ENTRY,3.1999999999999997,21.166666666666668,10.263333333333334,observation_synthetic 3.csv,1013;1014;1015;1040;1041;1042;1058;1059;1060,trial_germplasm_bridge_synthetic.csv,339;348;354,9.936666666666667,103.28748742032873,False
24C6ACF1-7E67-5963-AE39-DB2CEFEF52D6,SYN-TR-0015,3DFD73B3-FBE4-5BE2-878B-AEB993A47967,SYN-MZ-00030,TRIAL_ENTRY,3.5666666666666664,19.566666666666666,11.733333333333334,observation_synthetic 3.csv,1016;1017;1018;1043;1044;1045;1064;1065;1066,trial_germplasm_bridge_synthetic.csv,340;349;356,9.936666666666667,118.08118081180812,False
24C6ACF1-7E67-5963-AE39-DB2CEFEF52D6,SYN-TR-0015,6BC3F466-8A3A-514B-95C5-ED43F221577D,SYN-MZ-00034,TRIAL_ENTRY,6.133333333333333,19.333333333333332,11.833333333333334,observation_synthetic 3.csv,1025;1026;1027;1049;1050;1051;1067;1068;1069,trial_germplasm_bridge_synthetic.csv,343;351;357,9.936666666666667,119.08755451190876,False
24C6ACF1-7E67-5963-AE39-DB2CEFEF52D6,SYN-TR-0015,895C37E3-3402-5903-BB78-18E139F002E0,SYN-MZ-CHK01,CHECK,4.2,19.900000000000002,10.023333333333333,observation_synthetic 3.csv,1010;1011;1012;1034;1035;1036;1070;1071;1072,trial_germplasm_bridge_synthetic.csv,338;346;358,9.936666666666667,100.87219054008722,False
24C6ACF1-7E67-5963-AE39-DB2CEFEF52D6,SYN-TR-0015,CDAC1DFC-07F5-5AAA-ACF7-174A83106211,SYN-MZ-00033,TRIAL_ENTRY,3.6666666666666665,21.599999999999998,11.256666666666666,observation_synthetic 3.csv,1031;1032;1033;1037;1038;1039;1076;1077;1078,trial_germplasm_bridge_synthetic.csv,345;347;360,9.936666666666667,113.28413284132839,False
24C6ACF1-7E67-5963-AE39-DB2CEFEF52D6,SYN-TR-0015,D452B305-237F-578C-8664-5FBE4C1C73B1,SYN-MZ-00031,TRIAL_ENTRY,4.8999999999999995,19.133333333333333,9.606666666666667,observation_synthetic 3.csv,1028;1029;1030;1046;1047;1048;1079;1080;1081,trial_germplasm_bridge_synthetic.csv,344;350;361,9.936666666666667,96.6789667896679,False
304F86F2-02E3-5FF5-975F-47C6B816DB0D,SYN-TR-0027,03B42C84-51CA-5773-8E4C-295473835D66,SYN-MZ-CHK02,CHECK,3.4,22.099999999999998,10.133333333333333,observation_synthetic 3.csv,1880;1881;1882;1907;1908;1909;1940;1941;1942,trial_germplasm_bridge_synthetic.csv,628;637;648,10.079999999999998,100.52910052910053,False
304F86F2-02E3-5FF5-975F-47C6B816DB0D,SYN-TR-0027,335D7797-1267-5040-9BF3-15F2B103E058,SYN-MZ-00056,TRIAL_ENTRY,6.766666666666667,19.6,11.160000000000002,observation_synthetic 3.csv,1874;1875;1876;1916;1917;1918;1943;1944;1945,trial_germplasm_bridge_synthetic.csv,626;640;649,10.079999999999998,110.71428571428575,False
304F86F2-02E3-5FF5-975F-47C6B816DB0D,SYN-TR-0027,4C8C42C1-3F2D-5A4E-9498-4339912973B6,SYN-MZ-00054,TRIAL_ENTRY,3.1999999999999997,21.266666666666666,10.94,observation_synthetic 3.csv,1892;1893;1894;1910;1911;1912;1925;1926;1927,trial_germplasm_bridge_synthetic.csv,632;638;643,10.079999999999998,108.53174603174605,False
304F86F2-02E3-5FF5-975F-47C6B816DB0D,SYN-TR-0027,759A5D7C-67A7-5818-9E6B-4AE49EFD060E,SYN-MZ-00053,TRIAL_ENTRY,4.966666666666666,19.366666666666667,9.093333333333334,observation_synthetic 3.csv,1889;1890;1891;1913;1914;1915;1928;1929;1930,trial_germplasm_bridge_synthetic.csv,631;639;644,10.079999999999998,90.21164021164023,False
304F86F2-02E3-5FF5-975F-47C6B816DB0D,SYN-TR-0027,895C37E3-3402-5903-BB78-18E139F002E0,SYN-MZ-CHK01,CHECK,4.033333333333333,21.3,10.026666666666666,observation_synthetic 3.csv,1883;1884;1885;1898;1899;1900;1922;1923;1924,trial_germplasm_bridge_synthetic.csv,629;634;642,10.079999999999998,99.47089947089947,False
304F86F2-02E3-5FF5-975F-47C6B816DB0D,SYN-TR-0027,AA1B3880-0BFC-59AA-9F23-5D92CD2AB166,SYN-MZ-00055,TRIAL_ENTRY,4.2,21.266666666666666,10.936666666666667,observation_synthetic 3.csv,1895;1896;1897;1904;1905;1906;1934;1935;1936,trial_germplasm_bridge_synthetic.csv,633;636;646,10.079999999999998,108.49867724867727,False
304F86F2-02E3-5FF5-975F-47C6B816DB0D,SYN-TR-0027,CB3BA2FD-86CC-5ED9-964B-70C0E700498A,SYN-MZ-00058,TRIAL_ENTRY,6.633333333333333,20.099999999999998,11.37,observation_synthetic 3.csv,1877;1878;1879;1919;1920;1921;1937;1938;1939,trial_germplasm_bridge_synthetic.csv,627;641;647,10.079999999999998,112.79761904761907,False
304F86F2-02E3-5FF5-975F-47C6B816DB0D,SYN-TR-0027,DD61D49A-852D-59C9-A7F8-0A85B6E85478,SYN-MZ-00057,TRIAL_ENTRY,3.233333333333333,24.333333333333332,9.293333333333335,observation_synthetic 3.csv,1886;1887;1888;1901;1902;1903;1931;1932;1933,trial_germplasm_bridge_synthetic.csv,630;635;645,10.079999999999998,92.19576719576723,False
30CC35E3-DBE2-5DBF-BC29-8C29F12AE0F9,SYN-TR-0004,03B42C84-51CA-5773-8E4C-295473835D66,SYN-MZ-CHK02,CHECK,4.366666666666666,21.8,9.483333333333333,observation_synthetic 3.csv,233;234;235;254;255;256;281;282;283,trial_germplasm_bridge_synthetic.csv,79;86;95,9.463333333333333,100.21134202183868,True
30CC35E3-DBE2-5DBF-BC29-8C29F12AE0F9,SYN-TR-0004,080F0B64-D97A-588D-B40C-A051B359AE52,SYN-MZ-00012,TRIAL_ENTRY,5.3999999999999995,20.033333333333335,9.483333333333333,observation_synthetic 3.csv,221;222;223;251;252;253;287;288;289,trial_germplasm_bridge_synthetic.csv,75;85;97,9.463333333333333,100.21134202183868,True
30CC35E3-DBE2-5DBF-BC29-8C29F12AE0F9,SYN-TR-0004,49F400C7-67D9-53F7-8C2F-7709D22BA540,SYN-MZ-00009,TRIAL_ENTRY,3.4333333333333336,19.766666666666666,9.53,observation_synthetic 3.csv,239;240;241;248;249;250;275;276;277,trial_germplasm_bridge_synthetic.csv,81;84;93,9.463333333333333,100.70447340612891,True
30CC35E3-DBE2-5DBF-BC29-8C29F12AE0F9,SYN-TR-0004,55B846CE-0304-5467-83C6-6E6D33550CDF,SYN-MZ-00010,TRIAL_ENTRY,4.066666666666666,20.8,10.336666666666666,observation_synthetic 3.csv,227;228;229;260;261;262;278;279;280,trial_germplasm_bridge_synthetic.csv,77;88;94,9.463333333333333,109.22860162028883,True
30CC35E3-DBE2-5DBF-BC29-8C29F12AE0F9,SYN-TR-0004,8689D2D4-7776-5FC8-813D-D63017F0337E,SYN-MZ-00011,TRIAL_ENTRY,3.5,22.0,9.99,observation_synthetic 3.csv,224;225;226;242;243;244;284;285;286,trial_germplasm_bridge_synthetic.csv,76;82;96,9.463333333333333,105.56533990841847,True
30CC35E3-DBE2-5DBF-BC29-8C29F12AE0F9,SYN-TR-0004,895C37E3-3402-5903-BB78-18E139F002E0,SYN-MZ-CHK01,CHECK,4.666666666666667,21.066666666666666,9.443333333333333,observation_synthetic 3.csv,236;237;238;245;246;247;266;267;268,trial_germplasm_bridge_synthetic.csv,80;83;90,9.463333333333333,99.78865797816134,True
30CC35E3-DBE2-5DBF-BC29-8C29F12AE0F9,SYN-TR-0004,AA4D3613-B947-5291-9D6D-08AC58B282CE,SYN-MZ-00008,TRIAL_ENTRY,6.2,22.166666666666668,10.59,observation_synthetic 3.csv,218;219;220;263;264;265;272;273;274,trial_germplasm_bridge_synthetic.csv,74;89;92,9.463333333333333,111.90560056357873,True
30CC35E3-DBE2-5DBF-BC29-8C29F12AE0F9,SYN-TR-0004,B6AEF3F7-49DF-5938-A721-1C9ED30FE32D,SYN-MZ-00007,TRIAL_ENTRY,6.133333333333333,20.5,9.59,observation_synthetic 3.csv,230;231;232;257;258;259;269;270;271,trial_germplasm_bridge_synthetic.csv,78;87;91,9.463333333333333,101.33849947164495,True
314312EB-D751-5194-89A9-E1E821DFE2DD,SYN-TR-0064,03B42C84-51CA-5773-8E4C-295473835D66,SYN-MZ-CHK02,CHECK,3.3333333333333335,20.666666666666668,10.753333333333332,observation_synthetic 3.csv,4559;4560;4561;4574;4575;4576;4586;4587;4588,trial_germplasm_bridge_synthetic.csv,1521;1526;1530,10.808333333333334,99.491133384734,False
314312EB-D751-5194-89A9-E1E821DFE2DD,SYN-TR-0064,429606DB-8ABE-5CFA-9D27-93EF31C370D5,SYN-MZ-00129,TRIAL_ENTRY,6.666666666666667,18.733333333333334,9.633333333333333,observation_synthetic 3.csv,4544;4545;4546;4571;4572;4573;4589;4590;4591,trial_germplasm_bridge_synthetic.csv,1516;1525;1531,10.808333333333334,89.12875867386275,False
314312EB-D751-5194-89A9-E1E821DFE2DD,SYN-TR-0064,8040C400-F38F-5834-98D2-13FDFCC541BF,SYN-MZ-00128,TRIAL_ENTRY,7.466666666666666,22.599999999999998,9.9,observation_synthetic 3.csv,4541;4542;4543;4577;4578;4579;4595;4596;4597,trial_germplasm_bridge_synthetic.csv,1515;1527;1533,10.808333333333334,91.59599074787972,False
314312EB-D751-5194-89A9-E1E821DFE2DD,SYN-TR-0064,895C37E3-3402-5903-BB78-18E139F002E0,SYN-MZ-CHK01,CHECK,4.533333333333334,21.233333333333334,10.863333333333335,observation_synthetic 3.csv,4550;4551;4552;4580;4581;4582;4604;4605;4606,trial_germplasm_bridge_synthetic.csv,1518;1528;1536,10.808333333333334,100.50886661526602,False
314312EB-D751-5194-89A9-E1E821DFE2DD,SYN-TR-0064,A8461C6C-7A4F-54DE-9B92-9F215036C45E,SYN-MZ-00127,TRIAL_ENTRY,2.033333333333333,23.599999999999998,9.82,observation_synthetic 3.csv,4538;4539;4540;4583;4584;4585;4592;4593;4594,trial_germplasm_bridge_synthetic.csv,1514;1529;1532,10.808333333333334,90.85582112567464,False
314312EB-D751-5194-89A9-E1E821DFE2DD,SYN-TR-0064,A94988AC-50A4-515D-98DA-190B0706A5F6,SYN-MZ-00131,TRIAL_ENTRY,5.6000000000000005,23.066666666666666,11.086666666666668,observation_synthetic 3.csv,4547;4548;4549;4568;4569;4570;4598;4599;4600,trial_germplasm_bridge_synthetic.csv,1517;1524;1534,10.808333333333334,102.5751734772552,False
314312EB-D751-5194-89A9-E1E821DFE2DD,SYN-TR-0064,C9E8677D-E4B2-5B43-9A17-030646404FA5,SYN-MZ-00130,TRIAL_ENTRY,4.0,20.900000000000002,10.836666666666666,observation_synthetic 3.csv,4553;4554;4555;4562;4563;4564;4601;4602;4603,trial_germplasm_bridge_synthetic.csv,1519;1522;1535,10.808333333333334,100.26214340786429,False
314312EB-D751-5194-89A9-E1E821DFE2DD,SYN-TR-0064,EA9989C2-8AE1-5B6E-ABAA-9267432935A7,SYN-MZ-00132,TRIAL_ENTRY,5.8999999999999995,20.833333333333332,10.706666666666665,observation_synthetic 3.csv,4556;4557;4558;4565;4566;4567;4607;4608;4609,trial_germplasm_bridge_synthetic.csv,1520;1523;1537,10.808333333333334,99.05936777178101,False
397C0667-F5E7-5587-99D5-53E1517B8E17,SYN-TR-0026,03B42C84-51CA-5773-8E4C-295473835D66,SYN-MZ-CHK02,CHECK,3.3333333333333335,21.933333333333334,11.746666666666668,observation_synthetic 3.csv,1802;1803;1804;1838;1839;1840;1856;1857;1858,trial_germplasm_bridge_synthetic.csv,602;614;620,12.013333333333335,97.78024417314094,False
397C0667-F5E7-5587-99D5-53E1517B8E17,SYN-TR-0026,335D7797-1267-5040-9BF3-15F2B103E058,SYN-MZ-00056,TRIAL_ENTRY,5.566666666666666,18.333333333333332,12.473333333333334,observation_synthetic 3.csv,1814;1815;1816;1835;1836;1837;1865;1866;1867,trial_germplasm_bridge_synthetic.csv,606;613;623,12.013333333333335,103.82907880133185,False
397C0667-F5E7-5587-99D5-53E1517B8E17,SYN-TR-0026,4C8C42C1-3F2D-5A4E-9498-4339912973B6,SYN-MZ-00054,TRIAL_ENTRY,3.733333333333333,22.03333333333333,12.75,observation_synthetic 3.csv,1811;1812;1813;1847;1848;1849;1859;1860;1861,trial_germplasm_bridge_synthetic.csv,605;617;621,12.013333333333335,106.1320754716981,False
397C0667-F5E7-5587-99D5-53E1517B8E17,SYN-TR-0026,759A5D7C-67A7-5818-9E6B-4AE49EFD060E,SYN-MZ-00053,TRIAL_ENTRY,4.466666666666667,18.933333333333334,11.253333333333332,observation_synthetic 3.csv,1820;1821;1822;1826;1827;1828;1850;1851;1852,trial_germplasm_bridge_synthetic.csv,608;610;618,12.013333333333335,93.6736958934517,False
397C0667-F5E7-5587-99D5-53E1517B8E17,SYN-TR-0026,83143D05-79E7-5E13-A6B3-388172D0E91B,SYN-MZ-00052,TRIAL_ENTRY,2.6,23.933333333333334,12.533333333333333,observation_synthetic 3.csv,1823;1824;1825;1844;1845;1846;1871;1872;1873,trial_germplasm_bridge_synthetic.csv,609;616;625,12.013333333333335,104.32852386237512,False
397C0667-F5E7-5587-99D5-53E1517B8E17,SYN-TR-0026,895C37E3-3402-5903-BB78-18E139F002E0,SYN-MZ-CHK01,CHECK,4.633333333333334,19.766666666666666,12.280000000000001,observation_synthetic 3.csv,1808;1809;1810;1832;1833;1834;1868;1869;1870,trial_germplasm_bridge_synthetic.csv,604;612;624,12.013333333333335,102.21975582685903,False
397C0667-F5E7-5587-99D5-53E1517B8E17,SYN-TR-0026,8E68A5E4-3124-5DE1-83AC-BC1848ADCF30,SYN-MZ-00051,TRIAL_ENTRY,4.1000000000000005,22.400000000000002,13.39,observation_synthetic 3.csv,1817;1818;1819;1841;1842;1843;1853;1854;1855,trial_germplasm_bridge_synthetic.csv,607;615;619,12.013333333333335,111.4594894561598,False
397C0667-F5E7-5587-99D5-53E1517B8E17,SYN-TR-0026,AA1B3880-0BFC-59AA-9F23-5D92CD2AB166,SYN-MZ-00055,TRIAL_ENTRY,4.3999999999999995,21.733333333333334,12.826666666666668,observation_synthetic 3.csv,1805;1806;1807;1829;1830;1831;1862;1863;1864,trial_germplasm_bridge_synthetic.csv,603;611;622,12.013333333333335,106.77025527192008,False
3FD04973-9AF4-5853-9644-4BB618BFCA5F,SYN-TR-0019,03B42C84-51CA-5773-8E4C-295473835D66,SYN-MZ-CHK02,CHECK,3.966666666666667,21.099999999999998,9.793333333333333,observation_synthetic 3.csv,1301;1302;1303;1331;1332;1333;1349;1350;1351,trial_germplasm_bridge_synthetic.csv,435;445;451,9.611666666666666,101.89006415814114,False
3FD04973-9AF4-5853-9644-4BB618BFCA5F,SYN-TR-0019,0AF976E8-609F-54B4-93A9-F5FFB2C89CC2,SYN-MZ-00042,TRIAL_ENTRY,6.466666666666666,21.133333333333333,8.726666666666667,observation_synthetic 3.csv,1304;1305;1306;1343;1344;1345;1367;1368;1369,trial_germplasm_bridge_synthetic.csv,436;449;457,9.611666666666666,90.79243974336744,False
3FD04973-9AF4-5853-9644-4BB618BFCA5F,SYN-TR-0019,1D8B5ABD-A06B-5E37-8158-A9DB10FE3BE6,SYN-MZ-00038,TRIAL_ENTRY,5.966666666666666,21.866666666666664,11.07,observation_synthetic 3.csv,1298;1299;1300;1337;1338;1339;1346;1347;1348,trial_germplasm_bridge_synthetic.csv,434;447;450,9.611666666666666,115.17253337957344,False
3FD04973-9AF4-5853-9644-4BB618BFCA5F,SYN-TR-0019,420901AD-1690-56B1-A54B-E45F7104461D,SYN-MZ-00041,TRIAL_ENTRY,6.3,20.066666666666666,8.03,observation_synthetic 3.csv,1307;1308;1309;1325;1326;1327;1355;1356;1357,trial_germplasm_bridge_synthetic.csv,437;443;453,9.611666666666666,83.54430379746834,False
3FD04973-9AF4-5853-9644-4BB618BFCA5F,SYN-TR-0019,8557A22F-14B2-5381-8DF2-0E4F62B7D0FD,SYN-MZ-00040,TRIAL_ENTRY,3.733333333333333,21.7,10.536666666666667,observation_synthetic 3.csv,1316;1317;1318;1340;1341;1342;1361;1362;1363,trial_germplasm_bridge_synthetic.csv,440;448;455,9.611666666666666,109.62372117218659,False
3FD04973-9AF4-5853-9644-4BB618BFCA5F,SYN-TR-0019,895C37E3-3402-5903-BB78-18E139F002E0,SYN-MZ-CHK01,CHECK,4.333333333333333,21.233333333333334,9.43,observation_synthetic 3.csv,1310;1311;1312;1328;1329;1330;1358;1359;1360,trial_germplasm_bridge_synthetic.csv,438;444;454,9.611666666666666,98.10993584185886,False
3FD04973-9AF4-5853-9644-4BB618BFCA5F,SYN-TR-0019,A60C347B-ED09-5433-86AE-8FA97C612F60,SYN-MZ-00039,TRIAL_ENTRY,2.766666666666667,21.8,9.183333333333334,observation_synthetic 3.csv,1313;1314;1315;1334;1335;1336;1352;1353;1354,trial_germplasm_bridge_synthetic.csv,439;446;452,9.611666666666666,95.54361019594243,False
3FD04973-9AF4-5853-9644-4BB618BFCA5F,SYN-TR-0019,F883E21C-4C88-5C86-BDED-808DCF101BE6,SYN-MZ-00037,TRIAL_ENTRY,3.9333333333333336,20.733333333333334,10.126666666666667,observation_synthetic 3.csv,1319;1320;1321;1322;1323;1324;1364;1365;1366,trial_germplasm_bridge_synthetic.csv,441;442;456,9.611666666666666,105.35807178775795,False
40BB3CDA-9BC1-5C30-BE8A-42645232E84F,SYN-TR-0055,03B42C84-51CA-5773-8E4C-295473835D66,SYN-MZ-CHK02,CHECK,3.9,22.0,9.883333333333333,observation_synthetic 3.csv,3899;3900;3901;3920;3921;3922;3941;3942;3943,trial_germplasm_bridge_synthetic.csv,1301;1308;1315,9.761666666666667,101.24637186272835,False
40BB3CDA-9BC1-5C30-BE8A-42645232E84F,SYN-TR-0055,0A671382-D5A5-5B91-99A7-A870223273AB,SYN-MZ-00113,TRIAL_ENTRY,6.3,21.633333333333336,11.01,observation_synthetic 3.csv,3908;3909;3910;3917;3918;3919;3956;3957;3958,trial_germplasm_bridge_synthetic.csv,1304;1307;1320,9.761666666666667,112.78811678333618,False
40BB3CDA-9BC1-5C30-BE8A-42645232E84F,SYN-TR-0055,0A8854E8-E6EA-5138-8958-FCD031174CF5,SYN-MZ-00110,TRIAL_ENTRY,3.033333333333333,19.3,10.2,observation_synthetic 3.csv,3893;3894;3895;3929;3930;3931;3950;3951;3952,trial_germplasm_bridge_synthetic.csv,1299;1311;1318,9.761666666666667,104.49035342325422,False
40BB3CDA-9BC1-5C30-BE8A-42645232E84F,SYN-TR-0055,4496507C-64F4-593E-B7C9-34EC243D266E,SYN-MZ-00109,TRIAL_ENTRY,2.3333333333333335,25.133333333333336,8.886666666666667,observation_synthetic 3.csv,3905;3906;3907;3926;3927;3928;3938;3939;3940,trial_germplasm_bridge_synthetic.csv,1303;1310;1314,9.761666666666667,91.03636674065221,False
40BB3CDA-9BC1-5C30-BE8A-42645232E84F,SYN-TR-0055,895C37E3-3402-5903-BB78-18E139F002E0,SYN-MZ-CHK01,CHECK,3.8333333333333335,20.5,9.64,observation_synthetic 3.csv,3896;3897;3898;3923;3924;3925;3944;3945;3946,trial_germplasm_bridge_synthetic.csv,1300;1309;1316,9.761666666666667,98.75362813727165,False
40BB3CDA-9BC1-5C30-BE8A-42645232E84F,SYN-TR-0055,99337C26-0663-56BF-961D-4B45304F60CB,SYN-MZ-00112,TRIAL_ENTRY,3.4,20.766666666666666,8.303333333333333,observation_synthetic 3.csv,3890;3891;3892;3935;3936;3937;3947;3948;3949,trial_germplasm_bridge_synthetic.csv,1298;1313;1317,9.761666666666667,85.06061123442035,False
40BB3CDA-9BC1-5C30-BE8A-42645232E84F,SYN-TR-0055,E7D39DA7-7E5D-57F9-9DDB-1CF3E505EFB5,SYN-MZ-00111,TRIAL_ENTRY,2.6999999999999997,23.266666666666666,9.356666666666667,observation_synthetic 3.csv,3902;3903;3904;3932;3933;3934;3959;3960;3961,trial_germplasm_bridge_synthetic.csv,1302;1312;1321,9.761666666666667,95.85111831995903,False
40BB3CDA-9BC1-5C30-BE8A-42645232E84F,SYN-TR-0055,EA1A8089-DDED-5385-9EA5-239A2F522931,SYN-MZ-00114,TRIAL_ENTRY,2.733333333333333,22.333333333333332,8.2,observation_synthetic 3.csv,3911;3912;3913;3914;3915;3916;3953;3954;3955,trial_germplasm_bridge_synthetic.csv,1305;1306;1319,9.761666666666667,84.00204883045927,False
465ECE88-3215-56AF-921E-D519F904F863,SYN-TR-0007,03B42C84-51CA-5773-8E4C-295473835D66,SYN-MZ-CHK02,CHECK,3.9,21.766666666666666,9.606666666666667,observation_synthetic 3.csv,455;456;457;479;480;481;497;498;499,trial_germplasm_bridge_synthetic.csv,153;161;167,9.818333333333333,97.84416907146496,False
465ECE88-3215-56AF-921E-D519F904F863,SYN-TR-0007,0ABDF50B-E599-5A0E-AAD7-B3801C204FEF,SYN-MZ-00013,TRIAL_ENTRY,4.166666666666667,19.7,10.446666666666667,observation_synthetic 3.csv,443;444;445;476;477;478;482;483;484,trial_germplasm_bridge_synthetic.csv,149;160;162,9.818333333333333,106.39959259887965,False
465ECE88-3215-56AF-921E-D519F904F863,SYN-TR-0007,5A705A98-7EAC-500C-AD19-08E66229D28F,SYN-MZ-00017,TRIAL_ENTRY,5.466666666666666,19.633333333333333,9.14,observation_synthetic 3.csv,434;435;436;470;471;472;491;492;493,trial_germplasm_bridge_synthetic.csv,146;158;165,9.818333333333333,93.091156000679,False
465ECE88-3215-56AF-921E-D519F904F863,SYN-TR-0007,62C92069-66BF-5B0B-ADBA-8D0357CE459C,SYN-MZ-00018,TRIAL_ENTRY,6.2,21.066666666666666,9.933333333333334,observation_synthetic 3.csv,449;450;451;458;459;460;500;501;502,trial_germplasm_bridge_synthetic.csv,151;154;168,9.818333333333333,101.17127822101511,False
465ECE88-3215-56AF-921E-D519F904F863,SYN-TR-0007,895C37E3-3402-5903-BB78-18E139F002E0,SYN-MZ-CHK01,CHECK,4.1000000000000005,20.0,10.03,observation_synthetic 3.csv,440;441;442;473;474;475;485;486;487,trial_germplasm_bridge_synthetic.csv,148;159;163,9.818333333333333,102.15583092853504,False
465ECE88-3215-56AF-921E-D519F904F863,SYN-TR-0007,99EE49D0-F7F6-53CE-8FC9-ACF251077CD3,SYN-MZ-00014,TRIAL_ENTRY,2.2666666666666666,21.133333333333336,8.703333333333333,observation_synthetic 3.csv,452;453;454;461;462;463;503;504;505,trial_germplasm_bridge_synthetic.csv,152;155;169,9.818333333333333,88.64369377015785,False
465ECE88-3215-56AF-921E-D519F904F863,SYN-TR-0007,B9868147-0FE8-5766-9C66-DD78C3C1EBB4,SYN-MZ-00015,TRIAL_ENTRY,4.533333333333333,22.96666666666667,11.296666666666667,observation_synthetic 3.csv,437;438;439;464;465;466;488;489;490,trial_germplasm_bridge_synthetic.csv,147;156;164,9.818333333333333,115.05686640638262,False
465ECE88-3215-56AF-921E-D519F904F863,SYN-TR-0007,EE1AC5CF-17E4-5D7C-BA29-EA983FBBF170,SYN-MZ-00016,TRIAL_ENTRY,3.266666666666667,19.599999999999998,9.043333333333333,observation_synthetic 3.csv,446;447;448;467;468;469;494;495;496,trial_germplasm_bridge_synthetic.csv,150;157;166,9.818333333333333,92.10660329315905,False
4B8275DF-28A3-5A0F-9D23-DE7417ED241C,SYN-TR-0033,03B42C84-51CA-5773-8E4C-295473835D66,SYN-MZ-CHK02,CHECK,4.233333333333333,21.46666666666667,10.023333333333333,observation_synthetic 3.csv,2324;2325;2326;2333;2334;2335;2369;2370;2371,trial_germplasm_bridge_synthetic.csv,776;779;791,9.908333333333333,101.16063919259882,False
4B8275DF-28A3-5A0F-9D23-DE7417ED241C,SYN-TR-0033,07784854-7BC7-5ECA-BDD4-CACF4FB75117,SYN-MZ-00066,TRIAL_ENTRY,3.3666666666666667,19.533333333333335,11.92,observation_synthetic 3.csv,2321;2322;2323;2351;2352;2353;2363;2364;2365,trial_germplasm_bridge_synthetic.csv,775;785;789,9.908333333333333,120.30277544154752,False
4B8275DF-28A3-5A0F-9D23-DE7417ED241C,SYN-TR-0033,13F23BCD-52EF-574F-ACC6-7AB94AFF9049,SYN-MZ-00067,TRIAL_ENTRY,2.6666666666666665,20.5,10.37,observation_synthetic 3.csv,2306;2307;2308;2330;2331;2332;2360;2361;2362,trial_germplasm_bridge_synthetic.csv,770;778;788,9.908333333333333,104.65937762825904,False
4B8275DF-28A3-5A0F-9D23-DE7417ED241C,SYN-TR-0033,1BC27665-96A3-5886-8EDB-570805D8AC2B,SYN-MZ-00070,TRIAL_ENTRY,5.6000000000000005,24.900000000000002,9.773333333333333,observation_synthetic 3.csv,2312;2313;2314;2336;2337;2338;2366;2367;2368,trial_germplasm_bridge_synthetic.csv,772;780;790,9.908333333333333,98.63751051303618,False
4B8275DF-28A3-5A0F-9D23-DE7417ED241C,SYN-TR-0033,30AE404E-D939-5FBD-8E73-82C169F926FA,SYN-MZ-00069,TRIAL_ENTRY,4.8999999999999995,20.833333333333332,10.533333333333333,observation_synthetic 3.csv,2318;2319;2320;2339;2340;2341;2357;2358;2359,trial_germplasm_bridge_synthetic.csv,774;781;787,9.908333333333333,106.30782169890664,False
4B8275DF-28A3-5A0F-9D23-DE7417ED241C,SYN-TR-0033,895C37E3-3402-5903-BB78-18E139F002E0,SYN-MZ-CHK01,CHECK,4.066666666666666,21.266666666666666,9.793333333333333,observation_synthetic 3.csv,2315;2316;2317;2342;2343;2344;2372;2373;2374,trial_germplasm_bridge_synthetic.csv,773;782;792,9.908333333333333,98.83936080740118,False
4B8275DF-28A3-5A0F-9D23-DE7417ED241C,SYN-TR-0033,97E544B0-E0F2-5A44-8A8C-DF6E49262D21,SYN-MZ-00068,TRIAL_ENTRY,4.1000000000000005,19.833333333333332,8.896666666666667,observation_synthetic 3.csv,2309;2310;2311;2345;2346;2347;2375;2376;2377,trial_germplasm_bridge_synthetic.csv,771;783;793,9.908333333333333,89.7897392767031,False
4B8275DF-28A3-5A0F-9D23-DE7417ED241C,SYN-TR-0033,AF23A561-1794-5CA1-B10C-3628EECCF466,SYN-MZ-00065,TRIAL_ENTRY,5.566666666666666,19.400000000000002,10.176666666666668,observation_synthetic 3.csv,2327;2328;2329;2348;2349;2350;2354;2355;2356,trial_germplasm_bridge_synthetic.csv,777;784;786,9.908333333333333,102.70815811606393,False
4D94D6B3-8ADD-5660-BE38-D6DF4D8B0E2D,SYN-TR-0011,01BB90D3-8967-5A5C-BB61-08A07D8CD947,SYN-MZ-00026,TRIAL_ENTRY,5.8,23.900000000000002,10.103333333333333,observation_synthetic 3.csv,734;735;736;764;765;766;776;777;778,trial_germplasm_bridge_synthetic.csv,246;256;260,9.99,101.13446780113446,False
4D94D6B3-8ADD-5660-BE38-D6DF4D8B0E2D,SYN-TR-0011,03B42C84-51CA-5773-8E4C-295473835D66,SYN-MZ-CHK02,CHECK,3.9,21.666666666666668,9.926666666666668,observation_synthetic 3.csv,725;726;727;767;768;769;782;783;784,trial_germplasm_bridge_synthetic.csv,243;257;262,9.99,99.36603269936604,False
4D94D6B3-8ADD-5660-BE38-D6DF4D8B0E2D,SYN-TR-0011,1A9526DC-BD8E-563C-9E4A-9481E88601A5,SYN-MZ-00021,TRIAL_ENTRY,5.633333333333333,20.166666666666668,9.030000000000001,observation_synthetic 3.csv,722;723;724;746;747;748;791;792;793,trial_germplasm_bridge_synthetic.csv,242;250;265,9.99,90.3903903903904,False
4D94D6B3-8ADD-5660-BE38-D6DF4D8B0E2D,SYN-TR-0011,48766B60-7B8E-5227-9A4F-9E77EE26141C,SYN-MZ-00025,TRIAL_ENTRY,3.466666666666667,19.633333333333333,10.99,observation_synthetic 3.csv,740;741;742;761;762;763;770;771;772,trial_germplasm_bridge_synthetic.csv,248;255;258,9.99,110.01001001001,False
4D94D6B3-8ADD-5660-BE38-D6DF4D8B0E2D,SYN-TR-0011,6E503269-36A0-59E5-B29F-D2C65C57CAD6,SYN-MZ-00022,TRIAL_ENTRY,6.633333333333333,19.900000000000002,9.816666666666668,observation_synthetic 3.csv,743;744;745;758;759;760;785;786;787,trial_germplasm_bridge_synthetic.csv,249;254;263,9.99,98.26493159826495,False
4D94D6B3-8ADD-5660-BE38-D6DF4D8B0E2D,SYN-TR-0011,895C37E3-3402-5903-BB78-18E139F002E0,SYN-MZ-CHK01,CHECK,3.9333333333333336,21.766666666666666,10.053333333333333,observation_synthetic 3.csv,737;738;739;749;750;751;788;789;790,trial_germplasm_bridge_synthetic.csv,247;251;264,9.99,100.63396730063396,False
4D94D6B3-8ADD-5660-BE38-D6DF4D8B0E2D,SYN-TR-0011,D41ABD3A-44E1-5B49-8488-2C6805F30B64,SYN-MZ-00023,TRIAL_ENTRY,3.533333333333333,19.033333333333335,9.863333333333332,observation_synthetic 3.csv,728;729;730;755;756;757;779;780;781,trial_germplasm_bridge_synthetic.csv,244;253;261,9.99,98.73206539873205,False
4D94D6B3-8ADD-5660-BE38-D6DF4D8B0E2D,SYN-TR-0011,E568186B-E969-5A74-8996-D72CACB495FD,SYN-MZ-00024,TRIAL_ENTRY,2.066666666666667,21.366666666666664,10.520000000000001,observation_synthetic 3.csv,731;732;733;752;753;754;773;774;775,trial_germplasm_bridge_synthetic.csv,245;252;259,9.99,105.30530530530532,False
4F83DA39-DBDB-5D2D-9B22-6EDAD3D74AA8,SYN-TR-0072,03B42C84-51CA-5773-8E4C-295473835D66,SYN-MZ-CHK02,CHECK,3.9333333333333336,21.666666666666668,10.286666666666667,observation_synthetic 3.csv,5132;5133;5134;5153;5154;5155;5168;5169;5170,trial_germplasm_bridge_synthetic.csv,1712;1719;1724,10.328333333333333,99.5965789898338,False
4F83DA39-DBDB-5D2D-9B22-6EDAD3D74AA8,SYN-TR-0072,1CEB7127-A7F9-58EA-AD95-89A5CC12EA06,SYN-MZ-00146,TRIAL_ENTRY,3.9000000000000004,20.966666666666665,11.89,observation_synthetic 3.csv,5135;5136;5137;5159;5160;5161;5177;5178;5179,trial_germplasm_bridge_synthetic.csv,1713;1721;1727,10.328333333333333,115.12021946102954,False
4F83DA39-DBDB-5D2D-9B22-6EDAD3D74AA8,SYN-TR-0072,32AF3857-19CC-5F20-B54E-D3EF4EB2E05B,SYN-MZ-00143,TRIAL_ENTRY,6.366666666666667,20.066666666666666,10.913333333333334,observation_synthetic 3.csv,5117;5118;5119;5150;5151;5152;5180;5181;5182,trial_germplasm_bridge_synthetic.csv,1707;1718;1728,10.328333333333333,105.66403098273359,False
4F83DA39-DBDB-5D2D-9B22-6EDAD3D74AA8,SYN-TR-0072,52DC85E8-1E39-59B3-A1FB-FEC6604E17E3,SYN-MZ-00148,TRIAL_ENTRY,2.5,18.7,11.049999999999999,observation_synthetic 3.csv,5114;5115;5116;5138;5139;5140;5171;5172;5173,trial_germplasm_bridge_synthetic.csv,1706;1714;1725,10.328333333333333,106.98725189607875,False
4F83DA39-DBDB-5D2D-9B22-6EDAD3D74AA8,SYN-TR-0072,895C37E3-3402-5903-BB78-18E139F002E0,SYN-MZ-CHK01,CHECK,5.133333333333334,21.166666666666668,10.37,observation_synthetic 3.csv,5129;5130;5131;5156;5157;5158;5183;5184;5185,trial_germplasm_bridge_synthetic.csv,1711;1720;1729,10.328333333333333,100.40342101016621,False
4F83DA39-DBDB-5D2D-9B22-6EDAD3D74AA8,SYN-TR-0072,B3658393-C684-5F89-B232-1E8645DAC209,SYN-MZ-00147,TRIAL_ENTRY,3.1999999999999997,20.766666666666666,11.049999999999999,observation_synthetic 3.csv,5123;5124;5125;5147;5148;5149;5174;5175;5176,trial_germplasm_bridge_synthetic.csv,1709;1717;1726,10.328333333333333,106.98725189607875,False
4F83DA39-DBDB-5D2D-9B22-6EDAD3D74AA8,SYN-TR-0072,B7858025-7776-5C12-B209-88B3225A9E24,SYN-MZ-00145,TRIAL_ENTRY,3.9666666666666663,21.233333333333334,9.186666666666667,observation_synthetic 3.csv,5126;5127;5128;5141;5142;5143;5165;5166;5167,trial_germplasm_bridge_synthetic.csv,1710;1715;1723,10.328333333333333,88.94626432144587,False
4F83DA39-DBDB-5D2D-9B22-6EDAD3D74AA8,SYN-TR-0072,E5CE3662-1D34-5A4A-AAD6-8F5B9A767126,SYN-MZ-00144,TRIAL_ENTRY,2.4,18.900000000000002,11.483333333333334,observation_synthetic 3.csv,5120;5121;5122;5144;5145;5146;5162;5163;5164,trial_germplasm_bridge_synthetic.csv,1708;1716;1722,10.328333333333333,111.18283040180734,False
508C3FA5-26D3-570B-B415-4B1B3FCF3271,SYN-TR-0070,03B42C84-51CA-5773-8E4C-295473835D66,SYN-MZ-CHK02,CHECK,4.166666666666667,22.133333333333336,10.773333333333333,observation_synthetic 3.csv,4976;4977;4978;5015;5016;5017;5018;5019;5020,trial_germplasm_bridge_synthetic.csv,1660;1673;1674,10.726666666666667,100.43505282784338,False
508C3FA5-26D3-570B-B415-4B1B3FCF3271,SYN-TR-0070,32AF3857-19CC-5F20-B54E-D3EF4EB2E05B,SYN-MZ-00143,TRIAL_ENTRY,6.6000000000000005,19.900000000000002,11.313333333333333,observation_synthetic 3.csv,4970;4971;4972;5006;5007;5008;5024;5025;5026,trial_germplasm_bridge_synthetic.csv,1658;1670;1676,10.726666666666667,105.46923555003107,False
508C3FA5-26D3-570B-B415-4B1B3FCF3271,SYN-TR-0070,895C37E3-3402-5903-BB78-18E139F002E0,SYN-MZ-CHK01,CHECK,4.3,21.46666666666667,10.68,observation_synthetic 3.csv,4973;4974;4975;5012;5013;5014;5021;5022;5023,trial_germplasm_bridge_synthetic.csv,1659;1672;1675,10.726666666666667,99.56494717215662,False
508C3FA5-26D3-570B-B415-4B1B3FCF3271,SYN-TR-0070,A851DD56-866F-5923-B0A6-19BDB0B11A8B,SYN-MZ-00141,TRIAL_ENTRY,3.4333333333333336,17.96666666666667,11.636666666666665,observation_synthetic 3.csv,4985;4986;4987;4997;4998;4999;5027;5028;5029,trial_germplasm_bridge_synthetic.csv,1663;1667;1677,10.726666666666667,108.48353014294591,False
508C3FA5-26D3-570B-B415-4B1B3FCF3271,SYN-TR-0070,CBC9BD95-73A5-59BF-BCFD-F30992314688,SYN-MZ-00140,TRIAL_ENTRY,2.566666666666667,20.866666666666667,10.026666666666666,observation_synthetic 3.csv,4988;4989;4990;5003;5004;5005;5033;5034;5035,trial_germplasm_bridge_synthetic.csv,1664;1669;1679,10.726666666666667,93.47420758234927,False
508C3FA5-26D3-570B-B415-4B1B3FCF3271,SYN-TR-0070,DB0593B1-E991-5A37-B5FA-BC3E7A2016F1,SYN-MZ-00142,TRIAL_ENTRY,4.566666666666667,21.133333333333336,10.156666666666666,observation_synthetic 3.csv,4982;4983;4984;4994;4995;4996;5030;5031;5032,trial_germplasm_bridge_synthetic.csv,1662;1666;1678,10.726666666666667,94.68614045991299,False
508C3FA5-26D3-570B-B415-4B1B3FCF3271,SYN-TR-0070,E1CFB207-FA7D-5CE8-936D-2B35530B6FCB,SYN-MZ-00139,TRIAL_ENTRY,3.1999999999999997,22.566666666666666,11.219999999999999,observation_synthetic 3.csv,4991;4992;4993;5009;5010;5011;5039;5040;5041,trial_germplasm_bridge_synthetic.csv,1665;1671;1681,10.726666666666667,104.59912989434432,False
508C3FA5-26D3-570B-B415-4B1B3FCF3271,SYN-TR-0070,E5CE3662-1D34-5A4A-AAD6-8F5B9A767126,SYN-MZ-00144,TRIAL_ENTRY,2.566666666666667,18.5,12.146666666666667,observation_synthetic 3.csv,4979;4980;4981;5000;5001;5002;5036;5037;5038,trial_germplasm_bridge_synthetic.csv,1661;1668;1680,10.726666666666667,113.23803604723432,False
5197D362-E679-5D80-87CC-8B3534632DA0,SYN-TR-0003,03B42C84-51CA-5773-8E4C-295473835D66,SYN-MZ-CHK02,CHECK,3.7000000000000006,21.2,9.706666666666665,observation_synthetic 3.csv,158;159;160;179;180;181;212;213;214,trial_germplasm_bridge_synthetic.csv,54;61;72,9.504999999999999,102.12169033841838,False
5197D362-E679-5D80-87CC-8B3534632DA0,SYN-TR-0003,2B7C0193-8AD2-5132-90D6-EC0125159542,SYN-MZ-00006,TRIAL_ENTRY,5.3,18.666666666666668,10.856666666666667,observation_synthetic 3.csv,161;162;163;176;177;178;209;210;211,trial_germplasm_bridge_synthetic.csv,55;60;71,9.504999999999999,114.22058565667194,False
5197D362-E679-5D80-87CC-8B3534632DA0,SYN-TR-0003,49F400C7-67D9-53F7-8C2F-7709D22BA540,SYN-MZ-00009,TRIAL_ENTRY,2.6666666666666665,19.53333333333333,9.803333333333333,observation_synthetic 3.csv,155;156;157;170;171;172;203;204;205,trial_germplasm_bridge_synthetic.csv,53;58;69,9.504999999999999,103.13869893038752,False
5197D362-E679-5D80-87CC-8B3534632DA0,SYN-TR-0003,55B846CE-0304-5467-83C6-6E6D33550CDF,SYN-MZ-00010,TRIAL_ENTRY,3.9,21.133333333333333,11.036666666666667,observation_synthetic 3.csv,149;150;151;191;192;193;206;207;208,trial_germplasm_bridge_synthetic.csv,51;65;70,9.504999999999999,116.11432579344206,False
5197D362-E679-5D80-87CC-8B3534632DA0,SYN-TR-0003,895C37E3-3402-5903-BB78-18E139F002E0,SYN-MZ-CHK01,CHECK,4.333333333333333,21.266666666666666,9.303333333333333,observation_synthetic 3.csv,167;168;169;182;183;184;194;195;196,trial_germplasm_bridge_synthetic.csv,57;62;66,9.504999999999999,97.87830966158162,False
5197D362-E679-5D80-87CC-8B3534632DA0,SYN-TR-0003,AA4D3613-B947-5291-9D6D-08AC58B282CE,SYN-MZ-00008,TRIAL_ENTRY,6.366666666666667,22.666666666666668,10.326666666666666,observation_synthetic 3.csv,152;153;154;173;174;175;200;201;202,trial_germplasm_bridge_synthetic.csv,52;59;68,9.504999999999999,108.64457303173768,False
5197D362-E679-5D80-87CC-8B3534632DA0,SYN-TR-0003,B6AEF3F7-49DF-5938-A721-1C9ED30FE32D,SYN-MZ-00007,TRIAL_ENTRY,6.233333333333333,20.933333333333334,10.703333333333333,observation_synthetic 3.csv,164;165;166;188;189;190;215;216;217,trial_germplasm_bridge_synthetic.csv,56;64;73,9.504999999999999,112.60739961423812,False
5197D362-E679-5D80-87CC-8B3534632DA0,SYN-TR-0003,E4CFF24E-3AF0-5FBA-9562-C4393CD711EA,SYN-MZ-00005,TRIAL_ENTRY,2.3333333333333335,19.833333333333332,10.903333333333334,observation_synthetic 3.csv,146;147;148;185;186;187;197;198;199,trial_germplasm_bridge_synthetic.csv,50;63;67,9.504999999999999,114.7115553217605,False
5361C32D-C07B-5D93-A589-66492ED15074,SYN-TR-0066,03B42C84-51CA-5773-8E4C-295473835D66,SYN-MZ-CHK02,CHECK,3.3333333333333335,21.599999999999998,8.833333333333334,observation_synthetic 3.csv,4694;4695;4696;4715;4716;4717;4730;4731;4732,trial_germplasm_bridge_synthetic.csv,1566;1573;1578,8.63,102.35612205484743,True
5361C32D-C07B-5D93-A589-66492ED15074,SYN-TR-0066,209BD3AD-17D6-5EF4-AB69-737AAC8CEEDB,SYN-MZ-00136,TRIAL_ENTRY,2.766666666666667,18.03333333333333,9.799999999999999,observation_synthetic 3.csv,4688;4689;4690;4724;4725;4726;4751;4752;4753,trial_germplasm_bridge_synthetic.csv,1564;1576;1585,8.63,113.55735805330241,True
5361C32D-C07B-5D93-A589-66492ED15074,SYN-TR-0066,2C90876A-3033-52FD-A2B0-D7957122C89B,SYN-MZ-00134,TRIAL_ENTRY,5.2,18.7,8.33,observation_synthetic 3.csv,4700;4701;4702;4706;4707;4708;4748;4749;4750,trial_germplasm_bridge_synthetic.csv,1568;1570;1584,8.63,96.52375434530705,True
5361C32D-C07B-5D93-A589-66492ED15074,SYN-TR-0066,4521A948-8DB4-57C9-AD7A-DE07CBC7D66A,SYN-MZ-00135,TRIAL_ENTRY,3.0,19.599999999999998,10.723333333333334,observation_synthetic 3.csv,4703;4704;4705;4727;4728;4729;4742;4743;4744,trial_germplasm_bridge_synthetic.csv,1569;1577;1582,8.63,124.2564696794129,True
5361C32D-C07B-5D93-A589-66492ED15074,SYN-TR-0066,4FF93F22-1CD9-5FC7-BB9E-3A854E35348C,SYN-MZ-00133,TRIAL_ENTRY,7.133333333333333,21.599999999999998,7.09,observation_synthetic 3.csv,4685;4686;4687;4718;4719;4720;4733;4734;4735,trial_germplasm_bridge_synthetic.csv,1563;1574;1579,8.63,82.1552723059096,True
5361C32D-C07B-5D93-A589-66492ED15074,SYN-TR-0066,895C37E3-3402-5903-BB78-18E139F002E0,SYN-MZ-CHK01,CHECK,4.366666666666667,21.0,8.426666666666668,observation_synthetic 3.csv,4682;4683;4684;4709;4710;4711;4739;4740;4741,trial_germplasm_bridge_synthetic.csv,1562;1571;1581,8.63,97.64387794515257,True
5361C32D-C07B-5D93-A589-66492ED15074,SYN-TR-0066,A94988AC-50A4-515D-98DA-190B0706A5F6,SYN-MZ-00131,TRIAL_ENTRY,6.233333333333333,22.96666666666667,8.709999999999999,observation_synthetic 3.csv,4691;4692;4693;4721;4722;4723;4736;4737;4738,trial_germplasm_bridge_synthetic.csv,1565;1575;1580,8.63,100.92699884125143,True
5361C32D-C07B-5D93-A589-66492ED15074,SYN-TR-0066,EA9989C2-8AE1-5B6E-ABAA-9267432935A7,SYN-MZ-00132,TRIAL_ENTRY,5.7,20.833333333333332,8.553333333333333,observation_synthetic 3.csv,4697;4698;4699;4712;4713;4714;4745;4746;4747,trial_germplasm_bridge_synthetic.csv,1567;1572;1583,8.63,99.11162611046734,True
56218FE2-F83F-5AE1-B05B-88E351B6DEDD,SYN-TR-0068,03B42C84-51CA-5773-8E4C-295473835D66,SYN-MZ-CHK02,CHECK,3.9333333333333336,21.833333333333332,11.653333333333334,observation_synthetic 3.csv,4829;4830;4831;4853;4854;4855;4886;4887;4888,trial_germplasm_bridge_synthetic.csv,1611;1619;1630,11.731666666666667,99.33229151868164,False
56218FE2-F83F-5AE1-B05B-88E351B6DEDD,SYN-TR-0068,209BD3AD-17D6-5EF4-AB69-737AAC8CEEDB,SYN-MZ-00136,TRIAL_ENTRY,2.4,17.8,12.223333333333334,observation_synthetic 3.csv,4835;4836;4837;4868;4869;4870;4880;4881;4882,trial_germplasm_bridge_synthetic.csv,1613;1624;1628,11.731666666666667,104.19093621253019,False
56218FE2-F83F-5AE1-B05B-88E351B6DEDD,SYN-TR-0068,21CB14E4-98B8-5908-8539-D73D75F044FB,SYN-MZ-00138,TRIAL_ENTRY,3.4333333333333336,22.266666666666666,11.75,observation_synthetic 3.csv,4844;4845;4846;4865;4866;4867;4874;4875;4876,trial_germplasm_bridge_synthetic.csv,1616;1623;1626,11.731666666666667,100.15627219775536,False
56218FE2-F83F-5AE1-B05B-88E351B6DEDD,SYN-TR-0068,4521A948-8DB4-57C9-AD7A-DE07CBC7D66A,SYN-MZ-00135,TRIAL_ENTRY,2.3000000000000003,20.3,13.256666666666666,observation_synthetic 3.csv,4838;4839;4840;4871;4872;4873;4883;4884;4885,trial_germplasm_bridge_synthetic.csv,1614;1625;1629,11.731666666666667,112.99900554055972,False
56218FE2-F83F-5AE1-B05B-88E351B6DEDD,SYN-TR-0068,895C37E3-3402-5903-BB78-18E139F002E0,SYN-MZ-CHK01,CHECK,3.9666666666666663,21.333333333333332,11.81,observation_synthetic 3.csv,4841;4842;4843;4859;4860;4861;4877;4878;4879,trial_germplasm_bridge_synthetic.csv,1615;1621;1627,11.731666666666667,100.66770848131836,False
56218FE2-F83F-5AE1-B05B-88E351B6DEDD,SYN-TR-0068,CBC9BD95-73A5-59BF-BCFD-F30992314688,SYN-MZ-00140,TRIAL_ENTRY,3.033333333333333,21.599999999999998,10.646666666666667,observation_synthetic 3.csv,4847;4848;4849;4850;4851;4852;4895;4896;4897,trial_germplasm_bridge_synthetic.csv,1617;1618;1633,11.731666666666667,90.75152720556898,False
56218FE2-F83F-5AE1-B05B-88E351B6DEDD,SYN-TR-0068,E1CFB207-FA7D-5CE8-936D-2B35530B6FCB,SYN-MZ-00139,TRIAL_ENTRY,3.1,22.76666666666667,12.346666666666666,observation_synthetic 3.csv,4832;4833;4834;4856;4857;4858;4889;4890;4891,trial_germplasm_bridge_synthetic.csv,1612;1620;1631,11.731666666666667,105.2422219065208,False
56218FE2-F83F-5AE1-B05B-88E351B6DEDD,SYN-TR-0068,F3B70947-7AB8-55DB-AB66-D6A0A31ADB28,SYN-MZ-00137,TRIAL_ENTRY,3.3000000000000003,25.03333333333333,11.593333333333334,observation_synthetic 3.csv,4826;4827;4828;4862;4863;4864;4892;4893;4894,trial_germplasm_bridge_synthetic.csv,1610;1622;1632,11.731666666666667,98.82085523511863,False
5C4A529E-49AE-59CD-94AB-2FD1539D897B,SYN-TR-0024,03B42C84-51CA-5773-8E4C-295473835D66,SYN-MZ-CHK02,CHECK,4.5,21.46666666666667,10.24,observation_synthetic 3.csv,1676;1677;1678;1700;1701;1702;1712;1713;1714,trial_germplasm_bridge_synthetic.csv,560;568;572,10.06,101.78926441351888,False
5C4A529E-49AE-59CD-94AB-2FD1539D897B,SYN-TR-0024,06BC0CE1-AE47-507E-B88E-0EB0637E5F30,SYN-MZ-00049,TRIAL_ENTRY,3.3666666666666667,23.3,11.86,observation_synthetic 3.csv,1670;1671;1672;1703;1704;1705;1715;1716;1717,trial_germplasm_bridge_synthetic.csv,558;569;573,10.06,117.89264413518886,False
5C4A529E-49AE-59CD-94AB-2FD1539D897B,SYN-TR-0024,4FEFE8DE-C128-57D8-B2A9-D05EA011ABBB,SYN-MZ-00047,TRIAL_ENTRY,2.0,19.2,11.31,observation_synthetic 3.csv,1664;1665;1666;1697;1698;1699;1727;1728;1729,trial_germplasm_bridge_synthetic.csv,556;567;577,10.06,112.42544731610337,False
5C4A529E-49AE-59CD-94AB-2FD1539D897B,SYN-TR-0024,83143D05-79E7-5E13-A6B3-388172D0E91B,SYN-MZ-00052,TRIAL_ENTRY,2.766666666666667,24.599999999999998,10.32,observation_synthetic 3.csv,1679;1680;1681;1694;1695;1696;1721;1722;1723,trial_germplasm_bridge_synthetic.csv,561;566;575,10.06,102.5844930417495,False
5C4A529E-49AE-59CD-94AB-2FD1539D897B,SYN-TR-0024,895C37E3-3402-5903-BB78-18E139F002E0,SYN-MZ-CHK01,CHECK,4.366666666666666,20.733333333333334,9.88,observation_synthetic 3.csv,1661;1662;1663;1691;1692;1693;1706;1707;1708,trial_germplasm_bridge_synthetic.csv,555;565;570,10.06,98.21073558648112,False
5C4A529E-49AE-59CD-94AB-2FD1539D897B,SYN-TR-0024,8E68A5E4-3124-5DE1-83AC-BC1848ADCF30,SYN-MZ-00051,TRIAL_ENTRY,4.433333333333334,22.433333333333334,12.299999999999999,observation_synthetic 3.csv,1667;1668;1669;1682;1683;1684;1718;1719;1720,trial_germplasm_bridge_synthetic.csv,557;562;574,10.06,122.26640159045725,False
5C4A529E-49AE-59CD-94AB-2FD1539D897B,SYN-TR-0024,B69CE732-6878-52F2-B41E-F0F303A6AA18,SYN-MZ-00050,TRIAL_ENTRY,2.566666666666667,22.333333333333332,10.36,observation_synthetic 3.csv,1658;1659;1660;1688;1689;1690;1709;1710;1711,trial_germplasm_bridge_synthetic.csv,554;564;571,10.06,102.98210735586481,False
5C4A529E-49AE-59CD-94AB-2FD1539D897B,SYN-TR-0024,E79AFB8F-D81A-5126-9812-31F64FF56B0A,SYN-MZ-00048,TRIAL_ENTRY,4.333333333333333,23.7,10.836666666666666,observation_synthetic 3.csv,1673;1674;1675;1685;1686;1687;1724;1725;1726,trial_germplasm_bridge_synthetic.csv,559;563;576,10.06,107.7203445990722,False
66EF1C11-448E-5B22-904B-3A3DAB1171F0,SYN-TR-0018,03B42C84-51CA-5773-8E4C-295473835D66,SYN-MZ-CHK02,CHECK,3.266666666666667,22.03333333333333,10.406666666666666,observation_synthetic 3.csv,1229;1230;1231;1271;1272;1273;1283;1284;1285,trial_germplasm_bridge_synthetic.csv,411;425;429,10.328333333333333,100.75843149911246,False
66EF1C11-448E-5B22-904B-3A3DAB1171F0,SYN-TR-0018,1D8B5ABD-A06B-5E37-8158-A9DB10FE3BE6,SYN-MZ-00038,TRIAL_ENTRY,6.3999999999999995,21.933333333333334,11.090000000000002,observation_synthetic 3.csv,1241;1242;1243;1250;1251;1252;1295;1296;1297,trial_germplasm_bridge_synthetic.csv,415;418;433,10.328333333333333,107.37453606583833,False
66EF1C11-448E-5B22-904B-3A3DAB1171F0,SYN-TR-0018,667DEBCE-B100-5059-AB1C-8388525FC762,SYN-MZ-00036,TRIAL_ENTRY,2.466666666666667,15.133333333333333,9.576666666666666,observation_synthetic 3.csv,1244;1245;1246;1265;1266;1267;1274;1275;1276,trial_germplasm_bridge_synthetic.csv,416;423;426,10.328333333333333,92.72228497660159,False
66EF1C11-448E-5B22-904B-3A3DAB1171F0,SYN-TR-0018,8557A22F-14B2-5381-8DF2-0E4F62B7D0FD,SYN-MZ-00040,TRIAL_ENTRY,3.9,21.599999999999998,10.826666666666668,observation_synthetic 3.csv,1226;1227;1228;1256;1257;1258;1289;1290;1291,trial_germplasm_bridge_synthetic.csv,410;420;431,10.328333333333333,104.82491528158788,False
66EF1C11-448E-5B22-904B-3A3DAB1171F0,SYN-TR-0018,895C37E3-3402-5903-BB78-18E139F002E0,SYN-MZ-CHK01,CHECK,4.333333333333333,20.96666666666667,10.25,observation_synthetic 3.csv,1235;1236;1237;1268;1269;1270;1292;1293;1294,trial_germplasm_bridge_synthetic.csv,413;424;432,10.328333333333333,99.24156850088752,False
66EF1C11-448E-5B22-904B-3A3DAB1171F0,SYN-TR-0018,A60C347B-ED09-5433-86AE-8FA97C612F60,SYN-MZ-00039,TRIAL_ENTRY,3.0666666666666664,22.8,9.143333333333333,observation_synthetic 3.csv,1232;1233;1234;1253;1254;1255;1277;1278;1279,trial_germplasm_bridge_synthetic.csv,412;419;427,10.328333333333333,88.526706470873,False
66EF1C11-448E-5B22-904B-3A3DAB1171F0,SYN-TR-0018,CA7C91FE-A31E-543B-BE95-6F3A9B18244F,SYN-MZ-00035,TRIAL_ENTRY,3.0666666666666664,19.7,9.866666666666667,observation_synthetic 3.csv,1247;1248;1249;1259;1260;1261;1280;1281;1282,trial_germplasm_bridge_synthetic.csv,417;421;428,10.328333333333333,95.53009520735841,False
66EF1C11-448E-5B22-904B-3A3DAB1171F0,SYN-TR-0018,F883E21C-4C88-5C86-BDED-808DCF101BE6,SYN-MZ-00037,TRIAL_ENTRY,4.566666666666666,20.099999999999998,9.873333333333333,observation_synthetic 3.csv,1238;1239;1240;1262;1263;1264;1286;1287;1288,trial_germplasm_bridge_synthetic.csv,414;422;430,10.328333333333333,95.59464256898498,False
6AE6D350-3E6F-5576-92AD-11D7FA4C3E02,SYN-TR-0071,03B42C84-51CA-5773-8E4C-295473835D66,SYN-MZ-CHK02,CHECK,4.133333333333334,20.8,9.83,observation_synthetic 3.csv,5045;5046;5047;5075;5076;5077;5108;5109;5110,trial_germplasm_bridge_synthetic.csv,1683;1693;1704,9.74,100.92402464065708,False
6AE6D350-3E6F-5576-92AD-11D7FA4C3E02,SYN-TR-0071,1CEB7127-A7F9-58EA-AD95-89A5CC12EA06,SYN-MZ-00146,TRIAL_ENTRY,4.366666666666666,20.8,11.756666666666666,observation_synthetic 3.csv,5051;5052;5053;5084;5085;5086;5111;5112;5113,trial_germplasm_bridge_synthetic.csv,1685;1696;1705,9.74,120.7049965776865,False
6AE6D350-3E6F-5576-92AD-11D7FA4C3E02,SYN-TR-0071,32AF3857-19CC-5F20-B54E-D3EF4EB2E05B,SYN-MZ-00143,TRIAL_ENTRY,6.533333333333334,19.933333333333334,9.946666666666667,observation_synthetic 3.csv,5048;5049;5050;5078;5079;5080;5105;5106;5107,trial_germplasm_bridge_synthetic.csv,1684;1694;1703,9.74,102.12183436002738,False
6AE6D350-3E6F-5576-92AD-11D7FA4C3E02,SYN-TR-0071,895C37E3-3402-5903-BB78-18E139F002E0,SYN-MZ-CHK01,CHECK,4.0,20.866666666666664,9.65,observation_synthetic 3.csv,5054;5055;5056;5066;5067;5068;5096;5097;5098,trial_germplasm_bridge_synthetic.csv,1686;1690;1700,9.74,99.07597535934292,False
6AE6D350-3E6F-5576-92AD-11D7FA4C3E02,SYN-TR-0071,A851DD56-866F-5923-B0A6-19BDB0B11A8B,SYN-MZ-00141,TRIAL_ENTRY,2.3333333333333335,18.633333333333333,11.396666666666667,observation_synthetic 3.csv,5063;5064;5065;5087;5088;5089;5099;5100;5101,trial_germplasm_bridge_synthetic.csv,1689;1697;1701,9.74,117.00889801505818,False
6AE6D350-3E6F-5576-92AD-11D7FA4C3E02,SYN-TR-0071,B7858025-7776-5C12-B209-88B3225A9E24,SYN-MZ-00145,TRIAL_ENTRY,4.033333333333333,21.233333333333334,8.85,observation_synthetic 3.csv,5057;5058;5059;5069;5070;5071;5102;5103;5104,trial_germplasm_bridge_synthetic.csv,1687;1691;1702,9.74,90.86242299794661,False
6AE6D350-3E6F-5576-92AD-11D7FA4C3E02,SYN-TR-0071,DB0593B1-E991-5A37-B5FA-BC3E7A2016F1,SYN-MZ-00142,TRIAL_ENTRY,4.3,20.96666666666667,9.33,observation_synthetic 3.csv,5042;5043;5044;5081;5082;5083;5093;5094;5095,trial_germplasm_bridge_synthetic.csv,1682;1695;1699,9.74,95.7905544147844,False
6AE6D350-3E6F-5576-92AD-11D7FA4C3E02,SYN-TR-0071,E5CE3662-1D34-5A4A-AAD6-8F5B9A767126,SYN-MZ-00144,TRIAL_ENTRY,2.2666666666666666,18.733333333333334,11.233333333333334,observation_synthetic 3.csv,5060;5061;5062;5072;5073;5074;5090;5091;5092,trial_germplasm_bridge_synthetic.csv,1688;1692;1698,9.74,115.33196440793978,False
6CA2A8DE-C893-5FDD-B104-6BB9420233BD,SYN-TR-0001,03B42C84-51CA-5773-8E4C-295473835D66,SYN-MZ-CHK02,CHECK,3.7999999999999994,23.666666666666668,9.520000000000001,observation_synthetic 3.csv,14;15;16;38;39;40;59;60;61,trial_germplasm_bridge_synthetic.csv,6;14;21,9.468333333333334,100.5456785777152,False
6CA2A8DE-C893-5FDD-B104-6BB9420233BD,SYN-TR-0001,2B7C0193-8AD2-5132-90D6-EC0125159542,SYN-MZ-00006,TRIAL_ENTRY,4.6000000000000005,21.400000000000002,10.81,observation_synthetic 3.csv,23;24;25;47;48;49;50;51;52,trial_germplasm_bridge_synthetic.csv,9;17;18,9.468333333333334,114.17004048582996,False
6CA2A8DE-C893-5FDD-B104-6BB9420233BD,SYN-TR-0001,47CB337B-F9A3-58D9-B496-C84842EE87E3,SYN-MZ-00003,TRIAL_ENTRY,4.166666666666667,23.666666666666668,10.423333333333334,observation_synthetic 3.csv,2;3;4;29;30;31;71;72;73,trial_germplasm_bridge_synthetic.csv,2;11;25,9.468333333333334,110.08625242034854,False
6CA2A8DE-C893-5FDD-B104-6BB9420233BD,SYN-TR-0001,895C37E3-3402-5903-BB78-18E139F002E0,SYN-MZ-CHK01,CHECK,3.6666666666666665,23.166666666666668,9.416666666666666,observation_synthetic 3.csv,8;9;10;32;33;34;53;54;55,trial_germplasm_bridge_synthetic.csv,4;12;19,9.468333333333334,99.4543214222848,False
6CA2A8DE-C893-5FDD-B104-6BB9420233BD,SYN-TR-0001,BDA3F23B-B83C-5375-B9B8-3ADB9CD34DC3,SYN-MZ-00001,TRIAL_ENTRY,2.1,23.766666666666666,10.93,observation_synthetic 3.csv,5;6;7;26;27;28;56;57;58,trial_germplasm_bridge_synthetic.csv,3;10;20,9.468333333333334,115.4374229889104,False
6CA2A8DE-C893-5FDD-B104-6BB9420233BD,SYN-TR-0001,E4CFF24E-3AF0-5FBA-9562-C4393CD711EA,SYN-MZ-00005,TRIAL_ENTRY,2.5,22.166666666666668,10.613333333333333,observation_synthetic 3.csv,20;21;22;35;36;37;62;63;64,trial_germplasm_bridge_synthetic.csv,8;13;22,9.468333333333334,112.09294138355922,False
6CA2A8DE-C893-5FDD-B104-6BB9420233BD,SYN-TR-0001,F9BC2FEC-60D6-5DFF-B4CF-789F8E765BFD,SYN-MZ-00004,TRIAL_ENTRY,2.566666666666667,20.133333333333336,10.706666666666665,observation_synthetic 3.csv,11;12;13;41;42;43;68;69;70,trial_germplasm_bridge_synthetic.csv,5;15;24,9.468333333333334,113.07868333039956,False
6CA2A8DE-C893-5FDD-B104-6BB9420233BD,SYN-TR-0001,FCA1034F-23D1-5C80-B17D-CA82DC3325EB,SYN-MZ-00002,TRIAL_ENTRY,1.9000000000000001,25.666666666666668,9.816666666666668,observation_synthetic 3.csv,17;18;19;44;45;46;65;66;67,trial_germplasm_bridge_synthetic.csv,7;16;23,9.468333333333334,103.67892976588631,False
7069BC03-22A8-53A8-BAEB-14FC724AA6EE,SYN-TR-0069,03B42C84-51CA-5773-8E4C-295473835D66,SYN-MZ-CHK02,CHECK,4.066666666666666,21.2,10.19,observation_synthetic 3.csv,4904;4905;4906;4931;4932;4933;4967;4968;4969,trial_germplasm_bridge_synthetic.csv,1636;1645;1657,10.035,101.54459392127553,False
7069BC03-22A8-53A8-BAEB-14FC724AA6EE,SYN-TR-0069,21CB14E4-98B8-5908-8539-D73D75F044FB,SYN-MZ-00138,TRIAL_ENTRY,3.733333333333333,22.366666666666664,9.746666666666668,observation_synthetic 3.csv,4919;4920;4921;4934;4935;4936;4949;4950;4951,trial_germplasm_bridge_synthetic.csv,1641;1646;1651,10.035,97.12672313569175,False
7069BC03-22A8-53A8-BAEB-14FC724AA6EE,SYN-TR-0069,895C37E3-3402-5903-BB78-18E139F002E0,SYN-MZ-CHK01,CHECK,4.3,21.96666666666667,9.88,observation_synthetic 3.csv,4901;4902;4903;4943;4944;4945;4961;4962;4963,trial_germplasm_bridge_synthetic.csv,1635;1649;1655,10.035,98.45540607872448,False
7069BC03-22A8-53A8-BAEB-14FC724AA6EE,SYN-TR-0069,A851DD56-866F-5923-B0A6-19BDB0B11A8B,SYN-MZ-00141,TRIAL_ENTRY,2.9333333333333336,17.933333333333334,11.173333333333334,observation_synthetic 3.csv,4907;4908;4909;4925;4926;4927;4946;4947;4948,trial_germplasm_bridge_synthetic.csv,1637;1643;1650,10.035,111.34363062614185,False
7069BC03-22A8-53A8-BAEB-14FC724AA6EE,SYN-TR-0069,CBC9BD95-73A5-59BF-BCFD-F30992314688,SYN-MZ-00140,TRIAL_ENTRY,2.1333333333333333,20.599999999999998,9.126666666666667,observation_synthetic 3.csv,4913;4914;4915;4940;4941;4942;4958;4959;4960,trial_germplasm_bridge_synthetic.csv,1639;1648;1654,10.035,90.94834745058961,False
7069BC03-22A8-53A8-BAEB-14FC724AA6EE,SYN-TR-0069,DB0593B1-E991-5A37-B5FA-BC3E7A2016F1,SYN-MZ-00142,TRIAL_ENTRY,4.333333333333333,22.433333333333334,9.033333333333333,observation_synthetic 3.csv,4898;4899;4900;4928;4929;4930;4964;4965;4966,trial_germplasm_bridge_synthetic.csv,1634;1644;1656,10.035,90.0182693904667,False
7069BC03-22A8-53A8-BAEB-14FC724AA6EE,SYN-TR-0069,E1CFB207-FA7D-5CE8-936D-2B35530B6FCB,SYN-MZ-00139,TRIAL_ENTRY,3.3333333333333335,22.5,10.94,observation_synthetic 3.csv,4910;4911;4912;4937;4938;4939;4955;4956;4957,trial_germplasm_bridge_synthetic.csv,1638;1647;1653,10.035,109.01843547583458,False
7069BC03-22A8-53A8-BAEB-14FC724AA6EE,SYN-TR-0069,F3B70947-7AB8-55DB-AB66-D6A0A31ADB28,SYN-MZ-00137,TRIAL_ENTRY,2.733333333333333,24.2,9.536666666666667,observation_synthetic 3.csv,4916;4917;4918;4922;4923;4924;4952;4953;4954,trial_germplasm_bridge_synthetic.csv,1640;1642;1652,10.035,95.03404750041521,False
7119635B-35E3-59C9-B11C-8F437D9B0D1C,SYN-TR-0017,03B42C84-51CA-5773-8E4C-295473835D66,SYN-MZ-CHK02,CHECK,3.5,22.133333333333336,10.290000000000001,observation_synthetic 3.csv,1163;1164;1165;1193;1194;1195;1217;1218;1219,trial_germplasm_bridge_synthetic.csv,389;399;407,9.973333333333333,103.17513368983958,False
7119635B-35E3-59C9-B11C-8F437D9B0D1C,SYN-TR-0017,1D8B5ABD-A06B-5E37-8158-A9DB10FE3BE6,SYN-MZ-00038,TRIAL_ENTRY,6.0,22.099999999999998,11.11,observation_synthetic 3.csv,1157;1158;1159;1178;1179;1180;1214;1215;1216,trial_germplasm_bridge_synthetic.csv,387;394;406,9.973333333333333,111.39705882352942,False
7119635B-35E3-59C9-B11C-8F437D9B0D1C,SYN-TR-0017,667DEBCE-B100-5059-AB1C-8388525FC762,SYN-MZ-00036,TRIAL_ENTRY,2.9,15.466666666666669,9.176666666666668,observation_synthetic 3.csv,1172;1173;1174;1184;1185;1186;1211;1212;1213,trial_germplasm_bridge_synthetic.csv,392;396;405,9.973333333333333,92.01203208556151,False
7119635B-35E3-59C9-B11C-8F437D9B0D1C,SYN-TR-0017,6BC3F466-8A3A-514B-95C5-ED43F221577D,SYN-MZ-00034,TRIAL_ENTRY,6.833333333333333,19.833333333333332,10.993333333333334,observation_synthetic 3.csv,1154;1155;1156;1199;1200;1201;1223;1224;1225,trial_germplasm_bridge_synthetic.csv,386;401;409,9.973333333333333,110.22727272727275,False
7119635B-35E3-59C9-B11C-8F437D9B0D1C,SYN-TR-0017,895C37E3-3402-5903-BB78-18E139F002E0,SYN-MZ-CHK01,CHECK,4.266666666666667,21.833333333333332,9.656666666666666,observation_synthetic 3.csv,1175;1176;1177;1187;1188;1189;1220;1221;1222,trial_germplasm_bridge_synthetic.csv,393;397;408,9.973333333333333,96.82486631016043,False
7119635B-35E3-59C9-B11C-8F437D9B0D1C,SYN-TR-0017,CA7C91FE-A31E-543B-BE95-6F3A9B18244F,SYN-MZ-00035,TRIAL_ENTRY,2.9,20.2,9.01,observation_synthetic 3.csv,1166;1167;1168;1196;1197;1198;1208;1209;1210,trial_germplasm_bridge_synthetic.csv,390;400;404,9.973333333333333,90.3409090909091,False
7119635B-35E3-59C9-B11C-8F437D9B0D1C,SYN-TR-0017,CDAC1DFC-07F5-5AAA-ACF7-174A83106211,SYN-MZ-00033,TRIAL_ENTRY,3.266666666666667,21.5,11.973333333333334,observation_synthetic 3.csv,1160;1161;1162;1181;1182;1183;1205;1206;1207,trial_germplasm_bridge_synthetic.csv,388;395;403,9.973333333333333,120.0534759358289,False
7119635B-35E3-59C9-B11C-8F437D9B0D1C,SYN-TR-0017,F883E21C-4C88-5C86-BDED-808DCF101BE6,SYN-MZ-00037,TRIAL_ENTRY,4.366666666666667,19.900000000000002,10.083333333333334,observation_synthetic 3.csv,1169;1170;1171;1190;1191;1192;1202;1203;1204,trial_germplasm_bridge_synthetic.csv,391;398;402,9.973333333333333,101.1029411764706,False
72971651-5696-5B89-8D2C-A3B5DB2F1D84,SYN-TR-0048,03B42C84-51CA-5773-8E4C-295473835D66,SYN-MZ-CHK02,CHECK,3.9,21.833333333333332,10.456666666666667,observation_synthetic 3.csv,3389;3390;3391;3431;3432;3433;3437;3438;3439,trial_germplasm_bridge_synthetic.csv,1131;1145;1147,10.236666666666666,102.14913708889614,False
72971651-5696-5B89-8D2C-A3B5DB2F1D84,SYN-TR-0048,304B66ED-814D-55CC-98B7-61DD44128E03,SYN-MZ-00100,TRIAL_ENTRY,2.9333333333333336,22.633333333333336,9.37,observation_synthetic 3.csv,3407;3408;3409;3413;3414;3415;3443;3444;3445,trial_germplasm_bridge_synthetic.csv,1137;1139;1149,10.236666666666666,91.53370237707587,False
72971651-5696-5B89-8D2C-A3B5DB2F1D84,SYN-TR-0048,4265656C-7A38-5B04-870F-0382345E46B7,SYN-MZ-00095,TRIAL_ENTRY,2.766666666666667,20.96666666666667,10.346666666666666,observation_synthetic 3.csv,3401;3402;3403;3416;3417;3418;3452;3453;3454,trial_germplasm_bridge_synthetic.csv,1135;1140;1152,10.236666666666666,101.07456854444806,False
72971651-5696-5B89-8D2C-A3B5DB2F1D84,SYN-TR-0048,7B87D561-B90D-5BFD-97D7-06E49347CFC4,SYN-MZ-00096,TRIAL_ENTRY,2.9333333333333336,18.566666666666666,9.456666666666665,observation_synthetic 3.csv,3392;3393;3394;3410;3411;3412;3434;3435;3436,trial_germplasm_bridge_synthetic.csv,1132;1138;1146,10.236666666666666,92.38033213936828,False
72971651-5696-5B89-8D2C-A3B5DB2F1D84,SYN-TR-0048,80342D18-DE48-5965-9D36-F804CFB33A6A,SYN-MZ-00097,TRIAL_ENTRY,2.2333333333333334,18.033333333333335,9.973333333333334,observation_synthetic 3.csv,3395;3396;3397;3425;3426;3427;3446;3447;3448,trial_germplasm_bridge_synthetic.csv,1133;1143;1150,10.236666666666666,97.42754802995769,False
72971651-5696-5B89-8D2C-A3B5DB2F1D84,SYN-TR-0048,895C37E3-3402-5903-BB78-18E139F002E0,SYN-MZ-CHK01,CHECK,4.433333333333334,20.866666666666667,10.016666666666666,observation_synthetic 3.csv,3404;3405;3406;3428;3429;3430;3449;3450;3451,trial_germplasm_bridge_synthetic.csv,1136;1144;1151,10.236666666666666,97.85086291110386,False
72971651-5696-5B89-8D2C-A3B5DB2F1D84,SYN-TR-0048,E4649EAD-58A5-57C7-8B46-6215401FFEE3,SYN-MZ-00098,TRIAL_ENTRY,2.8333333333333335,18.866666666666667,11.246666666666668,observation_synthetic 3.csv,3386;3387;3388;3422;3423;3424;3455;3456;3457,trial_germplasm_bridge_synthetic.csv,1130;1142;1153,10.236666666666666,109.86649299902314,False
72971651-5696-5B89-8D2C-A3B5DB2F1D84,SYN-TR-0048,EB3CC5B4-5306-5D95-8FC0-A6D315636DAC,SYN-MZ-00099,TRIAL_ENTRY,4.533333333333333,21.46666666666667,10.63,observation_synthetic 3.csv,3398;3399;3400;3419;3420;3421;3440;3441;3442,trial_germplasm_bridge_synthetic.csv,1134;1141;1148,10.236666666666666,103.84239661348096,False
78AF23ED-8D10-5771-A07F-43149D1F837A,SYN-TR-0020,03B42C84-51CA-5773-8E4C-295473835D66,SYN-MZ-CHK02,CHECK,4.2,24.066666666666666,12.103333333333333,observation_synthetic 3.csv,1385;1386;1387;1406;1407;1408;1433;1434;1435,trial_germplasm_bridge_synthetic.csv,463;470;479,11.921666666666667,101.52383615266321,False
78AF23ED-8D10-5771-A07F-43149D1F837A,SYN-TR-0020,0AF976E8-609F-54B4-93A9-F5FFB2C89CC2,SYN-MZ-00042,TRIAL_ENTRY,6.533333333333334,22.2,11.643333333333333,observation_synthetic 3.csv,1373;1374;1375;1412;1413;1414;1418;1419;1420,trial_germplasm_bridge_synthetic.csv,459;472;474,11.921666666666667,97.66531525234167,False
78AF23ED-8D10-5771-A07F-43149D1F837A,SYN-TR-0020,420901AD-1690-56B1-A54B-E45F7104461D,SYN-MZ-00041,TRIAL_ENTRY,6.533333333333334,23.433333333333334,10.666666666666666,observation_synthetic 3.csv,1388;1389;1390;1403;1404;1405;1424;1425;1426,trial_germplasm_bridge_synthetic.csv,464;469;476,11.921666666666667,89.47294841325316,False
78AF23ED-8D10-5771-A07F-43149D1F837A,SYN-TR-0020,7663F6FC-3144-5397-8DC5-49CF05A78783,SYN-MZ-00044,TRIAL_ENTRY,1.8666666666666665,23.333333333333332,12.270000000000001,observation_synthetic 3.csv,1370;1371;1372;1409;1410;1411;1439;1440;1441,trial_germplasm_bridge_synthetic.csv,458;471;481,11.921666666666667,102.92185097162032,False
78AF23ED-8D10-5771-A07F-43149D1F837A,SYN-TR-0020,80674DED-4AF0-56B4-A82F-676B047FD1F9,SYN-MZ-00043,TRIAL_ENTRY,2.733333333333333,25.53333333333333,11.943333333333333,observation_synthetic 3.csv,1379;1380;1381;1394;1395;1396;1427;1428;1429,trial_germplasm_bridge_synthetic.csv,461;466;477,11.921666666666667,100.18174192646441,False
78AF23ED-8D10-5771-A07F-43149D1F837A,SYN-TR-0020,8557A22F-14B2-5381-8DF2-0E4F62B7D0FD,SYN-MZ-00040,TRIAL_ENTRY,4.1000000000000005,23.8,12.973333333333334,observation_synthetic 3.csv,1376;1377;1378;1397;1398;1399;1436;1437;1438,trial_germplasm_bridge_synthetic.csv,460;467;480,11.921666666666667,108.82147350761919,False
78AF23ED-8D10-5771-A07F-43149D1F837A,SYN-TR-0020,895C37E3-3402-5903-BB78-18E139F002E0,SYN-MZ-CHK01,CHECK,4.3,22.7,11.74,observation_synthetic 3.csv,1382;1383;1384;1400;1401;1402;1421;1422;1423,trial_germplasm_bridge_synthetic.csv,462;468;475,11.921666666666667,98.47616384733678,False
78AF23ED-8D10-5771-A07F-43149D1F837A,SYN-TR-0020,A60C347B-ED09-5433-86AE-8FA97C612F60,SYN-MZ-00039,TRIAL_ENTRY,2.733333333333333,24.3,11.676666666666668,observation_synthetic 3.csv,1391;1392;1393;1415;1416;1417;1430;1431;1432,trial_germplasm_bridge_synthetic.csv,465;473;478,11.921666666666667,97.94491821613309,False
7F2E6EB2-98B4-57F0-B192-F2388D224D08,SYN-TR-0056,03B42C84-51CA-5773-8E4C-295473835D66,SYN-MZ-CHK02,CHECK,4.033333333333333,21.2,12.24,observation_synthetic 3.csv,3974;3975;3976;4007;4008;4009;4022;4023;4024,trial_germplasm_bridge_synthetic.csv,1326;1337;1342,11.931666666666668,102.58415979885457,False
7F2E6EB2-98B4-57F0-B192-F2388D224D08,SYN-TR-0056,0A671382-D5A5-5B91-99A7-A870223273AB,SYN-MZ-00113,TRIAL_ENTRY,6.8,22.7,13.456666666666665,observation_synthetic 3.csv,3965;3966;3967;3998;3999;4000;4025;4026;4027,trial_germplasm_bridge_synthetic.csv,1323;1334;1343,11.931666666666668,112.78111468082132,False
7F2E6EB2-98B4-57F0-B192-F2388D224D08,SYN-TR-0056,895C37E3-3402-5903-BB78-18E139F002E0,SYN-MZ-CHK01,CHECK,4.2,20.666666666666668,11.623333333333335,observation_synthetic 3.csv,3968;3969;3970;3995;3996;3997;4031;4032;4033,trial_germplasm_bridge_synthetic.csv,1324;1333;1345,11.931666666666668,97.41584020114541,False
7F2E6EB2-98B4-57F0-B192-F2388D224D08,SYN-TR-0056,9836AEB1-465F-5BDA-85AD-80E64BABEB25,SYN-MZ-00116,TRIAL_ENTRY,5.333333333333333,22.366666666666664,11.469999999999999,observation_synthetic 3.csv,3980;3981;3982;3989;3990;3991;4013;4014;4015,trial_germplasm_bridge_synthetic.csv,1328;1331;1339,11.931666666666668,96.13074451739068,False
7F2E6EB2-98B4-57F0-B192-F2388D224D08,SYN-TR-0056,99337C26-0663-56BF-961D-4B45304F60CB,SYN-MZ-00112,TRIAL_ENTRY,3.0666666666666664,20.766666666666666,10.016666666666667,observation_synthetic 3.csv,3962;3963;3964;3986;3987;3988;4016;4017;4018,trial_germplasm_bridge_synthetic.csv,1322;1330;1340,11.931666666666668,83.95027238441122,False
7F2E6EB2-98B4-57F0-B192-F2388D224D08,SYN-TR-0056,D548B0A8-3654-59DE-87E2-E8729F9D0F8C,SYN-MZ-00115,TRIAL_ENTRY,1.9666666666666666,22.366666666666664,11.469999999999999,observation_synthetic 3.csv,3983;3984;3985;4001;4002;4003;4028;4029;4030,trial_germplasm_bridge_synthetic.csv,1329;1335;1344,11.931666666666668,96.13074451739068,False
7F2E6EB2-98B4-57F0-B192-F2388D224D08,SYN-TR-0056,E7D39DA7-7E5D-57F9-9DDB-1CF3E505EFB5,SYN-MZ-00111,TRIAL_ENTRY,4.2,23.96666666666667,11.89,observation_synthetic 3.csv,3971;3972;3973;3992;3993;3994;4019;4020;4021,trial_germplasm_bridge_synthetic.csv,1325;1332;1341,11.931666666666668,99.65078921637098,False
7F2E6EB2-98B4-57F0-B192-F2388D224D08,SYN-TR-0056,EA1A8089-DDED-5385-9EA5-239A2F522931,SYN-MZ-00114,TRIAL_ENTRY,2.3333333333333335,21.8,10.32,observation_synthetic 3.csv,3977;3978;3979;4004;4005;4006;4010;4011;4012,trial_germplasm_bridge_synthetic.csv,1327;1336;1338,11.931666666666668,86.49252688923033,False
83709401-664E-59FC-AE6A-2DAED8230A31,SYN-TR-0012,01BB90D3-8967-5A5C-BB61-08A07D8CD947,SYN-MZ-00026,TRIAL_ENTRY,6.033333333333334,23.666666666666668,9.893333333333333,observation_synthetic 3.csv,803;804;805;830;831;832;860;861;862,trial_germplasm_bridge_synthetic.csv,269;278;288,10.286666666666667,96.17627997407646,False
83709401-664E-59FC-AE6A-2DAED8230A31,SYN-TR-0012,03B42C84-51CA-5773-8E4C-295473835D66,SYN-MZ-CHK02,CHECK,3.466666666666667,21.7,10.136666666666667,observation_synthetic 3.csv,812;813;814;833;834;835;845;846;847,trial_germplasm_bridge_synthetic.csv,272;279;283,10.286666666666667,98.54180168502916,False
83709401-664E-59FC-AE6A-2DAED8230A31,SYN-TR-0012,48766B60-7B8E-5227-9A4F-9E77EE26141C,SYN-MZ-00025,TRIAL_ENTRY,3.533333333333333,19.900000000000002,11.14,observation_synthetic 3.csv,794;795;796;839;840;841;854;855;856,trial_germplasm_bridge_synthetic.csv,266;281;286,10.286666666666667,108.29552819183408,False
83709401-664E-59FC-AE6A-2DAED8230A31,SYN-TR-0012,895C37E3-3402-5903-BB78-18E139F002E0,SYN-MZ-CHK01,CHECK,4.633333333333334,21.3,10.436666666666667,observation_synthetic 3.csv,797;798;799;821;822;823;842;843;844,trial_germplasm_bridge_synthetic.csv,267;275;282,10.286666666666667,101.45819831497084,False
83709401-664E-59FC-AE6A-2DAED8230A31,SYN-TR-0012,BCB3BCE4-83EF-5273-AD5F-98501BE8DF60,SYN-MZ-00028,TRIAL_ENTRY,3.6,21.7,11.726666666666667,observation_synthetic 3.csv,809;810;811;824;825;826;851;852;853,trial_germplasm_bridge_synthetic.csv,271;276;285,10.286666666666667,113.99870382372004,False
83709401-664E-59FC-AE6A-2DAED8230A31,SYN-TR-0012,D41ABD3A-44E1-5B49-8488-2C6805F30B64,SYN-MZ-00023,TRIAL_ENTRY,3.9,18.96666666666667,10.246666666666668,observation_synthetic 3.csv,800;801;802;836;837;838;848;849;850,trial_germplasm_bridge_synthetic.csv,268;280;284,10.286666666666667,99.61114711600779,False
83709401-664E-59FC-AE6A-2DAED8230A31,SYN-TR-0012,E568186B-E969-5A74-8996-D72CACB495FD,SYN-MZ-00024,TRIAL_ENTRY,2.0,20.400000000000002,10.336666666666666,observation_synthetic 3.csv,806;807;808;818;819;820;863;864;865,trial_germplasm_bridge_synthetic.csv,270;274;289,10.286666666666667,100.48606610499026,False
83709401-664E-59FC-AE6A-2DAED8230A31,SYN-TR-0012,F6CDB34F-475C-5C74-9BD0-6D017DAE3754,SYN-MZ-00027,TRIAL_ENTRY,2.533333333333333,19.400000000000002,10.813333333333333,observation_synthetic 3.csv,815;816;817;827;828;829;857;858;859,trial_germplasm_bridge_synthetic.csv,273;277;287,10.286666666666667,105.11989630589758,False
88711B7C-17DF-589F-913B-A9D637125702,SYN-TR-0035,03B42C84-51CA-5773-8E4C-295473835D66,SYN-MZ-CHK02,CHECK,3.533333333333333,21.866666666666664,10.193333333333333,observation_synthetic 3.csv,2456;2457;2458;2477;2478;2479;2516;2517;2518,trial_germplasm_bridge_synthetic.csv,820;827;840,10.11,100.82426640290143,False
88711B7C-17DF-589F-913B-A9D637125702,SYN-TR-0035,03DE83EF-F14A-5D54-A2FD-1A335C2D63BE,SYN-MZ-00071,TRIAL_ENTRY,6.133333333333333,22.666666666666668,9.736666666666666,observation_synthetic 3.csv,2459;2460;2461;2483;2484;2485;2498;2499;2500,trial_germplasm_bridge_synthetic.csv,821;829;834,10.11,96.30728651500165,False
88711B7C-17DF-589F-913B-A9D637125702,SYN-TR-0035,1BC27665-96A3-5886-8EDB-570805D8AC2B,SYN-MZ-00070,TRIAL_ENTRY,5.766666666666667,24.633333333333336,9.543333333333333,observation_synthetic 3.csv,2462;2463;2464;2489;2490;2491;2519;2520;2521,trial_germplasm_bridge_synthetic.csv,822;831;841,10.11,94.39498846027035,False
88711B7C-17DF-589F-913B-A9D637125702,SYN-TR-0035,30AE404E-D939-5FBD-8E73-82C169F926FA,SYN-MZ-00069,TRIAL_ENTRY,5.166666666666667,20.8,10.376666666666667,observation_synthetic 3.csv,2453;2454;2455;2480;2481;2482;2507;2508;2509,trial_germplasm_bridge_synthetic.csv,819;828;837,10.11,102.63765248928455,False
88711B7C-17DF-589F-913B-A9D637125702,SYN-TR-0035,82E89912-889D-5A64-81E0-285A66F4F551,SYN-MZ-00073,TRIAL_ENTRY,2.566666666666667,20.8,12.506666666666666,observation_synthetic 3.csv,2465;2466;2467;2474;2475;2476;2501;2502;2503,trial_germplasm_bridge_synthetic.csv,823;826;835,10.11,123.70590174744477,False
88711B7C-17DF-589F-913B-A9D637125702,SYN-TR-0035,895C37E3-3402-5903-BB78-18E139F002E0,SYN-MZ-CHK01,CHECK,4.166666666666667,21.133333333333333,10.026666666666667,observation_synthetic 3.csv,2471;2472;2473;2492;2493;2494;2510;2511;2512,trial_germplasm_bridge_synthetic.csv,825;832;838,10.11,99.1757335970986,False
88711B7C-17DF-589F-913B-A9D637125702,SYN-TR-0035,B518C2FF-B887-551B-A7F9-1C0EE751CFCF,SYN-MZ-00074,TRIAL_ENTRY,2.8666666666666667,21.96666666666667,10.623333333333333,observation_synthetic 3.csv,2450;2451;2452;2495;2496;2497;2513;2514;2515,trial_germplasm_bridge_synthetic.csv,818;833;839,10.11,105.07748104187273,False
88711B7C-17DF-589F-913B-A9D637125702,SYN-TR-0035,F2879B3F-447F-597F-B8D9-0CBF58C47571,SYN-MZ-00072,TRIAL_ENTRY,2.033333333333333,20.833333333333332,9.133333333333333,observation_synthetic 3.csv,2468;2469;2470;2486;2487;2488;2504;2505;2506,trial_germplasm_bridge_synthetic.csv,824;830;836,10.11,90.33959775799538,False
88E1514A-5B43-5BC1-AA5B-61210AB4D7DF,SYN-TR-0025,03B42C84-51CA-5773-8E4C-295473835D66,SYN-MZ-CHK02,CHECK,4.0,23.0,9.923333333333334,observation_synthetic 3.csv,1739;1740;1741;1769;1770;1771;1796;1797;1798,trial_germplasm_bridge_synthetic.csv,581;591;600,9.955,99.68190189184665,False
88E1514A-5B43-5BC1-AA5B-61210AB4D7DF,SYN-TR-0025,06BC0CE1-AE47-507E-B88E-0EB0637E5F30,SYN-MZ-00049,TRIAL_ENTRY,2.6,26.2,11.61,observation_synthetic 3.csv,1733;1734;1735;1754;1755;1756;1781;1782;1783,trial_germplasm_bridge_synthetic.csv,579;586;595,9.955,116.62481165243597,False
88E1514A-5B43-5BC1-AA5B-61210AB4D7DF,SYN-TR-0025,4C8C42C1-3F2D-5A4E-9498-4339912973B6,SYN-MZ-00054,TRIAL_ENTRY,3.5333333333333337,24.7,10.926666666666668,observation_synthetic 3.csv,1745;1746;1747;1757;1758;1759;1793;1794;1795,trial_germplasm_bridge_synthetic.csv,583;587;599,9.955,109.76058931860038,False
88E1514A-5B43-5BC1-AA5B-61210AB4D7DF,SYN-TR-0025,759A5D7C-67A7-5818-9E6B-4AE49EFD060E,SYN-MZ-00053,TRIAL_ENTRY,4.0,20.7,9.236666666666666,observation_synthetic 3.csv,1751;1752;1753;1772;1773;1774;1790;1791;1792,trial_germplasm_bridge_synthetic.csv,585;592;598,9.955,92.78419554662648,False
88E1514A-5B43-5BC1-AA5B-61210AB4D7DF,SYN-TR-0025,83143D05-79E7-5E13-A6B3-388172D0E91B,SYN-MZ-00052,TRIAL_ENTRY,3.233333333333333,27.066666666666666,9.91,observation_synthetic 3.csv,1742;1743;1744;1760;1761;1762;1787;1788;1789,trial_germplasm_bridge_synthetic.csv,582;588;597,9.955,99.54796584630839,False
88E1514A-5B43-5BC1-AA5B-61210AB4D7DF,SYN-TR-0025,895C37E3-3402-5903-BB78-18E139F002E0,SYN-MZ-CHK01,CHECK,4.5,23.766666666666666,9.986666666666666,observation_synthetic 3.csv,1736;1737;1738;1763;1764;1765;1784;1785;1786,trial_germplasm_bridge_synthetic.csv,580;589;596,9.955,100.31809810815335,False
88E1514A-5B43-5BC1-AA5B-61210AB4D7DF,SYN-TR-0025,8E68A5E4-3124-5DE1-83AC-BC1848ADCF30,SYN-MZ-00051,TRIAL_ENTRY,3.6666666666666665,25.333333333333332,11.766666666666666,observation_synthetic 3.csv,1730;1731;1732;1775;1776;1777;1799;1800;1801,trial_germplasm_bridge_synthetic.csv,578;593;601,9.955,118.19856018751045,False
88E1514A-5B43-5BC1-AA5B-61210AB4D7DF,SYN-TR-0025,B69CE732-6878-52F2-B41E-F0F303A6AA18,SYN-MZ-00050,TRIAL_ENTRY,3.1999999999999997,25.133333333333336,10.053333333333333,observation_synthetic 3.csv,1748;1749;1750;1766;1767;1768;1778;1779;1780,trial_germplasm_bridge_synthetic.csv,584;590;594,9.955,100.98777833584462,False
897C92BF-9585-56F7-8741-5D4724A9F2B1,SYN-TR-0002,03B42C84-51CA-5773-8E4C-295473835D66,SYN-MZ-CHK02,CHECK,3.6999999999999997,22.633333333333336,11.763333333333334,observation_synthetic 3.csv,74;75;76;110;111;112;143;144;145,trial_germplasm_bridge_synthetic.csv,26;38;49,11.846666666666668,99.29656724817106,False
897C92BF-9585-56F7-8741-5D4724A9F2B1,SYN-TR-0002,2B7C0193-8AD2-5132-90D6-EC0125159542,SYN-MZ-00006,TRIAL_ENTRY,4.7,19.099999999999998,12.683333333333332,observation_synthetic 3.csv,77;78;79;101;102;103;128;129;130,trial_germplasm_bridge_synthetic.csv,27;35;44,11.846666666666668,107.0624648283624,False
897C92BF-9585-56F7-8741-5D4724A9F2B1,SYN-TR-0002,47CB337B-F9A3-58D9-B496-C84842EE87E3,SYN-MZ-00003,TRIAL_ENTRY,4.366666666666666,19.5,12.93,observation_synthetic 3.csv,80;81;82;113;114;115;137;138;139,trial_germplasm_bridge_synthetic.csv,28;39;47,11.846666666666668,109.14462577377601,False
897C92BF-9585-56F7-8741-5D4724A9F2B1,SYN-TR-0002,895C37E3-3402-5903-BB78-18E139F002E0,SYN-MZ-CHK01,CHECK,4.166666666666667,20.8,11.93,observation_synthetic 3.csv,95;96;97;116;117;118;122;123;124,trial_germplasm_bridge_synthetic.csv,33;40;42,11.846666666666668,100.70343275182891,False
897C92BF-9585-56F7-8741-5D4724A9F2B1,SYN-TR-0002,AA4D3613-B947-5291-9D6D-08AC58B282CE,SYN-MZ-00008,TRIAL_ENTRY,6.733333333333333,21.5,12.066666666666668,observation_synthetic 3.csv,89;90;91;119;120;121;131;132;133,trial_germplasm_bridge_synthetic.csv,31;41;45,11.846666666666668,101.85706246482836,False
897C92BF-9585-56F7-8741-5D4724A9F2B1,SYN-TR-0002,B6AEF3F7-49DF-5938-A721-1C9ED30FE32D,SYN-MZ-00007,TRIAL_ENTRY,7.066666666666666,20.566666666666666,12.530000000000001,observation_synthetic 3.csv,86;87;88;98;99;100;140;141;142,trial_germplasm_bridge_synthetic.csv,30;34;48,11.846666666666668,105.76814856499718,False
897C92BF-9585-56F7-8741-5D4724A9F2B1,SYN-TR-0002,E4CFF24E-3AF0-5FBA-9562-C4393CD711EA,SYN-MZ-00005,TRIAL_ENTRY,2.8000000000000003,19.666666666666668,13.023333333333333,observation_synthetic 3.csv,92;93;94;104;105;106;134;135;136,trial_germplasm_bridge_synthetic.csv,32;36;46,11.846666666666668,109.93247045582442,False
897C92BF-9585-56F7-8741-5D4724A9F2B1,SYN-TR-0002,F9BC2FEC-60D6-5DFF-B4CF-789F8E765BFD,SYN-MZ-00004,TRIAL_ENTRY,1.8,17.96666666666667,12.31,observation_synthetic 3.csv,83;84;85;107;108;109;125;126;127,trial_germplasm_bridge_synthetic.csv,29;37;43,11.846666666666668,103.91108610016882,False
8A7B39E8-BCC1-5C99-B8B2-B003A36D2BC1,SYN-TR-0051,03B42C84-51CA-5773-8E4C-295473835D66,SYN-MZ-CHK02,CHECK,5.5,21.400000000000002,10.076666666666666,observation_synthetic 3.csv,3608;3609;3610;3638;3639;3640;3662;3663;3664,trial_germplasm_bridge_synthetic.csv,1204;1214;1222,10.143333333333334,99.34275386132106,False
8A7B39E8-BCC1-5C99-B8B2-B003A36D2BC1,SYN-TR-0051,3AD75EC5-AEFA-5A56-9854-25EA1D3F7092,SYN-MZ-00102,TRIAL_ENTRY,4.3,21.7,8.67,observation_synthetic 3.csv,3602;3603;3604;3626;3627;3628;3653;3654;3655,trial_germplasm_bridge_synthetic.csv,1202;1210;1219,10.143333333333334,85.47486033519552,False
8A7B39E8-BCC1-5C99-B8B2-B003A36D2BC1,SYN-TR-0051,40E15A0B-137C-5F72-A21C-478860954756,SYN-MZ-00105,TRIAL_ENTRY,7.866666666666667,19.900000000000002,11.533333333333333,observation_synthetic 3.csv,3617;3618;3619;3629;3630;3631;3650;3651;3652,trial_germplasm_bridge_synthetic.csv,1207;1211;1218,10.143333333333334,113.70358199145578,False
8A7B39E8-BCC1-5C99-B8B2-B003A36D2BC1,SYN-TR-0051,893B46A8-3095-5888-954B-596DEA00AEF0,SYN-MZ-00103,TRIAL_ENTRY,4.066666666666666,20.766666666666666,11.756666666666666,observation_synthetic 3.csv,3620;3621;3622;3635;3636;3637;3659;3660;3661,trial_germplasm_bridge_synthetic.csv,1208;1213;1221,10.143333333333334,115.9053565560302,False
8A7B39E8-BCC1-5C99-B8B2-B003A36D2BC1,SYN-TR-0051,895C37E3-3402-5903-BB78-18E139F002E0,SYN-MZ-CHK01,CHECK,5.133333333333333,20.566666666666666,10.21,observation_synthetic 3.csv,3623;3624;3625;3644;3645;3646;3668;3669;3670,trial_germplasm_bridge_synthetic.csv,1209;1216;1224,10.143333333333334,100.65724613867893,False
8A7B39E8-BCC1-5C99-B8B2-B003A36D2BC1,SYN-TR-0051,CF983439-B3D6-5D22-A07F-DA09F8FB30E3,SYN-MZ-00104,TRIAL_ENTRY,2.966666666666667,24.099999999999998,9.32,observation_synthetic 3.csv,3605;3606;3607;3647;3648;3649;3665;3666;3667,trial_germplasm_bridge_synthetic.csv,1203;1217;1223,10.143333333333334,91.88301018731514,False
8A7B39E8-BCC1-5C99-B8B2-B003A36D2BC1,SYN-TR-0051,D31D0B3A-9906-504E-8B88-BA3A51BD3F4E,SYN-MZ-00106,TRIAL_ENTRY,8.433333333333332,18.400000000000002,9.34,observation_synthetic 3.csv,3611;3612;3613;3641;3642;3643;3656;3657;3658,trial_germplasm_bridge_synthetic.csv,1205;1215;1220,10.143333333333334,92.08018402891882,False
8A7B39E8-BCC1-5C99-B8B2-B003A36D2BC1,SYN-TR-0051,DA447553-1807-5120-B084-80712E4595A5,SYN-MZ-00101,TRIAL_ENTRY,3.9,23.666666666666668,9.16,observation_synthetic 3.csv,3614;3615;3616;3632;3633;3634;3671;3672;3673,trial_germplasm_bridge_synthetic.csv,1206;1212;1225,10.143333333333334,90.3056194544857,False
8D645D5F-9474-5298-83AB-D6BF2B0C4E10,SYN-TR-0034,03B42C84-51CA-5773-8E4C-295473835D66,SYN-MZ-CHK02,CHECK,4.233333333333333,21.7,10.863333333333335,observation_synthetic 3.csv,2390;2391;2392;2408;2409;2410;2426;2427;2428,trial_germplasm_bridge_synthetic.csv,798;804;810,10.88,99.84681372549021,False
8D645D5F-9474-5298-83AB-D6BF2B0C4E10,SYN-TR-0034,03DE83EF-F14A-5D54-A2FD-1A335C2D63BE,SYN-MZ-00071,TRIAL_ENTRY,6.233333333333333,22.666666666666668,10.450000000000001,observation_synthetic 3.csv,2396;2397;2398;2402;2403;2404;2435;2436;2437,trial_germplasm_bridge_synthetic.csv,800;802;813,10.88,96.04779411764706,False
8D645D5F-9474-5298-83AB-D6BF2B0C4E10,SYN-TR-0034,13F23BCD-52EF-574F-ACC6-7AB94AFF9049,SYN-MZ-00067,TRIAL_ENTRY,1.7,19.066666666666666,11.906666666666666,observation_synthetic 3.csv,2393;2394;2395;2417;2418;2419;2432;2433;2434,trial_germplasm_bridge_synthetic.csv,799;807;812,10.88,109.4362745098039,False
8D645D5F-9474-5298-83AB-D6BF2B0C4E10,SYN-TR-0034,1BC27665-96A3-5886-8EDB-570805D8AC2B,SYN-MZ-00070,TRIAL_ENTRY,5.8999999999999995,23.666666666666668,10.88,observation_synthetic 3.csv,2378;2379;2380;2405;2406;2407;2441;2442;2443,trial_germplasm_bridge_synthetic.csv,794;803;815,10.88,99.99999999999999,False
8D645D5F-9474-5298-83AB-D6BF2B0C4E10,SYN-TR-0034,30AE404E-D939-5FBD-8E73-82C169F926FA,SYN-MZ-00069,TRIAL_ENTRY,4.7,21.233333333333334,11.483333333333334,observation_synthetic 3.csv,2387;2388;2389;2414;2415;2416;2438;2439;2440,trial_germplasm_bridge_synthetic.csv,797;806;814,10.88,105.5453431372549,False
8D645D5F-9474-5298-83AB-D6BF2B0C4E10,SYN-TR-0034,895C37E3-3402-5903-BB78-18E139F002E0,SYN-MZ-CHK01,CHECK,3.766666666666667,21.266666666666666,10.896666666666667,observation_synthetic 3.csv,2399;2400;2401;2423;2424;2425;2444;2445;2446,trial_germplasm_bridge_synthetic.csv,801;809;816,10.88,100.1531862745098,False
8D645D5F-9474-5298-83AB-D6BF2B0C4E10,SYN-TR-0034,97E544B0-E0F2-5A44-8A8C-DF6E49262D21,SYN-MZ-00068,TRIAL_ENTRY,3.6,20.433333333333334,9.93,observation_synthetic 3.csv,2384;2385;2386;2411;2412;2413;2447;2448;2449,trial_germplasm_bridge_synthetic.csv,796;805;817,10.88,91.26838235294117,False
8D645D5F-9474-5298-83AB-D6BF2B0C4E10,SYN-TR-0034,F2879B3F-447F-597F-B8D9-0CBF58C47571,SYN-MZ-00072,TRIAL_ENTRY,2.8000000000000003,20.866666666666667,10.209999999999999,observation_synthetic 3.csv,2381;2382;2383;2420;2421;2422;2429;2430;2431,trial_germplasm_bridge_synthetic.csv,795;808;811,10.88,93.84191176470587,False
933CC9AA-C7F8-5CAE-A741-56EF5FCFB362,SYN-TR-0067,03B42C84-51CA-5773-8E4C-295473835D66,SYN-MZ-CHK02,CHECK,5.733333333333333,21.633333333333336,9.843333333333334,observation_synthetic 3.csv,4775;4776;4777;4793;4794;4795;4823;4824;4825,trial_germplasm_bridge_synthetic.csv,1593;1599;1609,9.816666666666666,100.2716468590832,False
933CC9AA-C7F8-5CAE-A741-56EF5FCFB362,SYN-TR-0067,209BD3AD-17D6-5EF4-AB69-737AAC8CEEDB,SYN-MZ-00136,TRIAL_ENTRY,4.2,18.099999999999998,10.546666666666667,observation_synthetic 3.csv,4766;4767;4768;4784;4785;4786;4808;4809;4810,trial_germplasm_bridge_synthetic.csv,1590;1596;1604,9.816666666666666,107.43633276740239,False
933CC9AA-C7F8-5CAE-A741-56EF5FCFB362,SYN-TR-0067,21CB14E4-98B8-5908-8539-D73D75F044FB,SYN-MZ-00138,TRIAL_ENTRY,5.533333333333334,21.7,9.583333333333334,observation_synthetic 3.csv,4763;4764;4765;4787;4788;4789;4820;4821;4822,trial_germplasm_bridge_synthetic.csv,1589;1597;1608,9.816666666666666,97.62308998302208,False
933CC9AA-C7F8-5CAE-A741-56EF5FCFB362,SYN-TR-0067,2C90876A-3033-52FD-A2B0-D7957122C89B,SYN-MZ-00134,TRIAL_ENTRY,5.466666666666666,17.933333333333334,9.383333333333333,observation_synthetic 3.csv,4769;4770;4771;4790;4791;4792;4805;4806;4807,trial_germplasm_bridge_synthetic.csv,1591;1598;1603,9.816666666666666,95.58573853989813,False
933CC9AA-C7F8-5CAE-A741-56EF5FCFB362,SYN-TR-0067,4521A948-8DB4-57C9-AD7A-DE07CBC7D66A,SYN-MZ-00135,TRIAL_ENTRY,3.9666666666666663,19.133333333333333,11.113333333333335,observation_synthetic 3.csv,4754;4755;4756;4781;4782;4783;4814;4815;4816,trial_germplasm_bridge_synthetic.csv,1586;1595;1606,9.816666666666666,113.20882852292023,False
933CC9AA-C7F8-5CAE-A741-56EF5FCFB362,SYN-TR-0067,4FF93F22-1CD9-5FC7-BB9E-3A854E35348C,SYN-MZ-00133,TRIAL_ENTRY,7.866666666666667,21.366666666666664,9.126666666666667,observation_synthetic 3.csv,4760;4761;4762;4799;4800;4801;4817;4818;4819,trial_germplasm_bridge_synthetic.csv,1588;1601;1607,9.816666666666666,92.97113752122242,False
933CC9AA-C7F8-5CAE-A741-56EF5FCFB362,SYN-TR-0067,895C37E3-3402-5903-BB78-18E139F002E0,SYN-MZ-CHK01,CHECK,5.566666666666666,21.0,9.79,observation_synthetic 3.csv,4757;4758;4759;4778;4779;4780;4802;4803;4804,trial_germplasm_bridge_synthetic.csv,1587;1594;1602,9.816666666666666,99.7283531409168,False
933CC9AA-C7F8-5CAE-A741-56EF5FCFB362,SYN-TR-0067,F3B70947-7AB8-55DB-AB66-D6A0A31ADB28,SYN-MZ-00137,TRIAL_ENTRY,4.0,24.733333333333334,9.216666666666667,observation_synthetic 3.csv,4772;4773;4774;4796;4797;4798;4811;4812;4813,trial_germplasm_bridge_synthetic.csv,1592;1600;1605,9.816666666666666,93.88794567062818,False
94C804C2-2587-5E91-8890-DF532ADE3266,SYN-TR-0008,03B42C84-51CA-5773-8E4C-295473835D66,SYN-MZ-CHK02,CHECK,3.8333333333333335,21.766666666666666,12.0,observation_synthetic 3.csv,515;516;517;530;531;532;566;567;568,trial_germplasm_bridge_synthetic.csv,173;178;190,11.780000000000001,101.86757215619693,False
94C804C2-2587-5E91-8890-DF532ADE3266,SYN-TR-0008,4A5DFB3F-03B5-5B3F-9852-099CA5A15225,SYN-MZ-00020,TRIAL_ENTRY,6.133333333333333,20.03333333333333,10.656666666666666,observation_synthetic 3.csv,518;519;520;548;549;550;569;570;571,trial_germplasm_bridge_synthetic.csv,174;184;191,11.780000000000001,90.46406338426709,False
94C804C2-2587-5E91-8890-DF532ADE3266,SYN-TR-0008,5A705A98-7EAC-500C-AD19-08E66229D28F,SYN-MZ-00017,TRIAL_ENTRY,5.666666666666667,19.866666666666667,11.316666666666668,observation_synthetic 3.csv,524;525;526;545;546;547;557;558;559,trial_germplasm_bridge_synthetic.csv,176;183;187,11.780000000000001,96.06677985285795,False
94C804C2-2587-5E91-8890-DF532ADE3266,SYN-TR-0008,62C92069-66BF-5B0B-ADBA-8D0357CE459C,SYN-MZ-00018,TRIAL_ENTRY,6.666666666666667,20.366666666666667,12.283333333333333,observation_synthetic 3.csv,509;510;511;551;552;553;572;573;574,trial_germplasm_bridge_synthetic.csv,171;185;192,11.780000000000001,104.27277872099602,False
94C804C2-2587-5E91-8890-DF532ADE3266,SYN-TR-0008,895C37E3-3402-5903-BB78-18E139F002E0,SYN-MZ-CHK01,CHECK,3.533333333333333,21.066666666666666,11.56,observation_synthetic 3.csv,527;528;529;533;534;535;575;576;577,trial_germplasm_bridge_synthetic.csv,177;179;193,11.780000000000001,98.13242784380304,False
94C804C2-2587-5E91-8890-DF532ADE3266,SYN-TR-0008,A8B6980C-FFB9-5F9B-92BA-AF12781ABDDE,SYN-MZ-00019,TRIAL_ENTRY,5.2,21.133333333333333,10.676666666666668,observation_synthetic 3.csv,521;522;523;542;543;544;563;564;565,trial_germplasm_bridge_synthetic.csv,175;182;189,11.780000000000001,90.63384267119412,False
94C804C2-2587-5E91-8890-DF532ADE3266,SYN-TR-0008,B9868147-0FE8-5766-9C66-DD78C3C1EBB4,SYN-MZ-00015,TRIAL_ENTRY,4.166666666666667,22.433333333333337,13.39,observation_synthetic 3.csv,512;513;514;539;540;541;560;561;562,trial_germplasm_bridge_synthetic.csv,172;181;188,11.780000000000001,113.66723259762308,False
94C804C2-2587-5E91-8890-DF532ADE3266,SYN-TR-0008,EE1AC5CF-17E4-5D7C-BA29-EA983FBBF170,SYN-MZ-00016,TRIAL_ENTRY,3.0666666666666664,19.46666666666667,10.796666666666667,observation_synthetic 3.csv,506;507;508;536;537;538;554;555;556,trial_germplasm_bridge_synthetic.csv,170;180;186,11.780000000000001,91.65251839275608,False
94FDAF77-3557-50B1-A7CD-5300F8A4E295,SYN-TR-0057,03B42C84-51CA-5773-8E4C-295473835D66,SYN-MZ-CHK02,CHECK,3.6666666666666665,21.03333333333333,10.290000000000001,observation_synthetic 3.csv,4040;4041;4042;4079;4080;4081;4082;4083;4084,trial_germplasm_bridge_synthetic.csv,1348;1361;1362,10.13,101.57946692991115,False
94FDAF77-3557-50B1-A7CD-5300F8A4E295,SYN-TR-0057,0A671382-D5A5-5B91-99A7-A870223273AB,SYN-MZ-00113,TRIAL_ENTRY,6.766666666666667,21.96666666666667,11.553333333333335,observation_synthetic 3.csv,4055;4056;4057;4064;4065;4066;4091;4092;4093,trial_germplasm_bridge_synthetic.csv,1353;1356;1365,10.13,114.05067456400133,False
94FDAF77-3557-50B1-A7CD-5300F8A4E295,SYN-TR-0057,895C37E3-3402-5903-BB78-18E139F002E0,SYN-MZ-CHK01,CHECK,4.433333333333334,19.866666666666664,9.97,observation_synthetic 3.csv,4049;4050;4051;4061;4062;4063;4103;4104;4105,trial_germplasm_bridge_synthetic.csv,1351;1355;1369,10.13,98.42053307008885,False
94FDAF77-3557-50B1-A7CD-5300F8A4E295,SYN-TR-0057,9836AEB1-465F-5BDA-85AD-80E64BABEB25,SYN-MZ-00116,TRIAL_ENTRY,5.366666666666667,22.96666666666667,9.99,observation_synthetic 3.csv,4037;4038;4039;4073;4074;4075;4088;4089;4090,trial_germplasm_bridge_synthetic.csv,1347;1359;1364,10.13,98.61796643632773,False
94FDAF77-3557-50B1-A7CD-5300F8A4E295,SYN-TR-0057,D24220FC-041B-5AE7-8248-88C18C7CFFA0,SYN-MZ-00117,TRIAL_ENTRY,3.8000000000000003,20.066666666666666,10.756666666666666,observation_synthetic 3.csv,4052;4053;4054;4076;4077;4078;4097;4098;4099,trial_germplasm_bridge_synthetic.csv,1352;1360;1367,10.13,106.18624547548534,False
94FDAF77-3557-50B1-A7CD-5300F8A4E295,SYN-TR-0057,D548B0A8-3654-59DE-87E2-E8729F9D0F8C,SYN-MZ-00115,TRIAL_ENTRY,2.533333333333333,22.766666666666666,9.993333333333334,observation_synthetic 3.csv,4043;4044;4045;4058;4059;4060;4100;4101;4102,trial_germplasm_bridge_synthetic.csv,1349;1354;1368,10.13,98.65087199736755,False
94FDAF77-3557-50B1-A7CD-5300F8A4E295,SYN-TR-0057,EA1A8089-DDED-5385-9EA5-239A2F522931,SYN-MZ-00114,TRIAL_ENTRY,2.5,22.166666666666668,8.31,observation_synthetic 3.csv,4034;4035;4036;4067;4068;4069;4094;4095;4096,trial_germplasm_bridge_synthetic.csv,1346;1357;1366,10.13,82.03356367226061,False
94FDAF77-3557-50B1-A7CD-5300F8A4E295,SYN-TR-0057,F288242F-5737-58C8-88E2-064D25869916,SYN-MZ-00118,TRIAL_ENTRY,2.766666666666667,24.433333333333334,11.589999999999998,observation_synthetic 3.csv,4046;4047;4048;4070;4071;4072;4085;4086;4087,trial_germplasm_bridge_synthetic.csv,1350;1358;1363,10.13,114.41263573543925,False
99C4D8C9-F6E6-5684-8A9E-9A7649AAAA19,SYN-TR-0047,03B42C84-51CA-5773-8E4C-295473835D66,SYN-MZ-CHK02,CHECK,3.733333333333333,22.0,10.58,observation_synthetic 3.csv,3332;3333;3334;3356;3357;3358;3362;3363;3364,trial_germplasm_bridge_synthetic.csv,1112;1120;1122,9.993333333333332,105.87058038692463,False
99C4D8C9-F6E6-5684-8A9E-9A7649AAAA19,SYN-TR-0047,2C6AA0B0-74B8-5881-AF7F-A0E4DC68084E,SYN-MZ-00093,TRIAL_ENTRY,3.466666666666667,19.933333333333334,8.046666666666667,observation_synthetic 3.csv,3329;3330;3331;3359;3360;3361;3374;3375;3376,trial_germplasm_bridge_synthetic.csv,1111;1121;1126,9.993333333333332,80.52034689793197,False
99C4D8C9-F6E6-5684-8A9E-9A7649AAAA19,SYN-TR-0047,379AF3A2-F022-5112-8FBC-475F91FA6D97,SYN-MZ-00094,TRIAL_ENTRY,3.1,20.433333333333334,9.656666666666666,observation_synthetic 3.csv,3326;3327;3328;3350;3351;3352;3368;3369;3370,trial_germplasm_bridge_synthetic.csv,1110;1118;1124,9.993333333333332,96.6310873915944,False
99C4D8C9-F6E6-5684-8A9E-9A7649AAAA19,SYN-TR-0047,4265656C-7A38-5B04-870F-0382345E46B7,SYN-MZ-00095,TRIAL_ENTRY,2.3333333333333335,21.733333333333334,9.9,observation_synthetic 3.csv,3314;3315;3316;3353;3354;3355;3383;3384;3385,trial_germplasm_bridge_synthetic.csv,1106;1119;1129,9.993333333333332,99.06604402935291,False
99C4D8C9-F6E6-5684-8A9E-9A7649AAAA19,SYN-TR-0047,7B87D561-B90D-5BFD-97D7-06E49347CFC4,SYN-MZ-00096,TRIAL_ENTRY,2.0,19.466666666666665,9.33,observation_synthetic 3.csv,3335;3336;3337;3344;3345;3346;3380;3381;3382,trial_germplasm_bridge_synthetic.csv,1113;1116;1128,9.993333333333332,93.36224149432957,False
99C4D8C9-F6E6-5684-8A9E-9A7649AAAA19,SYN-TR-0047,80342D18-DE48-5965-9D36-F804CFB33A6A,SYN-MZ-00097,TRIAL_ENTRY,1.9666666666666666,19.366666666666664,9.69,observation_synthetic 3.csv,3320;3321;3322;3347;3348;3349;3371;3372;3373,trial_germplasm_bridge_synthetic.csv,1108;1117;1125,9.993333333333332,96.96464309539694,False
99C4D8C9-F6E6-5684-8A9E-9A7649AAAA19,SYN-TR-0047,895C37E3-3402-5903-BB78-18E139F002E0,SYN-MZ-CHK01,CHECK,4.266666666666667,20.733333333333334,9.406666666666666,observation_synthetic 3.csv,3317;3318;3319;3338;3339;3340;3365;3366;3367,trial_germplasm_bridge_synthetic.csv,1107;1114;1123,9.993333333333332,94.12941961307538,False
99C4D8C9-F6E6-5684-8A9E-9A7649AAAA19,SYN-TR-0047,E4649EAD-58A5-57C7-8B46-6215401FFEE3,SYN-MZ-00098,TRIAL_ENTRY,3.1666666666666665,20.133333333333333,10.936666666666667,observation_synthetic 3.csv,3323;3324;3325;3341;3342;3343;3377;3378;3379,trial_germplasm_bridge_synthetic.csv,1109;1115;1127,9.993333333333332,109.43962641761176,False
9AF1BFD4-3E05-539C-AA80-BF5FB0A07CD3,SYN-TR-0052,03B42C84-51CA-5773-8E4C-295473835D66,SYN-MZ-CHK02,CHECK,4.3,21.03333333333333,10.780000000000001,observation_synthetic 3.csv,3680;3681;3682;3710;3711;3712;3743;3744;3745,trial_germplasm_bridge_synthetic.csv,1228;1238;1249,10.783333333333335,99.96908809891806,False
9AF1BFD4-3E05-539C-AA80-BF5FB0A07CD3,SYN-TR-0052,40E15A0B-137C-5F72-A21C-478860954756,SYN-MZ-00105,TRIAL_ENTRY,6.566666666666666,19.96666666666667,12.43,observation_synthetic 3.csv,3674;3675;3676;3707;3708;3709;3728;3729;3730,trial_germplasm_bridge_synthetic.csv,1226;1237;1244,10.783333333333335,115.27047913446675,False
9AF1BFD4-3E05-539C-AA80-BF5FB0A07CD3,SYN-TR-0052,6CAF66B9-5911-548A-9CD3-402E210E39DF,SYN-MZ-00107,TRIAL_ENTRY,2.9333333333333336,19.5,9.856666666666667,observation_synthetic 3.csv,3683;3684;3685;3704;3705;3706;3737;3738;3739,trial_germplasm_bridge_synthetic.csv,1229;1236;1247,10.783333333333335,91.4064914992272,False
9AF1BFD4-3E05-539C-AA80-BF5FB0A07CD3,SYN-TR-0052,7BFD7ED8-D740-54E9-9E9D-89E766C468ED,SYN-MZ-00108,TRIAL_ENTRY,2.8333333333333335,20.766666666666666,10.13,observation_synthetic 3.csv,3686;3687;3688;3719;3720;3721;3734;3735;3736,trial_germplasm_bridge_synthetic.csv,1230;1241;1246,10.783333333333335,93.94126738794435,False
9AF1BFD4-3E05-539C-AA80-BF5FB0A07CD3,SYN-TR-0052,893B46A8-3095-5888-954B-596DEA00AEF0,SYN-MZ-00103,TRIAL_ENTRY,2.233333333333333,22.666666666666668,12.606666666666667,observation_synthetic 3.csv,3695;3696;3697;3698;3699;3700;3740;3741;3742,trial_germplasm_bridge_synthetic.csv,1233;1234;1248,10.783333333333335,116.90880989180833,False
9AF1BFD4-3E05-539C-AA80-BF5FB0A07CD3,SYN-TR-0052,895C37E3-3402-5903-BB78-18E139F002E0,SYN-MZ-CHK01,CHECK,5.066666666666666,20.466666666666665,10.786666666666667,observation_synthetic 3.csv,3677;3678;3679;3701;3702;3703;3722;3723;3724,trial_germplasm_bridge_synthetic.csv,1227;1235;1242,10.783333333333335,100.03091190108191,False
9AF1BFD4-3E05-539C-AA80-BF5FB0A07CD3,SYN-TR-0052,CF983439-B3D6-5D22-A07F-DA09F8FB30E3,SYN-MZ-00104,TRIAL_ENTRY,2.566666666666667,24.400000000000002,10.403333333333334,observation_synthetic 3.csv,3689;3690;3691;3713;3714;3715;3725;3726;3727,trial_germplasm_bridge_synthetic.csv,1231;1239;1243,10.783333333333335,96.47604327666151,False
9AF1BFD4-3E05-539C-AA80-BF5FB0A07CD3,SYN-TR-0052,D31D0B3A-9906-504E-8B88-BA3A51BD3F4E,SYN-MZ-00106,TRIAL_ENTRY,7.633333333333333,19.933333333333334,9.826666666666666,observation_synthetic 3.csv,3692;3693;3694;3716;3717;3718;3731;3732;3733,trial_germplasm_bridge_synthetic.csv,1232;1240;1245,10.783333333333335,91.12828438948993,False
9F2352FD-C5E2-599E-AB87-008C83FA07A9,SYN-TR-0041,03B42C84-51CA-5773-8E4C-295473835D66,SYN-MZ-CHK02,CHECK,4.2,23.099999999999998,9.946666666666667,observation_synthetic 3.csv,2894;2895;2896;2924;2925;2926;2933;2934;2935,trial_germplasm_bridge_synthetic.csv,966;976;979,9.818333333333333,101.30707859446615,False
9F2352FD-C5E2-599E-AB87-008C83FA07A9,SYN-TR-0041,1776443C-40AD-5505-8CE0-36F14142D18C,SYN-MZ-00083,TRIAL_ENTRY,5.566666666666666,20.133333333333336,9.653333333333334,observation_synthetic 3.csv,2900;2901;2902;2921;2922;2923;2951;2952;2953,trial_germplasm_bridge_synthetic.csv,968;975;985,9.818333333333333,98.31947037854354,False
9F2352FD-C5E2-599E-AB87-008C83FA07A9,SYN-TR-0041,1DF480F4-4F01-5A4A-A0FE-B2851472B411,SYN-MZ-00085,TRIAL_ENTRY,2.9666666666666663,22.233333333333334,10.049999999999999,observation_synthetic 3.csv,2903;2904;2905;2909;2910;2911;2936;2937;2938,trial_germplasm_bridge_synthetic.csv,969;971;980,9.818333333333333,102.35953148871158,False
9F2352FD-C5E2-599E-AB87-008C83FA07A9,SYN-TR-0041,53D0944B-7E8C-523D-AD45-43CF3C0E1ECC,SYN-MZ-00082,TRIAL_ENTRY,3.9,20.366666666666664,8.44,observation_synthetic 3.csv,2891;2892;2893;2906;2907;2908;2942;2943;2944,trial_germplasm_bridge_synthetic.csv,965;970;982,9.818333333333333,85.96163639450009,False
9F2352FD-C5E2-599E-AB87-008C83FA07A9,SYN-TR-0041,7E96F35C-0C2F-54B8-98B1-52354D151D67,SYN-MZ-00086,TRIAL_ENTRY,2.766666666666667,22.133333333333336,8.363333333333332,observation_synthetic 3.csv,2897;2898;2899;2915;2916;2917;2930;2931;2932,trial_germplasm_bridge_synthetic.csv,967;973;978,9.818333333333333,85.18078424715667,False
9F2352FD-C5E2-599E-AB87-008C83FA07A9,SYN-TR-0041,8940668C-190D-5BCB-95FD-A9FCAD3A0A50,SYN-MZ-00084,TRIAL_ENTRY,6.333333333333333,20.96666666666667,10.26,observation_synthetic 3.csv,2885;2886;2887;2912;2913;2914;2945;2946;2947,trial_germplasm_bridge_synthetic.csv,963;972;983,9.818333333333333,104.49838737056527,False
9F2352FD-C5E2-599E-AB87-008C83FA07A9,SYN-TR-0041,895C37E3-3402-5903-BB78-18E139F002E0,SYN-MZ-CHK01,CHECK,4.366666666666667,20.666666666666668,9.69,observation_synthetic 3.csv,2882;2883;2884;2927;2928;2929;2939;2940;2941,trial_germplasm_bridge_synthetic.csv,962;977;981,9.818333333333333,98.69292140553387,False
9F2352FD-C5E2-599E-AB87-008C83FA07A9,SYN-TR-0041,B13508E2-8CB0-595E-803A-083438893C79,SYN-MZ-00081,TRIAL_ENTRY,7.066666666666666,21.46666666666667,10.616666666666667,observation_synthetic 3.csv,2888;2889;2890;2918;2919;2920;2948;2949;2950,trial_germplasm_bridge_synthetic.csv,964;974;984,9.818333333333333,108.13104736038025,False
A0D44BDB-2608-5450-B575-42E04078C5AE,SYN-TR-0043,03B42C84-51CA-5773-8E4C-295473835D66,SYN-MZ-CHK02,CHECK,4.133333333333334,21.2,9.903333333333334,observation_synthetic 3.csv,3035;3036;3037;3059;3060;3061;3074;3075;3076,trial_germplasm_bridge_synthetic.csv,1013;1021;1026,9.566666666666666,103.5191637630662,False
A0D44BDB-2608-5450-B575-42E04078C5AE,SYN-TR-0043,1DF480F4-4F01-5A4A-A0FE-B2851472B411,SYN-MZ-00085,TRIAL_ENTRY,3.533333333333333,21.866666666666664,9.91,observation_synthetic 3.csv,3026;3027;3028;3065;3066;3067;3080;3081;3082,trial_germplasm_bridge_synthetic.csv,1010;1023;1028,9.566666666666666,103.58885017421603,False
A0D44BDB-2608-5450-B575-42E04078C5AE,SYN-TR-0043,2866BB0A-D294-5C24-99D2-7179D7D8364C,SYN-MZ-00087,TRIAL_ENTRY,3.0666666666666664,23.266666666666666,10.14,observation_synthetic 3.csv,3047;3048;3049;3053;3054;3055;3089;3090;3091,trial_germplasm_bridge_synthetic.csv,1017;1019;1031,9.566666666666666,105.99303135888502,False
A0D44BDB-2608-5450-B575-42E04078C5AE,SYN-TR-0043,30A919A5-B07D-5B43-8FFC-C5BB2E05CDD2,SYN-MZ-00090,TRIAL_ENTRY,6.366666666666667,23.5,11.023333333333333,observation_synthetic 3.csv,3032;3033;3034;3056;3057;3058;3092;3093;3094,trial_germplasm_bridge_synthetic.csv,1012;1020;1032,9.566666666666666,115.22648083623693,False
A0D44BDB-2608-5450-B575-42E04078C5AE,SYN-TR-0043,33C68A96-F0D2-56B2-8383-F0E7C98CEDFB,SYN-MZ-00089,TRIAL_ENTRY,7.766666666666667,18.099999999999998,9.203333333333333,observation_synthetic 3.csv,3044;3045;3046;3062;3063;3064;3077;3078;3079,trial_germplasm_bridge_synthetic.csv,1016;1022;1027,9.566666666666666,96.20209059233449,False
A0D44BDB-2608-5450-B575-42E04078C5AE,SYN-TR-0043,70C5D805-8AAC-56F1-99F0-208C9D1DBBB6,SYN-MZ-00088,TRIAL_ENTRY,3.733333333333333,16.7,10.596666666666666,observation_synthetic 3.csv,3041;3042;3043;3071;3072;3073;3095;3096;3097,trial_germplasm_bridge_synthetic.csv,1015;1025;1033,9.566666666666666,110.76655052264807,False
A0D44BDB-2608-5450-B575-42E04078C5AE,SYN-TR-0043,7E96F35C-0C2F-54B8-98B1-52354D151D67,SYN-MZ-00086,TRIAL_ENTRY,3.1,22.5,8.466666666666667,observation_synthetic 3.csv,3029;3030;3031;3068;3069;3070;3083;3084;3085,trial_germplasm_bridge_synthetic.csv,1011;1024;1029,9.566666666666666,88.50174216027874,False
A0D44BDB-2608-5450-B575-42E04078C5AE,SYN-TR-0043,895C37E3-3402-5903-BB78-18E139F002E0,SYN-MZ-CHK01,CHECK,4.033333333333333,20.433333333333334,9.229999999999999,observation_synthetic 3.csv,3038;3039;3040;3050;3051;3052;3086;3087;3088,trial_germplasm_bridge_synthetic.csv,1014;1018;1030,9.566666666666666,96.48083623693378,False
A3957F83-AE7F-5602-B08A-23FFBA223FFF,SYN-TR-0022,03B42C84-51CA-5773-8E4C-295473835D66,SYN-MZ-CHK02,CHECK,3.6666666666666665,21.433333333333334,9.616666666666667,observation_synthetic 3.csv,1523;1524;1525;1538;1539;1540;1580;1581;1582,trial_germplasm_bridge_synthetic.csv,509;514;528,9.528333333333332,100.92705964666786,True
A3957F83-AE7F-5602-B08A-23FFBA223FFF,SYN-TR-0022,4FEFE8DE-C128-57D8-B2A9-D05EA011ABBB,SYN-MZ-00047,TRIAL_ENTRY,3.233333333333333,19.466666666666665,11.093333333333334,observation_synthetic 3.csv,1520;1521;1522;1541;1542;1543;1562;1563;1564,trial_germplasm_bridge_synthetic.csv,508;515;522,9.528333333333332,116.42469826832257,True
A3957F83-AE7F-5602-B08A-23FFBA223FFF,SYN-TR-0022,55B1F533-E637-592C-BE49-07B3119C93B6,SYN-MZ-00045,TRIAL_ENTRY,3.533333333333333,17.766666666666666,8.463333333333333,observation_synthetic 3.csv,1529;1530;1531;1547;1548;1549;1571;1572;1573,trial_germplasm_bridge_synthetic.csv,511;517;525,9.528333333333332,88.82280916564632,True
A3957F83-AE7F-5602-B08A-23FFBA223FFF,SYN-TR-0022,7663F6FC-3144-5397-8DC5-49CF05A78783,SYN-MZ-00044,TRIAL_ENTRY,2.3,20.866666666666667,9.243333333333334,observation_synthetic 3.csv,1514;1515;1516;1544;1545;1546;1565;1566;1567,trial_germplasm_bridge_synthetic.csv,506;516;523,9.528333333333332,97.00892076263776,True
A3957F83-AE7F-5602-B08A-23FFBA223FFF,SYN-TR-0022,80674DED-4AF0-56B4-A82F-676B047FD1F9,SYN-MZ-00043,TRIAL_ENTRY,2.766666666666667,22.8,8.933333333333334,observation_synthetic 3.csv,1532;1533;1534;1556;1557;1558;1583;1584;1585,trial_germplasm_bridge_synthetic.csv,512;520;529,9.528333333333332,93.75546615357706,True
A3957F83-AE7F-5602-B08A-23FFBA223FFF,SYN-TR-0022,895C37E3-3402-5903-BB78-18E139F002E0,SYN-MZ-CHK01,CHECK,4.233333333333333,21.5,9.44,observation_synthetic 3.csv,1535;1536;1537;1553;1554;1555;1577;1578;1579,trial_germplasm_bridge_synthetic.csv,513;519;527,9.528333333333332,99.07294035333217,True
A3957F83-AE7F-5602-B08A-23FFBA223FFF,SYN-TR-0022,A8A251E0-1271-51D8-829F-8F673FA25406,SYN-MZ-00046,TRIAL_ENTRY,2.9333333333333336,22.166666666666668,9.173333333333332,observation_synthetic 3.csv,1517;1518;1519;1550;1551;1552;1574;1575;1576,trial_germplasm_bridge_synthetic.csv,507;518;526,9.528333333333332,96.2742697218821,True
A3957F83-AE7F-5602-B08A-23FFBA223FFF,SYN-TR-0022,E79AFB8F-D81A-5126-9812-31F64FF56B0A,SYN-MZ-00048,TRIAL_ENTRY,4.6000000000000005,22.8,10.85,observation_synthetic 3.csv,1526;1527;1528;1559;1560;1561;1568;1569;1570,trial_germplasm_bridge_synthetic.csv,510;521;524,9.528333333333332,113.87091131712438,True
ACFB6E7C-7125-530E-8180-38447CC17AE6,SYN-TR-0063,03B42C84-51CA-5773-8E4C-295473835D66,SYN-MZ-CHK02,CHECK,3.8000000000000003,21.366666666666664,9.979999999999999,observation_synthetic 3.csv,4472;4473;4474;4493;4494;4495;4514;4515;4516,trial_germplasm_bridge_synthetic.csv,1492;1499;1506,9.823333333333332,101.59484221241941,False
ACFB6E7C-7125-530E-8180-38447CC17AE6,SYN-TR-0063,429606DB-8ABE-5CFA-9D27-93EF31C370D5,SYN-MZ-00129,TRIAL_ENTRY,6.7,18.933333333333334,9.006666666666668,observation_synthetic 3.csv,4481;4482;4483;4502;4503;4504;4532;4533;4534,trial_germplasm_bridge_synthetic.csv,1495;1502;1512,9.823333333333332,91.68646080760097,False
ACFB6E7C-7125-530E-8180-38447CC17AE6,SYN-TR-0063,73D01A3C-D183-58B5-B11D-D2CD40EA1852,SYN-MZ-00126,TRIAL_ENTRY,4.333333333333333,26.2,9.583333333333334,observation_synthetic 3.csv,4469;4470;4471;4496;4497;4498;4529;4530;4531,trial_germplasm_bridge_synthetic.csv,1491;1500;1511,9.823333333333332,97.5568374618256,False
ACFB6E7C-7125-530E-8180-38447CC17AE6,SYN-TR-0063,8040C400-F38F-5834-98D2-13FDFCC541BF,SYN-MZ-00128,TRIAL_ENTRY,6.766666666666667,21.8,9.77,observation_synthetic 3.csv,4487;4488;4489;4505;4506;4507;4535;4536;4537,trial_germplasm_bridge_synthetic.csv,1497;1503;1513,9.823333333333332,99.4570749915168,False
ACFB6E7C-7125-530E-8180-38447CC17AE6,SYN-TR-0063,895C37E3-3402-5903-BB78-18E139F002E0,SYN-MZ-CHK01,CHECK,4.0,20.0,9.666666666666666,observation_synthetic 3.csv,4484;4485;4486;4508;4509;4510;4526;4527;4528,trial_germplasm_bridge_synthetic.csv,1496;1504;1510,9.823333333333332,98.40515778758059,False
ACFB6E7C-7125-530E-8180-38447CC17AE6,SYN-TR-0063,A8461C6C-7A4F-54DE-9B92-9F215036C45E,SYN-MZ-00127,TRIAL_ENTRY,2.3000000000000003,23.53333333333333,9.200000000000001,observation_synthetic 3.csv,4466;4467;4468;4511;4512;4513;4520;4521;4522,trial_germplasm_bridge_synthetic.csv,1490;1505;1508,9.823333333333332,93.65456396335259,False
ACFB6E7C-7125-530E-8180-38447CC17AE6,SYN-TR-0063,B1D28754-3CDD-55F8-B8B1-CC2BD54CBC86,SYN-MZ-00125,TRIAL_ENTRY,2.4333333333333336,22.566666666666666,10.333333333333334,observation_synthetic 3.csv,4478;4479;4480;4499;4500;4501;4517;4518;4519,trial_germplasm_bridge_synthetic.csv,1494;1501;1507,9.823333333333332,105.19172039362066,False
ACFB6E7C-7125-530E-8180-38447CC17AE6,SYN-TR-0063,C9E8677D-E4B2-5B43-9A17-030646404FA5,SYN-MZ-00130,TRIAL_ENTRY,4.2,21.96666666666667,10.163333333333334,observation_synthetic 3.csv,4475;4476;4477;4490;4491;4492;4523;4524;4525,trial_germplasm_bridge_synthetic.csv,1493;1498;1509,9.823333333333332,103.46114692908043,False
AEBCFD48-1367-5966-BCA4-24EBE9225BE7,SYN-TR-0060,03B42C84-51CA-5773-8E4C-295473835D66,SYN-MZ-CHK02,CHECK,3.4333333333333336,22.03333333333333,10.159999999999998,observation_synthetic 3.csv,4262;4263;4264;4283;4284;4285;4319;4320;4321,trial_germplasm_bridge_synthetic.csv,1422;1429;1441,10.321666666666665,98.43371548522525,False
AEBCFD48-1367-5966-BCA4-24EBE9225BE7,SYN-TR-0060,4E026AB5-7BF0-56A0-9A72-D0B70F1FA056,SYN-MZ-00121,TRIAL_ENTRY,2.6999999999999997,21.099999999999998,9.56,observation_synthetic 3.csv,4253;4254;4255;4274;4275;4276;4301;4302;4303,trial_germplasm_bridge_synthetic.csv,1419;1426;1435,10.321666666666665,92.6207007912159,False
AEBCFD48-1367-5966-BCA4-24EBE9225BE7,SYN-TR-0060,6EA50459-A971-5271-BBBC-46B5E2E45F2F,SYN-MZ-00120,TRIAL_ENTRY,5.1000000000000005,19.7,11.123333333333333,observation_synthetic 3.csv,4268;4269;4270;4292;4293;4294;4307;4308;4309,trial_germplasm_bridge_synthetic.csv,1424;1432;1437,10.321666666666665,107.76683352171807,False
AEBCFD48-1367-5966-BCA4-24EBE9225BE7,SYN-TR-0060,895C37E3-3402-5903-BB78-18E139F002E0,SYN-MZ-CHK01,CHECK,4.1000000000000005,21.733333333333334,10.483333333333333,observation_synthetic 3.csv,4256;4257;4258;4289;4290;4291;4304;4305;4306,trial_germplasm_bridge_synthetic.csv,1420;1431;1436,10.321666666666665,101.56628451477475,False
AEBCFD48-1367-5966-BCA4-24EBE9225BE7,SYN-TR-0060,B0670171-6745-5AD1-B294-0798F9335903,SYN-MZ-00124,TRIAL_ENTRY,4.233333333333333,19.099999999999998,10.38,observation_synthetic 3.csv,4259;4260;4261;4295;4296;4297;4310;4311;4312,trial_germplasm_bridge_synthetic.csv,1421;1433;1438,10.321666666666665,100.56515420636204,False
AEBCFD48-1367-5966-BCA4-24EBE9225BE7,SYN-TR-0060,B4D65658-99B8-5007-8181-CB57FABF1A6A,SYN-MZ-00122,TRIAL_ENTRY,2.4,19.166666666666668,11.123333333333335,observation_synthetic 3.csv,4250;4251;4252;4277;4278;4279;4313;4314;4315,trial_germplasm_bridge_synthetic.csv,1418;1427;1439,10.321666666666665,107.7668335217181,False
AEBCFD48-1367-5966-BCA4-24EBE9225BE7,SYN-TR-0060,CABD4F18-9788-5897-9751-A7B474D482E3,SYN-MZ-00119,TRIAL_ENTRY,3.7000000000000006,23.23333333333333,11.466666666666667,observation_synthetic 3.csv,4265;4266;4267;4280;4281;4282;4316;4317;4318,trial_germplasm_bridge_synthetic.csv,1423;1428;1440,10.321666666666665,111.09316970773456,False
AEBCFD48-1367-5966-BCA4-24EBE9225BE7,SYN-TR-0060,EF6A4ED1-3F26-5D92-87D7-851E6A84CE9E,SYN-MZ-00123,TRIAL_ENTRY,6.0,20.233333333333334,9.753333333333332,observation_synthetic 3.csv,4271;4272;4273;4286;4287;4288;4298;4299;4300,trial_germplasm_bridge_synthetic.csv,1425;1430;1434,10.321666666666665,94.49378330373003,False
B2E70F33-863F-5A0F-A7D1-6A48422C7A3B,SYN-TR-0050,03B42C84-51CA-5773-8E4C-295473835D66,SYN-MZ-CHK02,CHECK,3.766666666666667,22.133333333333336,11.793333333333335,observation_synthetic 3.csv,3530;3531;3532;3575;3576;3577;3599;3600;3601,trial_germplasm_bridge_synthetic.csv,1178;1193;1201,11.686666666666667,100.91272104962921,False
B2E70F33-863F-5A0F-A7D1-6A48422C7A3B,SYN-TR-0050,304B66ED-814D-55CC-98B7-61DD44128E03,SYN-MZ-00100,TRIAL_ENTRY,2.533333333333333,22.666666666666668,10.969999999999999,observation_synthetic 3.csv,3533;3534;3535;3563;3564;3565;3590;3591;3592,trial_germplasm_bridge_synthetic.csv,1179;1189;1198,11.686666666666667,93.86765544780376,False
B2E70F33-863F-5A0F-A7D1-6A48422C7A3B,SYN-TR-0050,3AD75EC5-AEFA-5A56-9854-25EA1D3F7092,SYN-MZ-00102,TRIAL_ENTRY,2.966666666666667,22.166666666666668,11.160000000000002,observation_synthetic 3.csv,3551;3552;3553;3569;3570;3571;3593;3594;3595,trial_germplasm_bridge_synthetic.csv,1185;1191;1199,11.686666666666667,95.49343981745581,False
B2E70F33-863F-5A0F-A7D1-6A48422C7A3B,SYN-TR-0050,893B46A8-3095-5888-954B-596DEA00AEF0,SYN-MZ-00103,TRIAL_ENTRY,3.1999999999999997,21.5,13.946666666666665,observation_synthetic 3.csv,3542;3543;3544;3566;3567;3568;3578;3579;3580,trial_germplasm_bridge_synthetic.csv,1182;1190;1194,11.686666666666667,119.33827723901881,False
B2E70F33-863F-5A0F-A7D1-6A48422C7A3B,SYN-TR-0050,895C37E3-3402-5903-BB78-18E139F002E0,SYN-MZ-CHK01,CHECK,4.433333333333334,21.133333333333333,11.58,observation_synthetic 3.csv,3536;3537;3538;3572;3573;3574;3596;3597;3598,trial_germplasm_bridge_synthetic.csv,1180;1192;1200,11.686666666666667,99.08727895037079,False
B2E70F33-863F-5A0F-A7D1-6A48422C7A3B,SYN-TR-0050,CF983439-B3D6-5D22-A07F-DA09F8FB30E3,SYN-MZ-00104,TRIAL_ENTRY,2.1333333333333333,23.96666666666667,11.046666666666667,observation_synthetic 3.csv,3545;3546;3547;3560;3561;3562;3584;3585;3586,trial_germplasm_bridge_synthetic.csv,1183;1188;1196,11.686666666666667,94.52367370222476,False
B2E70F33-863F-5A0F-A7D1-6A48422C7A3B,SYN-TR-0050,DA447553-1807-5120-B084-80712E4595A5,SYN-MZ-00101,TRIAL_ENTRY,2.4,23.833333333333332,11.033333333333333,observation_synthetic 3.csv,3539;3540;3541;3554;3555;3556;3581;3582;3583,trial_germplasm_bridge_synthetic.csv,1181;1186;1195,11.686666666666667,94.40958357102109,False
B2E70F33-863F-5A0F-A7D1-6A48422C7A3B,SYN-TR-0050,EB3CC5B4-5306-5D95-8FC0-A6D315636DAC,SYN-MZ-00099,TRIAL_ENTRY,4.5,21.833333333333332,12.256666666666668,observation_synthetic 3.csv,3548;3549;3550;3557;3558;3559;3587;3588;3589,trial_germplasm_bridge_synthetic.csv,1184;1187;1197,11.686666666666667,104.87735310895607,False
BADA8A67-142B-5326-A84C-C2C2E50F93E4,SYN-TR-0005,03B42C84-51CA-5773-8E4C-295473835D66,SYN-MZ-CHK02,CHECK,4.366666666666666,20.866666666666664,10.0,observation_synthetic 3.csv,293;294;295;323;324;325;344;345;346,trial_germplasm_bridge_synthetic.csv,99;109;116,10.001666666666667,99.98333611064822,False
BADA8A67-142B-5326-A84C-C2C2E50F93E4,SYN-TR-0005,080F0B64-D97A-588D-B40C-A051B359AE52,SYN-MZ-00012,TRIAL_ENTRY,5.633333333333333,19.400000000000002,11.203333333333333,observation_synthetic 3.csv,299;300;301;320;321;322;359;360;361,trial_germplasm_bridge_synthetic.csv,101;108;121,10.001666666666667,112.01466422262955,False
BADA8A67-142B-5326-A84C-C2C2E50F93E4,SYN-TR-0005,0ABDF50B-E599-5A0E-AAD7-B3801C204FEF,SYN-MZ-00013,TRIAL_ENTRY,3.9,19.566666666666666,10.676666666666668,observation_synthetic 3.csv,290;291;292;335;336;337;347;348;349,trial_germplasm_bridge_synthetic.csv,98;113;117,10.001666666666667,106.74887518746876,False
BADA8A67-142B-5326-A84C-C2C2E50F93E4,SYN-TR-0005,49F400C7-67D9-53F7-8C2F-7709D22BA540,SYN-MZ-00009,TRIAL_ENTRY,2.433333333333333,18.833333333333332,10.016666666666667,observation_synthetic 3.csv,305;306;307;332;333;334;338;339;340,trial_germplasm_bridge_synthetic.csv,103;112;114,10.001666666666667,100.14997500416598,False
BADA8A67-142B-5326-A84C-C2C2E50F93E4,SYN-TR-0005,55B846CE-0304-5467-83C6-6E6D33550CDF,SYN-MZ-00010,TRIAL_ENTRY,4.5,21.266666666666666,10.113333333333335,observation_synthetic 3.csv,308;309;310;317;318;319;350;351;352,trial_germplasm_bridge_synthetic.csv,104;107;118,10.001666666666667,101.11648058656891,False
BADA8A67-142B-5326-A84C-C2C2E50F93E4,SYN-TR-0005,8689D2D4-7776-5FC8-813D-D63017F0337E,SYN-MZ-00011,TRIAL_ENTRY,3.3000000000000003,21.133333333333333,10.583333333333334,observation_synthetic 3.csv,296;297;298;314;315;316;356;357;358,trial_germplasm_bridge_synthetic.csv,100;106;120,10.001666666666667,105.81569738376939,False
BADA8A67-142B-5326-A84C-C2C2E50F93E4,SYN-TR-0005,895C37E3-3402-5903-BB78-18E139F002E0,SYN-MZ-CHK01,CHECK,4.266666666666667,20.566666666666666,10.003333333333334,observation_synthetic 3.csv,302;303;304;329;330;331;353;354;355,trial_germplasm_bridge_synthetic.csv,102;111;119,10.001666666666667,100.01666388935178,False
BADA8A67-142B-5326-A84C-C2C2E50F93E4,SYN-TR-0005,99EE49D0-F7F6-53CE-8FC9-ACF251077CD3,SYN-MZ-00014,TRIAL_ENTRY,2.3333333333333335,21.333333333333332,8.83,observation_synthetic 3.csv,311;312;313;326;327;328;341;342;343,trial_germplasm_bridge_synthetic.csv,105;110;115,10.001666666666667,88.28528578570238,False
BB0DDB23-0F68-5B2F-B562-923882636910,SYN-TR-0065,03B42C84-51CA-5773-8E4C-295473835D66,SYN-MZ-CHK02,CHECK,4.1,20.633333333333333,9.793333333333333,observation_synthetic 3.csv,4613;4614;4615;4655;4656;4657;4658;4659;4660,trial_germplasm_bridge_synthetic.csv,1539;1553;1554,9.923333333333334,98.68995633187772,False
BB0DDB23-0F68-5B2F-B562-923882636910,SYN-TR-0065,2C90876A-3033-52FD-A2B0-D7957122C89B,SYN-MZ-00134,TRIAL_ENTRY,4.8,18.066666666666666,9.356666666666667,observation_synthetic 3.csv,4622;4623;4624;4652;4653;4654;4679;4680;4681,trial_germplasm_bridge_synthetic.csv,1542;1552;1561,9.923333333333334,94.2895532415183,False
BB0DDB23-0F68-5B2F-B562-923882636910,SYN-TR-0065,429606DB-8ABE-5CFA-9D27-93EF31C370D5,SYN-MZ-00129,TRIAL_ENTRY,7.366666666666667,19.433333333333334,9.283333333333333,observation_synthetic 3.csv,4616;4617;4618;4649;4650;4651;4664;4665;4666,trial_germplasm_bridge_synthetic.csv,1540;1551;1556,9.923333333333334,93.5505542492442,False
BB0DDB23-0F68-5B2F-B562-923882636910,SYN-TR-0065,4FF93F22-1CD9-5FC7-BB9E-3A854E35348C,SYN-MZ-00133,TRIAL_ENTRY,6.8999999999999995,20.533333333333335,8.910000000000002,observation_synthetic 3.csv,4610;4611;4612;4646;4647;4648;4667;4668;4669,trial_germplasm_bridge_synthetic.csv,1538;1550;1557,9.923333333333334,89.78837756130335,False
BB0DDB23-0F68-5B2F-B562-923882636910,SYN-TR-0065,895C37E3-3402-5903-BB78-18E139F002E0,SYN-MZ-CHK01,CHECK,4.166666666666667,20.8,10.053333333333335,observation_synthetic 3.csv,4625;4626;4627;4634;4635;4636;4676;4677;4678,trial_germplasm_bridge_synthetic.csv,1543;1546;1560,9.923333333333334,101.31004366812228,False
BB0DDB23-0F68-5B2F-B562-923882636910,SYN-TR-0065,A94988AC-50A4-515D-98DA-190B0706A5F6,SYN-MZ-00131,TRIAL_ENTRY,6.8,23.53333333333333,10.516666666666666,observation_synthetic 3.csv,4631;4632;4633;4640;4641;4642;4673;4674;4675,trial_germplasm_bridge_synthetic.csv,1545;1548;1559,9.923333333333334,105.97917366476317,False
BB0DDB23-0F68-5B2F-B562-923882636910,SYN-TR-0065,C9E8677D-E4B2-5B43-9A17-030646404FA5,SYN-MZ-00130,TRIAL_ENTRY,4.466666666666667,21.53333333333333,9.906666666666666,observation_synthetic 3.csv,4628;4629;4630;4643;4644;4645;4661;4662;4663,trial_germplasm_bridge_synthetic.csv,1544;1549;1555,9.923333333333334,99.83204568357407,False
BB0DDB23-0F68-5B2F-B562-923882636910,SYN-TR-0065,EA9989C2-8AE1-5B6E-ABAA-9267432935A7,SYN-MZ-00132,TRIAL_ENTRY,5.133333333333333,21.46666666666667,9.703333333333333,observation_synthetic 3.csv,4619;4620;4621;4637;4638;4639;4670;4671;4672,trial_germplasm_bridge_synthetic.csv,1541;1547;1558,9.923333333333334,97.78300302317768,False
BB843C13-A3A5-5D87-A9E2-CE44C72A33A1,SYN-TR-0006,03B42C84-51CA-5773-8E4C-295473835D66,SYN-MZ-CHK02,CHECK,4.0,21.96666666666667,9.913333333333334,observation_synthetic 3.csv,368;369;370;401;402;403;416;417;418,trial_germplasm_bridge_synthetic.csv,124;135;140,10.111666666666668,98.0385693093786,False
BB843C13-A3A5-5D87-A9E2-CE44C72A33A1,SYN-TR-0006,080F0B64-D97A-588D-B40C-A051B359AE52,SYN-MZ-00012,TRIAL_ENTRY,5.066666666666666,20.900000000000002,11.016666666666666,observation_synthetic 3.csv,380;381;382;404;405;406;428;429;430,trial_germplasm_bridge_synthetic.csv,128;136;144,10.111666666666668,108.95005768913794,False
BB843C13-A3A5-5D87-A9E2-CE44C72A33A1,SYN-TR-0006,0ABDF50B-E599-5A0E-AAD7-B3801C204FEF,SYN-MZ-00013,TRIAL_ENTRY,4.233333333333333,19.333333333333332,10.716666666666667,observation_synthetic 3.csv,362;363;364;395;396;397;422;423;424,trial_germplasm_bridge_synthetic.csv,122;133;142,10.111666666666668,105.98318773693752,False
BB843C13-A3A5-5D87-A9E2-CE44C72A33A1,SYN-TR-0006,8689D2D4-7776-5FC8-813D-D63017F0337E,SYN-MZ-00011,TRIAL_ENTRY,2.9,20.833333333333332,10.776666666666666,observation_synthetic 3.csv,374;375;376;389;390;391;431;432;433,trial_germplasm_bridge_synthetic.csv,126;131;145,10.111666666666668,106.57656172737758,False
BB843C13-A3A5-5D87-A9E2-CE44C72A33A1,SYN-TR-0006,895C37E3-3402-5903-BB78-18E139F002E0,SYN-MZ-CHK01,CHECK,4.833333333333333,21.333333333333332,10.31,observation_synthetic 3.csv,383;384;385;407;408;409;419;420;421,trial_germplasm_bridge_synthetic.csv,129;137;141,10.111666666666668,101.96143069062138,False
BB843C13-A3A5-5D87-A9E2-CE44C72A33A1,SYN-TR-0006,99EE49D0-F7F6-53CE-8FC9-ACF251077CD3,SYN-MZ-00014,TRIAL_ENTRY,2.4,21.2,9.459999999999999,observation_synthetic 3.csv,371;372;373;398;399;400;410;411;412,trial_germplasm_bridge_synthetic.csv,125;134;138,10.111666666666668,93.55529915938682,False
BB843C13-A3A5-5D87-A9E2-CE44C72A33A1,SYN-TR-0006,B9868147-0FE8-5766-9C66-DD78C3C1EBB4,SYN-MZ-00015,TRIAL_ENTRY,4.433333333333333,22.233333333333334,11.856666666666667,observation_synthetic 3.csv,365;366;367;386;387;388;425;426;427,trial_germplasm_bridge_synthetic.csv,123;130;143,10.111666666666668,117.25729355529916,False
BB843C13-A3A5-5D87-A9E2-CE44C72A33A1,SYN-TR-0006,EE1AC5CF-17E4-5D7C-BA29-EA983FBBF170,SYN-MZ-00016,TRIAL_ENTRY,2.766666666666667,19.53333333333333,8.69,observation_synthetic 3.csv,377;378;379;392;393;394;413;414;415,trial_germplasm_bridge_synthetic.csv,127;132;139,10.111666666666668,85.94033294873907,False
CA4C1E7C-8AC0-5BB6-B4EC-074C521DED3C,SYN-TR-0042,03B42C84-51CA-5773-8E4C-295473835D66,SYN-MZ-CHK02,CHECK,3.9,20.7,10.47,observation_synthetic 3.csv,2960;2961;2962;2990;2991;2992;3011;3012;3013,trial_germplasm_bridge_synthetic.csv,988;998;1005,10.215,102.49632892804699,False
CA4C1E7C-8AC0-5BB6-B4EC-074C521DED3C,SYN-TR-0042,1776443C-40AD-5505-8CE0-36F14142D18C,SYN-MZ-00083,TRIAL_ENTRY,5.3999999999999995,19.833333333333332,9.74,observation_synthetic 3.csv,2969;2970;2971;2999;3000;3001;3002;3003;3004,trial_germplasm_bridge_synthetic.csv,991;1001;1002,10.215,95.34997552618698,False
CA4C1E7C-8AC0-5BB6-B4EC-074C521DED3C,SYN-TR-0042,1DF480F4-4F01-5A4A-A0FE-B2851472B411,SYN-MZ-00085,TRIAL_ENTRY,3.0,22.53333333333333,10.616666666666667,observation_synthetic 3.csv,2957;2958;2959;2978;2979;2980;3005;3006;3007,trial_germplasm_bridge_synthetic.csv,987;994;1003,10.215,103.93212595855769,False
CA4C1E7C-8AC0-5BB6-B4EC-074C521DED3C,SYN-TR-0042,2866BB0A-D294-5C24-99D2-7179D7D8364C,SYN-MZ-00087,TRIAL_ENTRY,2.5666666666666664,23.433333333333334,10.88,observation_synthetic 3.csv,2975;2976;2977;2981;2982;2983;3017;3018;3019,trial_germplasm_bridge_synthetic.csv,993;995;1007,10.215,106.51003426333823,False
CA4C1E7C-8AC0-5BB6-B4EC-074C521DED3C,SYN-TR-0042,70C5D805-8AAC-56F1-99F0-208C9D1DBBB6,SYN-MZ-00088,TRIAL_ENTRY,3.6,16.933333333333334,11.166666666666666,observation_synthetic 3.csv,2954;2955;2956;2996;2997;2998;3008;3009;3010,trial_germplasm_bridge_synthetic.csv,986;1000;1004,10.215,109.31636482297274,False
CA4C1E7C-8AC0-5BB6-B4EC-074C521DED3C,SYN-TR-0042,7E96F35C-0C2F-54B8-98B1-52354D151D67,SYN-MZ-00086,TRIAL_ENTRY,3.0666666666666664,21.5,8.643333333333333,observation_synthetic 3.csv,2966;2967;2968;2984;2985;2986;3020;3021;3022,trial_germplasm_bridge_synthetic.csv,990;996;1008,10.215,84.61412954805024,False
CA4C1E7C-8AC0-5BB6-B4EC-074C521DED3C,SYN-TR-0042,8940668C-190D-5BCB-95FD-A9FCAD3A0A50,SYN-MZ-00084,TRIAL_ENTRY,5.166666666666667,20.2,10.443333333333333,observation_synthetic 3.csv,2963;2964;2965;2993;2994;2995;3023;3024;3025,trial_germplasm_bridge_synthetic.csv,989;999;1009,10.215,102.23527492249958,False
CA4C1E7C-8AC0-5BB6-B4EC-074C521DED3C,SYN-TR-0042,895C37E3-3402-5903-BB78-18E139F002E0,SYN-MZ-CHK01,CHECK,4.566666666666666,20.766666666666666,9.96,observation_synthetic 3.csv,2972;2973;2974;2987;2988;2989;3014;3015;3016,trial_germplasm_bridge_synthetic.csv,992;997;1006,10.215,97.50367107195302,False
D0F8D9AB-B7B3-5466-8BE4-9EB5C2571ADA,SYN-TR-0021,03B42C84-51CA-5773-8E4C-295473835D66,SYN-MZ-CHK02,CHECK,4.333333333333333,22.099999999999998,10.416666666666666,observation_synthetic 3.csv,1451;1452;1453;1469;1470;1471;1496;1497;1498,trial_germplasm_bridge_synthetic.csv,485;491;500,10.061666666666667,103.52824250455522,False
D0F8D9AB-B7B3-5466-8BE4-9EB5C2571ADA,SYN-TR-0021,0AF976E8-609F-54B4-93A9-F5FFB2C89CC2,SYN-MZ-00042,TRIAL_ENTRY,6.333333333333333,20.366666666666667,9.563333333333333,observation_synthetic 3.csv,1445;1446;1447;1475;1476;1477;1505;1506;1507,trial_germplasm_bridge_synthetic.csv,483;493;503,10.061666666666667,95.04720887858207,False
D0F8D9AB-B7B3-5466-8BE4-9EB5C2571ADA,SYN-TR-0021,420901AD-1690-56B1-A54B-E45F7104461D,SYN-MZ-00041,TRIAL_ENTRY,5.966666666666666,19.7,8.22,observation_synthetic 3.csv,1460;1461;1462;1466;1467;1468;1499;1500;1501,trial_germplasm_bridge_synthetic.csv,488;490;501,10.061666666666667,81.69620672519464,False
D0F8D9AB-B7B3-5466-8BE4-9EB5C2571ADA,SYN-TR-0021,55B1F533-E637-592C-BE49-07B3119C93B6,SYN-MZ-00045,TRIAL_ENTRY,4.066666666666666,17.033333333333335,9.923333333333334,observation_synthetic 3.csv,1457;1458;1459;1472;1473;1474;1502;1503;1504,trial_germplasm_bridge_synthetic.csv,487;492;502,10.061666666666667,98.6251449395395,False
D0F8D9AB-B7B3-5466-8BE4-9EB5C2571ADA,SYN-TR-0021,7663F6FC-3144-5397-8DC5-49CF05A78783,SYN-MZ-00044,TRIAL_ENTRY,1.9000000000000001,21.633333333333336,10.533333333333333,observation_synthetic 3.csv,1448;1449;1450;1478;1479;1480;1511;1512;1513,trial_germplasm_bridge_synthetic.csv,484;494;505,10.061666666666667,104.68775882060625,False
D0F8D9AB-B7B3-5466-8BE4-9EB5C2571ADA,SYN-TR-0021,80674DED-4AF0-56B4-A82F-676B047FD1F9,SYN-MZ-00043,TRIAL_ENTRY,3.1,23.400000000000002,9.973333333333334,observation_synthetic 3.csv,1463;1464;1465;1484;1485;1486;1508;1509;1510,trial_germplasm_bridge_synthetic.csv,489;496;504,10.061666666666667,99.12208050356138,False
D0F8D9AB-B7B3-5466-8BE4-9EB5C2571ADA,SYN-TR-0021,895C37E3-3402-5903-BB78-18E139F002E0,SYN-MZ-CHK01,CHECK,4.533333333333333,21.400000000000002,9.706666666666667,observation_synthetic 3.csv,1454;1455;1456;1481;1482;1483;1493;1494;1495,trial_germplasm_bridge_synthetic.csv,486;495;499,10.061666666666667,96.47175749544476,False
D0F8D9AB-B7B3-5466-8BE4-9EB5C2571ADA,SYN-TR-0021,A8A251E0-1271-51D8-829F-8F673FA25406,SYN-MZ-00046,TRIAL_ENTRY,2.6,23.0,10.163333333333334,observation_synthetic 3.csv,1442;1443;1444;1487;1488;1489;1490;1491;1492,trial_germplasm_bridge_synthetic.csv,482;497;498,10.061666666666667,101.01043564684446,False
D8DA9362-270D-5419-84BE-053B1FA79E43,SYN-TR-0031,03B42C84-51CA-5773-8E4C-295473835D66,SYN-MZ-CHK02,CHECK,4.133333333333333,23.53333333333333,10.36,observation_synthetic 3.csv,2171;2172;2173;2192;2193;2194;2210;2211;2212,trial_germplasm_bridge_synthetic.csv,725;732;738,9.945,104.17295123177476,False
D8DA9362-270D-5419-84BE-053B1FA79E43,SYN-TR-0031,07784854-7BC7-5ECA-BDD4-CACF4FB75117,SYN-MZ-00066,TRIAL_ENTRY,3.8000000000000003,21.400000000000002,11.556666666666667,observation_synthetic 3.csv,2177;2178;2179;2207;2208;2209;2225;2226;2227,trial_germplasm_bridge_synthetic.csv,727;737;743,9.945,116.20579855873974,False
D8DA9362-270D-5419-84BE-053B1FA79E43,SYN-TR-0031,15913DBE-7013-549B-946D-3D6DA7AE3777,SYN-MZ-00062,TRIAL_ENTRY,2.1999999999999997,22.96666666666667,10.326666666666666,observation_synthetic 3.csv,2162;2163;2164;2186;2187;2188;2228;2229;2230,trial_germplasm_bridge_synthetic.csv,722;730;744,9.945,103.8377744260097,False
D8DA9362-270D-5419-84BE-053B1FA79E43,SYN-TR-0031,16FFFD30-47D9-5AA6-A381-643CA1A3FEF3,SYN-MZ-00061,TRIAL_ENTRY,3.233333333333333,25.733333333333334,8.993333333333334,observation_synthetic 3.csv,2168;2169;2170;2195;2196;2197;2222;2223;2224,trial_germplasm_bridge_synthetic.csv,724;733;742,9.945,90.43070219540807,False
D8DA9362-270D-5419-84BE-053B1FA79E43,SYN-TR-0031,5EC7789B-6A39-584A-B525-208F59B83E86,SYN-MZ-00063,TRIAL_ENTRY,2.8666666666666667,23.0,8.03,observation_synthetic 3.csv,2183;2184;2185;2189;2190;2191;2231;2232;2233,trial_germplasm_bridge_synthetic.csv,729;731;745,9.945,80.74409250879837,False
D8DA9362-270D-5419-84BE-053B1FA79E43,SYN-TR-0031,895C37E3-3402-5903-BB78-18E139F002E0,SYN-MZ-CHK01,CHECK,4.033333333333333,23.133333333333336,9.53,observation_synthetic 3.csv,2174;2175;2176;2201;2202;2203;2216;2217;2218,trial_germplasm_bridge_synthetic.csv,726;735;740,9.945,95.82704876822523,False
D8DA9362-270D-5419-84BE-053B1FA79E43,SYN-TR-0031,AF23A561-1794-5CA1-B10C-3628EECCF466,SYN-MZ-00065,TRIAL_ENTRY,5.833333333333333,20.900000000000002,9.753333333333332,observation_synthetic 3.csv,2165;2166;2167;2198;2199;2200;2219;2220;2221,trial_germplasm_bridge_synthetic.csv,723;734;741,9.945,98.072733366851,False
D8DA9362-270D-5419-84BE-053B1FA79E43,SYN-TR-0031,ECEDBC9C-312B-51DC-942B-9D9E32887D58,SYN-MZ-00064,TRIAL_ENTRY,6.166666666666667,24.2,9.713333333333333,observation_synthetic 3.csv,2180;2181;2182;2204;2205;2206;2213;2214;2215,trial_germplasm_bridge_synthetic.csv,728;736;739,9.945,97.67052119993295,False
DB6011EF-CAA6-5E9B-864F-FCF5DCEF053C,SYN-TR-0037,03B42C84-51CA-5773-8E4C-295473835D66,SYN-MZ-CHK02,CHECK,3.9333333333333336,21.733333333333334,10.016666666666666,observation_synthetic 3.csv,2606;2607;2608;2630;2631;2632;2651;2652;2653,trial_germplasm_bridge_synthetic.csv,870;878;885,9.933333333333334,100.83892617449662,False
DB6011EF-CAA6-5E9B-864F-FCF5DCEF053C,SYN-TR-0037,3B5928D4-F434-5749-A27B-AB4C1BAB75E5,SYN-MZ-00075,TRIAL_ENTRY,3.5,21.633333333333336,9.273333333333333,observation_synthetic 3.csv,2609;2610;2611;2633;2634;2635;2657;2658;2659,trial_germplasm_bridge_synthetic.csv,871;879;887,9.933333333333334,93.35570469798658,False
DB6011EF-CAA6-5E9B-864F-FCF5DCEF053C,SYN-TR-0037,762C94BB-F99F-58F7-AA2E-115A876D1499,SYN-MZ-00077,TRIAL_ENTRY,3.8666666666666667,23.633333333333336,10.82,observation_synthetic 3.csv,2594;2595;2596;2627;2628;2629;2654;2655;2656,trial_germplasm_bridge_synthetic.csv,866;877;886,9.933333333333334,108.9261744966443,False
DB6011EF-CAA6-5E9B-864F-FCF5DCEF053C,SYN-TR-0037,82E89912-889D-5A64-81E0-285A66F4F551,SYN-MZ-00073,TRIAL_ENTRY,2.8333333333333335,20.866666666666667,11.700000000000001,observation_synthetic 3.csv,2600;2601;2602;2621;2622;2623;2642;2643;2644,trial_germplasm_bridge_synthetic.csv,868;875;882,9.933333333333334,117.78523489932886,False
DB6011EF-CAA6-5E9B-864F-FCF5DCEF053C,SYN-TR-0037,895C37E3-3402-5903-BB78-18E139F002E0,SYN-MZ-CHK01,CHECK,4.066666666666666,21.433333333333334,9.85,observation_synthetic 3.csv,2603;2604;2605;2618;2619;2620;2660;2661;2662,trial_germplasm_bridge_synthetic.csv,869;874;888,9.933333333333334,99.16107382550335,False
DB6011EF-CAA6-5E9B-864F-FCF5DCEF053C,SYN-TR-0037,937A167C-CBC9-54DF-9EB1-DFD136CAD1D1,SYN-MZ-00076,TRIAL_ENTRY,2.3333333333333335,22.633333333333336,10.713333333333333,observation_synthetic 3.csv,2597;2598;2599;2639;2640;2641;2645;2646;2647,trial_germplasm_bridge_synthetic.csv,867;881;883,9.933333333333334,107.85234899328859,False
DB6011EF-CAA6-5E9B-864F-FCF5DCEF053C,SYN-TR-0037,B518C2FF-B887-551B-A7F9-1C0EE751CFCF,SYN-MZ-00074,TRIAL_ENTRY,3.233333333333333,23.3,11.030000000000001,observation_synthetic 3.csv,2615;2616;2617;2636;2637;2638;2648;2649;2650,trial_germplasm_bridge_synthetic.csv,873;880;884,9.933333333333334,111.04026845637584,False
DB6011EF-CAA6-5E9B-864F-FCF5DCEF053C,SYN-TR-0037,E222D60A-6B36-51B3-8397-D5CF6C5572CF,SYN-MZ-00078,TRIAL_ENTRY,2.6999999999999997,18.733333333333334,10.47,observation_synthetic 3.csv,2612;2613;2614;2624;2625;2626;2663;2664;2665,trial_germplasm_bridge_synthetic.csv,872;876;889,9.933333333333334,105.40268456375838,False
E7DEBD6E-063D-5505-AA00-CA61424AA537,SYN-TR-0061,03B42C84-51CA-5773-8E4C-295473835D66,SYN-MZ-CHK02,CHECK,4.766666666666667,21.733333333333334,9.493333333333334,observation_synthetic 3.csv,4328;4329;4330;4358;4359;4360;4370;4371;4372,trial_germplasm_bridge_synthetic.csv,1444;1454;1458,9.681666666666667,98.05474264072991,False
E7DEBD6E-063D-5505-AA00-CA61424AA537,SYN-TR-0061,4E026AB5-7BF0-56A0-9A72-D0B70F1FA056,SYN-MZ-00121,TRIAL_ENTRY,4.0,21.5,8.506666666666666,observation_synthetic 3.csv,4337;4338;4339;4361;4362;4363;4379;4380;4381,trial_germplasm_bridge_synthetic.csv,1447;1455;1461,9.681666666666667,87.86365983818213,False
E7DEBD6E-063D-5505-AA00-CA61424AA537,SYN-TR-0061,73D01A3C-D183-58B5-B11D-D2CD40EA1852,SYN-MZ-00126,TRIAL_ENTRY,6.466666666666666,26.633333333333336,9.846666666666666,observation_synthetic 3.csv,4325;4326;4327;4367;4368;4369;4373;4374;4375,trial_germplasm_bridge_synthetic.csv,1443;1457;1459,9.681666666666667,101.70425202272335,False
E7DEBD6E-063D-5505-AA00-CA61424AA537,SYN-TR-0061,895C37E3-3402-5903-BB78-18E139F002E0,SYN-MZ-CHK01,CHECK,4.766666666666667,21.166666666666668,9.87,observation_synthetic 3.csv,4334;4335;4336;4346;4347;4348;4382;4383;4384,trial_germplasm_bridge_synthetic.csv,1446;1450;1462,9.681666666666667,101.94525735927009,False
E7DEBD6E-063D-5505-AA00-CA61424AA537,SYN-TR-0061,B0670171-6745-5AD1-B294-0798F9335903,SYN-MZ-00124,TRIAL_ENTRY,5.8,19.133333333333333,10.323333333333332,observation_synthetic 3.csv,4343;4344;4345;4349;4350;4351;4376;4377;4378,trial_germplasm_bridge_synthetic.csv,1449;1451;1460,9.681666666666667,106.62764675503529,False
E7DEBD6E-063D-5505-AA00-CA61424AA537,SYN-TR-0061,B1D28754-3CDD-55F8-B8B1-CC2BD54CBC86,SYN-MZ-00125,TRIAL_ENTRY,4.066666666666666,21.633333333333336,10.41,observation_synthetic 3.csv,4331;4332;4333;4355;4356;4357;4385;4386;4387,trial_germplasm_bridge_synthetic.csv,1445;1453;1463,9.681666666666667,107.52280943363746,False
E7DEBD6E-063D-5505-AA00-CA61424AA537,SYN-TR-0061,B4D65658-99B8-5007-8181-CB57FABF1A6A,SYN-MZ-00122,TRIAL_ENTRY,4.3,19.333333333333332,10.436666666666667,observation_synthetic 3.csv,4340;4341;4342;4364;4365;4366;4388;4389;4390,trial_germplasm_bridge_synthetic.csv,1448;1456;1464,9.681666666666667,107.7982441039766,False
E7DEBD6E-063D-5505-AA00-CA61424AA537,SYN-TR-0061,EF6A4ED1-3F26-5D92-87D7-851E6A84CE9E,SYN-MZ-00123,TRIAL_ENTRY,7.2,22.0,9.513333333333334,observation_synthetic 3.csv,4322;4323;4324;4352;4353;4354;4391;4392;4393,trial_germplasm_bridge_synthetic.csv,1442;1452;1465,9.681666666666667,98.26131864348426,False
F23CA8F9-DC2C-581B-9A0C-7B0097768C45,SYN-TR-0039,03B42C84-51CA-5773-8E4C-295473835D66,SYN-MZ-CHK02,CHECK,4.333333333333333,22.166666666666668,9.916666666666666,observation_synthetic 3.csv,2747;2748;2749;2774;2775;2776;2795;2796;2797,trial_germplasm_bridge_synthetic.csv,917;926;933,9.788333333333334,101.31108462455303,False
F23CA8F9-DC2C-581B-9A0C-7B0097768C45,SYN-TR-0039,53D0944B-7E8C-523D-AD45-43CF3C0E1ECC,SYN-MZ-00082,TRIAL_ENTRY,3.9000000000000004,21.599999999999998,8.853333333333333,observation_synthetic 3.csv,2759;2760;2761;2762;2763;2764;2798;2799;2800,trial_germplasm_bridge_synthetic.csv,921;922;934,9.788333333333334,90.44781202111356,False
F23CA8F9-DC2C-581B-9A0C-7B0097768C45,SYN-TR-0039,647685C4-BD16-5B05-BF48-224E90967B1C,SYN-MZ-00079,TRIAL_ENTRY,6.366666666666667,16.900000000000002,9.556666666666667,observation_synthetic 3.csv,2744;2745;2746;2765;2766;2767;2801;2802;2803,trial_germplasm_bridge_synthetic.csv,916;923;935,9.788333333333334,97.63323684658606,False
F23CA8F9-DC2C-581B-9A0C-7B0097768C45,SYN-TR-0039,762C94BB-F99F-58F7-AA2E-115A876D1499,SYN-MZ-00077,TRIAL_ENTRY,3.633333333333333,23.3,11.846666666666666,observation_synthetic 3.csv,2750;2751;2752;2777;2778;2779;2792;2793;2794,trial_germplasm_bridge_synthetic.csv,918;927;932,9.788333333333334,121.02843521198703,False
F23CA8F9-DC2C-581B-9A0C-7B0097768C45,SYN-TR-0039,895C37E3-3402-5903-BB78-18E139F002E0,SYN-MZ-CHK01,CHECK,4.166666666666667,21.433333333333337,9.66,observation_synthetic 3.csv,2741;2742;2743;2771;2772;2773;2786;2787;2788,trial_germplasm_bridge_synthetic.csv,915;925;930,9.788333333333334,98.68891537544695,False
F23CA8F9-DC2C-581B-9A0C-7B0097768C45,SYN-TR-0039,AC374E79-DCC5-5449-BA1A-E2E8A323C8B3,SYN-MZ-00080,TRIAL_ENTRY,4.133333333333334,21.066666666666666,9.736666666666666,observation_synthetic 3.csv,2753;2754;2755;2768;2769;2770;2804;2805;2806,trial_germplasm_bridge_synthetic.csv,919;924;936,9.788333333333334,99.47216073556955,False
F23CA8F9-DC2C-581B-9A0C-7B0097768C45,SYN-TR-0039,B13508E2-8CB0-595E-803A-083438893C79,SYN-MZ-00081,TRIAL_ENTRY,6.8999999999999995,20.666666666666668,10.34,observation_synthetic 3.csv,2738;2739;2740;2780;2781;2782;2789;2790;2791,trial_germplasm_bridge_synthetic.csv,914;928;931,9.788333333333334,105.63596117827345,False
F23CA8F9-DC2C-581B-9A0C-7B0097768C45,SYN-TR-0039,E222D60A-6B36-51B3-8397-D5CF6C5572CF,SYN-MZ-00078,TRIAL_ENTRY,2.2666666666666666,19.666666666666668,10.683333333333332,observation_synthetic 3.csv,2756;2757;2758;2783;2784;2785;2807;2808;2809,trial_germplasm_bridge_synthetic.csv,920;929;937,9.788333333333334,109.14353822577897,False
F372C1B2-63F3-55E8-ADAF-42AD531CC580,SYN-TR-0045,03B42C84-51CA-5773-8E4C-295473835D66,SYN-MZ-CHK02,CHECK,3.8666666666666667,22.333333333333332,9.806666666666667,observation_synthetic 3.csv,3170;3171;3172;3203;3204;3205;3227;3228;3229,trial_germplasm_bridge_synthetic.csv,1058;1069;1077,9.83,99.76263140047473,False
F372C1B2-63F3-55E8-ADAF-42AD531CC580,SYN-TR-0045,0FC9E8DF-2F7A-5B37-96BC-8768551066DE,SYN-MZ-00091,TRIAL_ENTRY,6.133333333333333,22.600000000000005,9.566666666666666,observation_synthetic 3.csv,3191;3192;3193;3194;3195;3196;3218;3219;3220,trial_germplasm_bridge_synthetic.csv,1065;1066;1074,9.83,97.32112580535774,False
F372C1B2-63F3-55E8-ADAF-42AD531CC580,SYN-TR-0045,2C6AA0B0-74B8-5881-AF7F-A0E4DC68084E,SYN-MZ-00093,TRIAL_ENTRY,3.8666666666666667,21.03333333333333,7.82,observation_synthetic 3.csv,3173;3174;3175;3212;3213;3214;3236;3237;3238,trial_germplasm_bridge_synthetic.csv,1059;1072;1080,9.83,79.55239064089521,False
F372C1B2-63F3-55E8-ADAF-42AD531CC580,SYN-TR-0045,30A919A5-B07D-5B43-8FFC-C5BB2E05CDD2,SYN-MZ-00090,TRIAL_ENTRY,6.633333333333333,22.8,10.780000000000001,observation_synthetic 3.csv,3185;3186;3187;3197;3198;3199;3230;3231;3232,trial_germplasm_bridge_synthetic.csv,1063;1067;1078,9.83,109.66429298067142,False
F372C1B2-63F3-55E8-ADAF-42AD531CC580,SYN-TR-0045,33C68A96-F0D2-56B2-8383-F0E7C98CEDFB,SYN-MZ-00089,TRIAL_ENTRY,7.3,18.3,9.263333333333334,observation_synthetic 3.csv,3176;3177;3178;3206;3207;3208;3221;3222;3223,trial_germplasm_bridge_synthetic.csv,1060;1070;1075,9.83,94.23533401152933,False
F372C1B2-63F3-55E8-ADAF-42AD531CC580,SYN-TR-0045,379AF3A2-F022-5112-8FBC-475F91FA6D97,SYN-MZ-00094,TRIAL_ENTRY,3.4333333333333336,20.266666666666666,9.573333333333332,observation_synthetic 3.csv,3182;3183;3184;3215;3216;3217;3224;3225;3226,trial_germplasm_bridge_synthetic.csv,1062;1073;1076,9.83,97.3889454052221,False
F372C1B2-63F3-55E8-ADAF-42AD531CC580,SYN-TR-0045,895C37E3-3402-5903-BB78-18E139F002E0,SYN-MZ-CHK01,CHECK,4.666666666666667,21.400000000000002,9.853333333333333,observation_synthetic 3.csv,3179;3180;3181;3200;3201;3202;3239;3240;3241,trial_germplasm_bridge_synthetic.csv,1061;1068;1081,9.83,100.23736859952527,False
F372C1B2-63F3-55E8-ADAF-42AD531CC580,SYN-TR-0045,940880BA-AB7B-5C5E-BE24-71B87B5D25BE,SYN-MZ-00092,TRIAL_ENTRY,6.0,22.733333333333334,8.816666666666666,observation_synthetic 3.csv,3188;3189;3190;3209;3210;3211;3233;3234;3235,trial_germplasm_bridge_synthetic.csv,1064;1071;1079,9.83,89.69142082061715,False
F3B27D6C-CD29-576D-8339-5C8C32E5E4AF,SYN-TR-0046,03B42C84-51CA-5773-8E4C-295473835D66,SYN-MZ-CHK02,CHECK,3.6333333333333333,22.2,10.493333333333332,observation_synthetic 3.csv,3257;3258;3259;3272;3273;3274;3299;3300;3301,trial_germplasm_bridge_synthetic.csv,1087;1092;1101,10.39,100.9945460378569,False
F3B27D6C-CD29-576D-8339-5C8C32E5E4AF,SYN-TR-0046,0FC9E8DF-2F7A-5B37-96BC-8768551066DE,SYN-MZ-00091,TRIAL_ENTRY,6.333333333333333,22.0,11.136666666666665,observation_synthetic 3.csv,3245;3246;3247;3278;3279;3280;3302;3303;3304,trial_germplasm_bridge_synthetic.csv,1083;1094;1102,10.39,107.18639717677252,False
F3B27D6C-CD29-576D-8339-5C8C32E5E4AF,SYN-TR-0046,2C6AA0B0-74B8-5881-AF7F-A0E4DC68084E,SYN-MZ-00093,TRIAL_ENTRY,4.2,20.5,9.07,observation_synthetic 3.csv,3260;3261;3262;3266;3267;3268;3305;3306;3307,trial_germplasm_bridge_synthetic.csv,1088;1090;1103,10.39,87.29547641963426,False
F3B27D6C-CD29-576D-8339-5C8C32E5E4AF,SYN-TR-0046,379AF3A2-F022-5112-8FBC-475F91FA6D97,SYN-MZ-00094,TRIAL_ENTRY,3.1999999999999997,20.633333333333333,10.143333333333333,observation_synthetic 3.csv,3254;3255;3256;3284;3285;3286;3290;3291;3292,trial_germplasm_bridge_synthetic.csv,1086;1096;1098,10.39,97.62592236124478,False
F3B27D6C-CD29-576D-8339-5C8C32E5E4AF,SYN-TR-0046,4265656C-7A38-5B04-870F-0382345E46B7,SYN-MZ-00095,TRIAL_ENTRY,2.533333333333333,21.46666666666667,11.173333333333332,observation_synthetic 3.csv,3242;3243;3244;3287;3288;3289;3308;3309;3310,trial_germplasm_bridge_synthetic.csv,1082;1097;1104,10.39,107.53930060956046,False
F3B27D6C-CD29-576D-8339-5C8C32E5E4AF,SYN-TR-0046,7B87D561-B90D-5BFD-97D7-06E49347CFC4,SYN-MZ-00096,TRIAL_ENTRY,2.1,19.266666666666666,10.540000000000001,observation_synthetic 3.csv,3248;3249;3250;3269;3270;3271;3311;3312;3313,trial_germplasm_bridge_synthetic.csv,1084;1091;1105,10.39,101.44369586140519,False
F3B27D6C-CD29-576D-8339-5C8C32E5E4AF,SYN-TR-0046,895C37E3-3402-5903-BB78-18E139F002E0,SYN-MZ-CHK01,CHECK,4.533333333333333,21.566666666666666,10.286666666666667,observation_synthetic 3.csv,3263;3264;3265;3281;3282;3283;3296;3297;3298,trial_germplasm_bridge_synthetic.csv,1089;1095;1100,10.39,99.0054539621431,False
F3B27D6C-CD29-576D-8339-5C8C32E5E4AF,SYN-TR-0046,940880BA-AB7B-5C5E-BE24-71B87B5D25BE,SYN-MZ-00092,TRIAL_ENTRY,5.033333333333333,21.766666666666666,8.996666666666668,observation_synthetic 3.csv,3251;3252;3253;3275;3276;3277;3293;3294;3295,trial_germplasm_bridge_synthetic.csv,1085;1093;1099,10.39,86.58966955405839,False
F3F213F6-5151-5B5D-B412-EBD56D227E9D,SYN-TR-0059,03B42C84-51CA-5773-8E4C-295473835D66,SYN-MZ-CHK02,CHECK,4.2,21.0,10.25,observation_synthetic 3.csv,4181;4182;4183;4220;4221;4222;4232;4233;4234,trial_germplasm_bridge_synthetic.csv,1395;1408;1412,10.011666666666667,102.38055601797902,False
F3F213F6-5151-5B5D-B412-EBD56D227E9D,SYN-TR-0059,4E026AB5-7BF0-56A0-9A72-D0B70F1FA056,SYN-MZ-00121,TRIAL_ENTRY,2.566666666666667,21.400000000000002,9.040000000000001,observation_synthetic 3.csv,4184;4185;4186;4214;4215;4216;4241;4242;4243,trial_germplasm_bridge_synthetic.csv,1396;1406;1415,10.011666666666667,90.29465623439322,False
F3F213F6-5151-5B5D-B412-EBD56D227E9D,SYN-TR-0059,6EA50459-A971-5271-BBBC-46B5E2E45F2F,SYN-MZ-00120,TRIAL_ENTRY,4.666666666666667,20.333333333333332,10.75,observation_synthetic 3.csv,4193;4194;4195;4205;4206;4207;4235;4236;4237,trial_germplasm_bridge_synthetic.csv,1399;1403;1413,10.011666666666667,107.37472948227068,False
F3F213F6-5151-5B5D-B412-EBD56D227E9D,SYN-TR-0059,895C37E3-3402-5903-BB78-18E139F002E0,SYN-MZ-CHK01,CHECK,4.366666666666667,20.5,9.773333333333333,observation_synthetic 3.csv,4187;4188;4189;4211;4212;4213;4229;4230;4231,trial_germplasm_bridge_synthetic.csv,1397;1405;1411,10.011666666666667,97.61944398202098,False
F3F213F6-5151-5B5D-B412-EBD56D227E9D,SYN-TR-0059,B4D65658-99B8-5007-8181-CB57FABF1A6A,SYN-MZ-00122,TRIAL_ENTRY,2.733333333333333,19.033333333333335,10.726666666666667,observation_synthetic 3.csv,4199;4200;4201;4217;4218;4219;4247;4248;4249,trial_germplasm_bridge_synthetic.csv,1401;1407;1417,10.011666666666667,107.14166805393708,False
F3F213F6-5151-5B5D-B412-EBD56D227E9D,SYN-TR-0059,CABD4F18-9788-5897-9751-A7B474D482E3,SYN-MZ-00119,TRIAL_ENTRY,3.533333333333333,22.8,11.343333333333334,observation_synthetic 3.csv,4190;4191;4192;4202;4203;4204;4226;4227;4228,trial_germplasm_bridge_synthetic.csv,1398;1402;1410,10.011666666666667,113.3011486598968,False
F3F213F6-5151-5B5D-B412-EBD56D227E9D,SYN-TR-0059,D24220FC-041B-5AE7-8248-88C18C7CFFA0,SYN-MZ-00117,TRIAL_ENTRY,4.1000000000000005,20.166666666666668,11.423333333333334,observation_synthetic 3.csv,4196;4197;4198;4208;4209;4210;4244;4245;4246,trial_germplasm_bridge_synthetic.csv,1400;1404;1416,10.011666666666667,114.10021641418346,False
F3F213F6-5151-5B5D-B412-EBD56D227E9D,SYN-TR-0059,F288242F-5737-58C8-88E2-064D25869916,SYN-MZ-00118,TRIAL_ENTRY,2.566666666666667,23.73333333333333,11.486666666666666,observation_synthetic 3.csv,4178;4179;4180;4223;4224;4225;4238;4239;4240,trial_germplasm_bridge_synthetic.csv,1394;1409;1414,10.011666666666667,114.7328117196604,False
F6FB6E68-EB33-56F8-98D7-101E9EFD2B2C,SYN-TR-0023,03B42C84-51CA-5773-8E4C-295473835D66,SYN-MZ-CHK02,CHECK,3.8000000000000003,20.733333333333334,9.923333333333334,observation_synthetic 3.csv,1595;1596;1597;1619;1620;1621;1634;1635;1636,trial_germplasm_bridge_synthetic.csv,533;541;546,9.753333333333334,101.742993848257,False
F6FB6E68-EB33-56F8-98D7-101E9EFD2B2C,SYN-TR-0023,06BC0CE1-AE47-507E-B88E-0EB0637E5F30,SYN-MZ-00049,TRIAL_ENTRY,2.433333333333333,24.266666666666666,11.713333333333333,observation_synthetic 3.csv,1589;1590;1591;1610;1611;1612;1649;1650;1651,trial_germplasm_bridge_synthetic.csv,531;538;551,9.753333333333334,120.0956937799043,False
F6FB6E68-EB33-56F8-98D7-101E9EFD2B2C,SYN-TR-0023,4FEFE8DE-C128-57D8-B2A9-D05EA011ABBB,SYN-MZ-00047,TRIAL_ENTRY,3.233333333333333,20.033333333333335,11.366666666666667,observation_synthetic 3.csv,1604;1605;1606;1616;1617;1618;1640;1641;1642,trial_germplasm_bridge_synthetic.csv,536;540;548,9.753333333333334,116.54135338345864,False
F6FB6E68-EB33-56F8-98D7-101E9EFD2B2C,SYN-TR-0023,55B1F533-E637-592C-BE49-07B3119C93B6,SYN-MZ-00045,TRIAL_ENTRY,3.6333333333333333,16.3,10.040000000000001,observation_synthetic 3.csv,1607;1608;1609;1622;1623;1624;1655;1656;1657,trial_germplasm_bridge_synthetic.csv,537;542;553,9.753333333333334,102.93916609706083,False
F6FB6E68-EB33-56F8-98D7-101E9EFD2B2C,SYN-TR-0023,895C37E3-3402-5903-BB78-18E139F002E0,SYN-MZ-CHK01,CHECK,4.133333333333333,20.833333333333332,9.583333333333334,observation_synthetic 3.csv,1592;1593;1594;1628;1629;1630;1646;1647;1648,trial_germplasm_bridge_synthetic.csv,532;544;550,9.753333333333334,98.257006151743,False
F6FB6E68-EB33-56F8-98D7-101E9EFD2B2C,SYN-TR-0023,A8A251E0-1271-51D8-829F-8F673FA25406,SYN-MZ-00046,TRIAL_ENTRY,2.6333333333333333,22.96666666666667,9.616666666666665,observation_synthetic 3.csv,1586;1587;1588;1625;1626;1627;1652;1653;1654,trial_germplasm_bridge_synthetic.csv,530;543;552,9.753333333333334,98.59876965140121,False
F6FB6E68-EB33-56F8-98D7-101E9EFD2B2C,SYN-TR-0023,B69CE732-6878-52F2-B41E-F0F303A6AA18,SYN-MZ-00050,TRIAL_ENTRY,3.1999999999999997,22.53333333333333,9.86,observation_synthetic 3.csv,1601;1602;1603;1631;1632;1633;1637;1638;1639,trial_germplasm_bridge_synthetic.csv,535;545;547,9.753333333333334,101.09364319890635,False
F6FB6E68-EB33-56F8-98D7-101E9EFD2B2C,SYN-TR-0023,E79AFB8F-D81A-5126-9812-31F64FF56B0A,SYN-MZ-00048,TRIAL_ENTRY,4.6000000000000005,23.933333333333334,11.12,observation_synthetic 3.csv,1598;1599;1600;1613;1614;1615;1643;1644;1645,trial_germplasm_bridge_synthetic.csv,534;539;549,9.753333333333334,114.01230348598769,False
FB34A938-23E3-5BB9-AB25-949BFBD06F9A,SYN-TR-0028,03B42C84-51CA-5773-8E4C-295473835D66,SYN-MZ-CHK02,CHECK,4.5,21.8,10.483333333333334,observation_synthetic 3.csv,1967;1968;1969;1970;1971;1972;2000;2001;2002,trial_germplasm_bridge_synthetic.csv,657;658;668,10.513333333333335,99.714648065948,False
FB34A938-23E3-5BB9-AB25-949BFBD06F9A,SYN-TR-0028,335D7797-1267-5040-9BF3-15F2B103E058,SYN-MZ-00056,TRIAL_ENTRY,6.3999999999999995,18.933333333333334,11.57,observation_synthetic 3.csv,1961;1962;1963;1985;1986;1987;1997;1998;1999,trial_germplasm_bridge_synthetic.csv,655;663;667,10.513333333333335,110.05072923272033,False
FB34A938-23E3-5BB9-AB25-949BFBD06F9A,SYN-TR-0028,5D11E6ED-86BC-5114-830E-943F22D3FAC8,SYN-MZ-00059,TRIAL_ENTRY,2.5,20.2,11.6,observation_synthetic 3.csv,1955;1956;1957;1988;1989;1990;2012;2013;2014,trial_germplasm_bridge_synthetic.csv,653;664;672,10.513333333333335,110.33608116677233,False
FB34A938-23E3-5BB9-AB25-949BFBD06F9A,SYN-TR-0028,895C37E3-3402-5903-BB78-18E139F002E0,SYN-MZ-CHK01,CHECK,4.3999999999999995,21.03333333333333,10.543333333333335,observation_synthetic 3.csv,1949;1950;1951;1976;1977;1978;2015;2016;2017,trial_germplasm_bridge_synthetic.csv,651;660;673,10.513333333333335,100.28535193405199,False
FB34A938-23E3-5BB9-AB25-949BFBD06F9A,SYN-TR-0028,AA1B3880-0BFC-59AA-9F23-5D92CD2AB166,SYN-MZ-00055,TRIAL_ENTRY,4.333333333333333,21.066666666666666,11.916666666666666,observation_synthetic 3.csv,1952;1953;1954;1982;1983;1984;2003;2004;2005,trial_germplasm_bridge_synthetic.csv,652;662;669,10.513333333333335,113.3481293595434,False
FB34A938-23E3-5BB9-AB25-949BFBD06F9A,SYN-TR-0028,CB3BA2FD-86CC-5ED9-964B-70C0E700498A,SYN-MZ-00058,TRIAL_ENTRY,6.2,20.366666666666664,11.89,observation_synthetic 3.csv,1958;1959;1960;1973;1974;1975;2006;2007;2008,trial_germplasm_bridge_synthetic.csv,654;659;670,10.513333333333335,113.09448319594163,False
FB34A938-23E3-5BB9-AB25-949BFBD06F9A,SYN-TR-0028,DD61D49A-852D-59C9-A7F8-0A85B6E85478,SYN-MZ-00057,TRIAL_ENTRY,3.5333333333333337,25.566666666666666,10.15,observation_synthetic 3.csv,1946;1947;1948;1979;1980;1981;1994;1995;1996,trial_germplasm_bridge_synthetic.csv,650;661;666,10.513333333333335,96.54407102092578,False
FB34A938-23E3-5BB9-AB25-949BFBD06F9A,SYN-TR-0028,DD68F5D5-574A-5056-8841-6CB4192055E7,SYN-MZ-00060,TRIAL_ENTRY,6.166666666666667,21.333333333333332,10.12,observation_synthetic 3.csv,1964;1965;1966;1991;1992;1993;2009;2010;2011,trial_germplasm_bridge_synthetic.csv,656;665;671,10.513333333333335,96.25871908687378,False
FCA70E85-07AE-52C0-BA71-1A0749F495E8,SYN-TR-0049,03B42C84-51CA-5773-8E4C-295473835D66,SYN-MZ-CHK02,CHECK,5.133333333333334,21.5,10.049999999999999,observation_synthetic 3.csv,3470;3471;3472;3488;3489;3490;3506;3507;3508,trial_germplasm_bridge_synthetic.csv,1158;1164;1170,9.796666666666667,102.58591357604627,False
FCA70E85-07AE-52C0-BA71-1A0749F495E8,SYN-TR-0049,304B66ED-814D-55CC-98B7-61DD44128E03,SYN-MZ-00100,TRIAL_ENTRY,4.0,21.766666666666666,8.57,observation_synthetic 3.csv,3458;3459;3460;3482;3483;3484;3527;3528;3529,trial_germplasm_bridge_synthetic.csv,1154;1162;1177,9.796666666666667,87.47873426335488,False
FCA70E85-07AE-52C0-BA71-1A0749F495E8,SYN-TR-0049,3AD75EC5-AEFA-5A56-9854-25EA1D3F7092,SYN-MZ-00102,TRIAL_ENTRY,4.3999999999999995,21.0,8.85,observation_synthetic 3.csv,3461;3462;3463;3491;3492;3493;3509;3510;3511,trial_germplasm_bridge_synthetic.csv,1155;1165;1171,9.796666666666667,90.33684926845866,False
FCA70E85-07AE-52C0-BA71-1A0749F495E8,SYN-TR-0049,80342D18-DE48-5965-9D36-F804CFB33A6A,SYN-MZ-00097,TRIAL_ENTRY,4.066666666666667,18.766666666666666,9.046666666666667,observation_synthetic 3.csv,3476;3477;3478;3503;3504;3505;3515;3516;3517,trial_germplasm_bridge_synthetic.csv,1160;1169;1173,9.796666666666667,92.34433480775775,False
FCA70E85-07AE-52C0-BA71-1A0749F495E8,SYN-TR-0049,895C37E3-3402-5903-BB78-18E139F002E0,SYN-MZ-CHK01,CHECK,4.966666666666667,20.866666666666667,9.543333333333333,observation_synthetic 3.csv,3464;3465;3466;3485;3486;3487;3521;3522;3523,trial_germplasm_bridge_synthetic.csv,1156;1163;1175,9.796666666666667,97.41408642395372,False
FCA70E85-07AE-52C0-BA71-1A0749F495E8,SYN-TR-0049,DA447553-1807-5120-B084-80712E4595A5,SYN-MZ-00101,TRIAL_ENTRY,4.2,24.866666666666664,8.476666666666667,observation_synthetic 3.csv,3473;3474;3475;3500;3501;3502;3518;3519;3520,trial_germplasm_bridge_synthetic.csv,1159;1168;1174,9.796666666666667,86.52602926165362,False
FCA70E85-07AE-52C0-BA71-1A0749F495E8,SYN-TR-0049,E4649EAD-58A5-57C7-8B46-6215401FFEE3,SYN-MZ-00098,TRIAL_ENTRY,4.233333333333333,18.833333333333332,10.82,observation_synthetic 3.csv,3467;3468;3469;3497;3498;3499;3512;3513;3514,trial_germplasm_bridge_synthetic.csv,1157;1167;1172,9.796666666666667,110.44572984008165,False
FCA70E85-07AE-52C0-BA71-1A0749F495E8,SYN-TR-0049,EB3CC5B4-5306-5D95-8FC0-A6D315636DAC,SYN-MZ-00099,TRIAL_ENTRY,5.666666666666667,20.966666666666665,9.623333333333333,observation_synthetic 3.csv,3479;3480;3481;3494;3495;3496;3524;3525;3526,trial_germplasm_bridge_synthetic.csv,1161;1166;1176,9.796666666666667,98.23069071112623,False
FCBA3437-8D73-53D9-A8FC-1E1D562FC980,SYN-TR-0044,03B42C84-51CA-5773-8E4C-295473835D66,SYN-MZ-CHK02,CHECK,3.8333333333333335,21.8,10.63,observation_synthetic 3.csv,3101;3102;3103;3140;3141;3142;3161;3162;3163,trial_germplasm_bridge_synthetic.csv,1035;1048;1055,10.305,103.15380883066473,True
FCBA3437-8D73-53D9-A8FC-1E1D562FC980,SYN-TR-0044,0FC9E8DF-2F7A-5B37-96BC-8768551066DE,SYN-MZ-00091,TRIAL_ENTRY,6.433333333333334,22.46666666666667,11.21,observation_synthetic 3.csv,3107;3108;3109;3125;3126;3127;3167;3168;3169,trial_germplasm_bridge_synthetic.csv,1037;1043;1057,10.305,108.78214459000486,True
FCBA3437-8D73-53D9-A8FC-1E1D562FC980,SYN-TR-0044,2866BB0A-D294-5C24-99D2-7179D7D8364C,SYN-MZ-00087,TRIAL_ENTRY,2.9333333333333336,23.8,11.866666666666667,observation_synthetic 3.csv,3113;3114;3115;3131;3132;3133;3146;3147;3148,trial_germplasm_bridge_synthetic.csv,1039;1045;1050,10.305,115.15445576580949,True
FCBA3437-8D73-53D9-A8FC-1E1D562FC980,SYN-TR-0044,30A919A5-B07D-5B43-8FFC-C5BB2E05CDD2,SYN-MZ-00090,TRIAL_ENTRY,6.866666666666667,24.566666666666666,11.946666666666667,observation_synthetic 3.csv,3116;3117;3118;3137;3138;3139;3158;3159;3160,trial_germplasm_bridge_synthetic.csv,1040;1047;1054,10.305,115.93077793951157,True
FCBA3437-8D73-53D9-A8FC-1E1D562FC980,SYN-TR-0044,33C68A96-F0D2-56B2-8383-F0E7C98CEDFB,SYN-MZ-00089,TRIAL_ENTRY,7.666666666666667,17.733333333333334,9.12,observation_synthetic 3.csv,3110;3111;3112;3134;3135;3136;3155;3156;3157,trial_germplasm_bridge_synthetic.csv,1038;1046;1053,10.305,88.50072780203784,True
FCBA3437-8D73-53D9-A8FC-1E1D562FC980,SYN-TR-0044,70C5D805-8AAC-56F1-99F0-208C9D1DBBB6,SYN-MZ-00088,TRIAL_ENTRY,3.7999999999999994,17.066666666666666,11.83,observation_synthetic 3.csv,3104;3105;3106;3128;3129;3130;3152;3153;3154,trial_germplasm_bridge_synthetic.csv,1036;1044;1052,10.305,114.79864143619602,True
FCBA3437-8D73-53D9-A8FC-1E1D562FC980,SYN-TR-0044,895C37E3-3402-5903-BB78-18E139F002E0,SYN-MZ-CHK01,CHECK,4.166666666666667,20.833333333333332,9.979999999999999,observation_synthetic 3.csv,3098;3099;3100;3143;3144;3145;3149;3150;3151,trial_germplasm_bridge_synthetic.csv,1034;1049;1051,10.305,96.84619116933527,True
FCBA3437-8D73-53D9-A8FC-1E1D562FC980,SYN-TR-0044,940880BA-AB7B-5C5E-BE24-71B87B5D25BE,SYN-MZ-00092,TRIAL_ENTRY,5.8,21.866666666666664,8.763333333333334,observation_synthetic 3.csv,3119;3120;3121;3122;3123;3124;3164;3165;3166,trial_germplasm_bridge_synthetic.csv,1041;1042;1056,10.305,85.03962477761605,True
FD21B12D-5684-545A-B050-8151F2A17BAC,SYN-TR-0062,03B42C84-51CA-5773-8E4C-295473835D66,SYN-MZ-CHK02,CHECK,4.266666666666667,21.46666666666667,12.283333333333333,observation_synthetic 3.csv,4397;4398;4399;4436;4437;4438;4460;4461;4462,trial_germplasm_bridge_synthetic.csv,1467;1480;1488,12.156666666666666,101.04195228955305,False
FD21B12D-5684-545A-B050-8151F2A17BAC,SYN-TR-0062,73D01A3C-D183-58B5-B11D-D2CD40EA1852,SYN-MZ-00126,TRIAL_ENTRY,4.866666666666667,26.266666666666666,11.633333333333333,observation_synthetic 3.csv,4409;4410;4411;4430;4431;4432;4448;4449;4450,trial_germplasm_bridge_synthetic.csv,1471;1478;1484,12.156666666666666,95.69509185632026,False
FD21B12D-5684-545A-B050-8151F2A17BAC,SYN-TR-0062,8040C400-F38F-5834-98D2-13FDFCC541BF,SYN-MZ-00128,TRIAL_ENTRY,7.066666666666666,22.366666666666664,11.266666666666666,observation_synthetic 3.csv,4400;4401;4402;4424;4425;4426;4445;4446;4447,trial_germplasm_bridge_synthetic.csv,1468;1476;1483,12.156666666666666,92.6789141760351,False
FD21B12D-5684-545A-B050-8151F2A17BAC,SYN-TR-0062,895C37E3-3402-5903-BB78-18E139F002E0,SYN-MZ-CHK01,CHECK,4.5,20.53333333333333,12.030000000000001,observation_synthetic 3.csv,4412;4413;4414;4427;4428;4429;4454;4455;4456,trial_germplasm_bridge_synthetic.csv,1472;1477;1486,12.156666666666666,98.95804771044695,False
FD21B12D-5684-545A-B050-8151F2A17BAC,SYN-TR-0062,A8461C6C-7A4F-54DE-9B92-9F215036C45E,SYN-MZ-00127,TRIAL_ENTRY,2.4,23.933333333333334,11.406666666666666,observation_synthetic 3.csv,4394;4395;4396;4439;4440;4441;4451;4452;4453,trial_germplasm_bridge_synthetic.csv,1466;1481;1485,12.156666666666666,93.83054565396215,False
FD21B12D-5684-545A-B050-8151F2A17BAC,SYN-TR-0062,B0670171-6745-5AD1-B294-0798F9335903,SYN-MZ-00124,TRIAL_ENTRY,3.766666666666667,18.900000000000002,12.476666666666667,observation_synthetic 3.csv,4415;4416;4417;4418;4419;4420;4442;4443;4444,trial_germplasm_bridge_synthetic.csv,1473;1474;1482,12.156666666666666,102.63230052097616,False
FD21B12D-5684-545A-B050-8151F2A17BAC,SYN-TR-0062,B1D28754-3CDD-55F8-B8B1-CC2BD54CBC86,SYN-MZ-00125,TRIAL_ENTRY,2.766666666666667,22.7,12.513333333333334,observation_synthetic 3.csv,4403;4404;4405;4421;4422;4423;4463;4464;4465,trial_germplasm_bridge_synthetic.csv,1469;1475;1489,12.156666666666666,102.93391828900465,False
FD21B12D-5684-545A-B050-8151F2A17BAC,SYN-TR-0062,EF6A4ED1-3F26-5D92-87D7-851E6A84CE9E,SYN-MZ-00123,TRIAL_ENTRY,6.7,21.400000000000002,11.583333333333334,observation_synthetic 3.csv,4406;4407;4408;4433;4434;4435;4457;4458;4459,trial_germplasm_bridge_synthetic.csv,1470;1479;1487,12.156666666666666,95.28379489991775,False
FE367796-DD08-5462-AFE7-BF606B74EF88,SYN-TR-0010,03B42C84-51CA-5773-8E4C-295473835D66,SYN-MZ-CHK02,CHECK,4.2,22.3,10.656666666666666,observation_synthetic 3.csv,650;651;652;692;693;694;707;708;709,trial_germplasm_bridge_synthetic.csv,218;232;237,10.481666666666666,101.66958180950866,False
FE367796-DD08-5462-AFE7-BF606B74EF88,SYN-TR-0010,1A9526DC-BD8E-563C-9E4A-9481E88601A5,SYN-MZ-00021,TRIAL_ENTRY,6.066666666666666,20.033333333333335,9.65,observation_synthetic 3.csv,659;660;661;683;684;685;710;711;712,trial_germplasm_bridge_synthetic.csv,221;229;238,10.481666666666666,92.06551121004931,False
FE367796-DD08-5462-AFE7-BF606B74EF88,SYN-TR-0010,4A5DFB3F-03B5-5B3F-9852-099CA5A15225,SYN-MZ-00020,TRIAL_ENTRY,6.133333333333333,20.03333333333333,9.016666666666667,observation_synthetic 3.csv,668;669;670;680;681;682;701;702;703,trial_germplasm_bridge_synthetic.csv,224;228;235,10.481666666666666,86.02321513754175,False
FE367796-DD08-5462-AFE7-BF606B74EF88,SYN-TR-0010,6E503269-36A0-59E5-B29F-D2C65C57CAD6,SYN-MZ-00022,TRIAL_ENTRY,6.566666666666666,20.166666666666668,10.796666666666667,observation_synthetic 3.csv,656;657;658;695;696;697;713;714;715,trial_germplasm_bridge_synthetic.csv,220;233;239,10.481666666666666,103.00524725711561,False
FE367796-DD08-5462-AFE7-BF606B74EF88,SYN-TR-0010,895C37E3-3402-5903-BB78-18E139F002E0,SYN-MZ-CHK01,CHECK,4.466666666666667,21.7,10.306666666666667,observation_synthetic 3.csv,671;672;673;677;678;679;704;705;706,trial_germplasm_bridge_synthetic.csv,225;227;236,10.481666666666666,98.33041819049136,False
FE367796-DD08-5462-AFE7-BF606B74EF88,SYN-TR-0010,A8B6980C-FFB9-5F9B-92BA-AF12781ABDDE,SYN-MZ-00019,TRIAL_ENTRY,4.3,20.866666666666664,9.453333333333333,observation_synthetic 3.csv,662;663;664;674;675;676;719;720;721,trial_germplasm_bridge_synthetic.csv,222;226;241,10.481666666666666,90.18921927174432,False
FE367796-DD08-5462-AFE7-BF606B74EF88,SYN-TR-0010,D41ABD3A-44E1-5B49-8488-2C6805F30B64,SYN-MZ-00023,TRIAL_ENTRY,2.9,18.966666666666665,10.26,observation_synthetic 3.csv,665;666;667;689;690;691;698;699;700,trial_germplasm_bridge_synthetic.csv,223;231;234,10.481666666666666,97.88519637462237,False
FE367796-DD08-5462-AFE7-BF606B74EF88,SYN-TR-0010,E568186B-E969-5A74-8996-D72CACB495FD,SYN-MZ-00024,TRIAL_ENTRY,1.9000000000000001,20.433333333333334,11.176666666666668,observation_synthetic 3.csv,653;654;655;686;687;688;716;717;718,trial_germplasm_bridge_synthetic.csv,219;230;240,10.481666666666666,106.63062490062015,False
FEB5A940-C848-5319-AF27-D1F8459905A8,SYN-TR-0054,03B42C84-51CA-5773-8E4C-295473835D66,SYN-MZ-CHK02,CHECK,3.6,21.633333333333336,10.49,observation_synthetic 3.csv,3833;3834;3835;3857;3858;3859;3866;3867;3868,trial_germplasm_bridge_synthetic.csv,1279;1287;1290,10.245000000000001,102.39141044411907,False
FEB5A940-C848-5319-AF27-D1F8459905A8,SYN-TR-0054,0A8854E8-E6EA-5138-8958-FCD031174CF5,SYN-MZ-00110,TRIAL_ENTRY,3.9666666666666663,21.3,11.053333333333333,observation_synthetic 3.csv,3839;3840;3841;3863;3864;3865;3881;3882;3883,trial_germplasm_bridge_synthetic.csv,1281;1289;1295,10.245000000000001,107.89002765576703,False
FEB5A940-C848-5319-AF27-D1F8459905A8,SYN-TR-0054,4496507C-64F4-593E-B7C9-34EC243D266E,SYN-MZ-00109,TRIAL_ENTRY,2.9333333333333336,24.03333333333333,9.596666666666666,observation_synthetic 3.csv,3818;3819;3820;3848;3849;3850;3878;3879;3880,trial_germplasm_bridge_synthetic.csv,1274;1284;1294,10.245000000000001,93.67170977712703,False
FEB5A940-C848-5319-AF27-D1F8459905A8,SYN-TR-0054,6CAF66B9-5911-548A-9CD3-402E210E39DF,SYN-MZ-00107,TRIAL_ENTRY,3.5,20.066666666666666,9.700000000000001,observation_synthetic 3.csv,3830;3831;3832;3854;3855;3856;3875;3876;3877,trial_germplasm_bridge_synthetic.csv,1278;1286;1293,10.245000000000001,94.6803318692045,False
FEB5A940-C848-5319-AF27-D1F8459905A8,SYN-TR-0054,7BFD7ED8-D740-54E9-9E9D-89E766C468ED,SYN-MZ-00108,TRIAL_ENTRY,2.3333333333333335,21.96666666666667,9.42,observation_synthetic 3.csv,3836;3837;3838;3842;3843;3844;3884;3885;3886,trial_germplasm_bridge_synthetic.csv,1280;1282;1296,10.245000000000001,91.94729136163981,False
FEB5A940-C848-5319-AF27-D1F8459905A8,SYN-TR-0054,895C37E3-3402-5903-BB78-18E139F002E0,SYN-MZ-CHK01,CHECK,4.633333333333334,21.599999999999998,10.0,observation_synthetic 3.csv,3824;3825;3826;3851;3852;3853;3887;3888;3889,trial_germplasm_bridge_synthetic.csv,1276;1285;1297,10.245000000000001,97.60858955588091,False
FEB5A940-C848-5319-AF27-D1F8459905A8,SYN-TR-0054,99337C26-0663-56BF-961D-4B45304F60CB,SYN-MZ-00112,TRIAL_ENTRY,2.466666666666667,19.866666666666667,8.733333333333333,observation_synthetic 3.csv,3827;3828;3829;3845;3846;3847;3872;3873;3874,trial_germplasm_bridge_synthetic.csv,1277;1283;1292,10.245000000000001,85.24483487880265,False
FEB5A940-C848-5319-AF27-D1F8459905A8,SYN-TR-0054,E7D39DA7-7E5D-57F9-9DDB-1CF3E505EFB5,SYN-MZ-00111,TRIAL_ENTRY,3.4,23.166666666666668,10.096666666666666,observation_synthetic 3.csv,3821;3822;3823;3860;3861;3862;3869;3870;3871,trial_germplasm_bridge_synthetic.csv,1275;1288;1291,10.245000000000001,98.55213925492109,False
